ticket_id,symbol,entry_time,exit_time,direction,entry_price,exit_price,stop_loss,take_profit,position_size,risk_pts,reward_pts,rr_realized,realized_pnl,is_win,exit_reason,holding_bars,mae_pts,mfe_pts,session_window,htf_bias,sweep_side,sweep_penetration_pips,displacement_ratio,fvg_size_atr,dealing_range_coordinate,planned_rr,atr_14,laya_authorized,laya_regime,laya_grade,laya_probability
4447,XAUUSD,2020-08-31 14:07:00+00:00,2020-08-31 14:08:00+00:00,SHORT,1974.66,1974.58,1975.19,1974.58,0.15,0.2,0.41,0.4,1.23,1,TP_HIT,1,0.0,4.97,NY_AM,BEARISH,BUY_SIDE,0.1,4.11,0.84,0.998,2.0,1.29,1,TRENDING_ORDERFLOW,3,0.972
7276,XAUUSD,2020-09-02 13:16:00+00:00,2020-09-02 13:18:00+00:00,SHORT,1969.38,1965.0,1973.94,1961.22,0.11,4.24,8.48,1.03,48.12,1,WATERMARK_LOCK,2,0.0,5.38,NY_AM,BEARISH,BUY_SIDE,0.1,6.4,6.05,0.577,2.0,0.88,1,TRENDING_ORDERFLOW,2,0.941
37240,XAUUSD,2020-09-23 08:40:00+00:00,2020-09-23 08:45:00+00:00,LONG,1886.26,1889.0,1882.55,1892.72,0.11,3.39,6.78,0.81,30.08,1,WATERMARK_LOCK,5,0.0,3.51,LONDON_OPEN,BULLISH,SELL_SIDE,0.9,3.22,4.05,0.455,2.0,1.19,1,NORMAL_EXPANSION,2,0.9
96656,XAUUSD,2020-11-03 14:56:00+00:00,2020-11-03 14:58:00+00:00,SHORT,1913.82,1910.18,1916.14,1910.18,0.3,1.98,3.97,1.84,109.35,1,TP_HIT,2,0.0,6.06,NY_AM,BEARISH,BUY_SIDE,3.7,3.61,4.56,0.637,2.0,0.9,1,TRENDING_ORDERFLOW,3,0.921
102491,XAUUSD,2020-11-07 16:11:00+00:00,2020-11-07 16:12:00+00:00,SHORT,1962.34,1961.09,1963.46,1961.09,0.3,0.79,1.58,1.59,37.75,1,TP_HIT,1,0.0,5.75,NY_AM,BEARISH,BUY_SIDE,6.6,7.91,0.82,0.899,2.0,0.74,1,TRENDING_ORDERFLOW,3,0.953
109336,XAUUSD,2020-11-12 10:16:00+00:00,2020-11-12 10:17:00+00:00,SHORT,1884.68,1883.27,1885.87,1883.27,0.6,0.87,1.73,1.62,84.46,1,TP_HIT,1,0.0,2.67,LONDON_OPEN,BEARISH,BUY_SIDE,0.9,2.81,0.29,0.898,2.0,1.84,1,TRENDING_ORDERFLOW,3,0.937
109500,XAUUSD,2020-11-12 13:00:00+00:00,2020-11-12 13:05:00+00:00,SHORT,1886.3,1886.71,1886.71,1886.47,0.6,0.08,0.16,-5.12,-24.24,0,SL_HIT,5,0.49,0.0,NY_AM,BEARISH,BUY_SIDE,2.3,6.22,1.35,0.96,2.0,0.19,1,TRENDING_ORDERFLOW,3,0.974
116340,XAUUSD,2020-11-17 07:00:00+00:00,2020-11-17 07:01:00+00:00,LONG,1901.4,1901.35,1900.93,1901.35,0.6,0.14,0.28,-0.31,-2.63,0,TP_HIT,1,0.0,1.56,LONDON_OPEN,BULLISH,SELL_SIDE,11.7,5.58,4.09,0.046,2.0,0.34,1,TRENDING_ORDERFLOW,3,0.969
116723,XAUUSD,2020-11-17 13:23:00+00:00,2020-11-17 13:25:00+00:00,LONG,1900.94,1902.34,1896.92,1908.02,0.46,3.7,7.4,0.38,64.17,1,WATERMARK_LOCK,2,0.94,5.63,NY_AM,BULLISH,SELL_SIDE,1.1,3.02,0.53,0.415,2.0,1.61,1,TRENDING_ORDERFLOW,2,0.839
117828,XAUUSD,2020-11-18 07:48:00+00:00,2020-11-18 07:53:00+00:00,LONG,1890.4,1890.6,1888.55,1893.14,0.6,1.53,3.06,0.13,12.0,1,SL_HIT,5,0.21,2.05,LONDON_OPEN,BULLISH,SELL_SIDE,8.0,3.91,4.13,0.378,2.0,0.6,1,TRENDING_ORDERFLOW,3,0.901
117986,XAUUSD,2020-11-18 10:26:00+00:00,2020-11-18 10:29:00+00:00,LONG,1893.12,1896.99,1887.87,1902.66,0.46,4.93,9.86,0.78,177.79,1,WATERMARK_LOCK,3,0.0,6.44,LONDON_OPEN,BULLISH,SELL_SIDE,4.9,6.63,1.7,0.439,2.0,0.92,1,TRENDING_ORDERFLOW,2,0.89
118153,XAUUSD,2020-11-18 13:13:00+00:00,2020-11-18 13:14:00+00:00,SHORT,1888.62,1882.53,1892.16,1882.53,0.46,3.21,6.42,1.9,280.21,1,TP_HIT,1,0.0,6.68,NY_AM,BEARISH,BUY_SIDE,18.5,6.25,1.27,0.698,2.0,1.12,1,NORMAL_EXPANSION,2,0.838
121057,XAUUSD,2020-11-20 13:37:00+00:00,2020-11-20 13:38:00+00:00,LONG,1878.56,1879.66,1877.53,1879.66,1.2,0.71,1.42,1.54,131.8,1,TP_HIT,1,0.0,1.25,NY_AM,BULLISH,SELL_SIDE,0.3,3.31,3.2,0.257,2.0,0.48,1,TRENDING_ORDERFLOW,3,0.952
126477,XAUUSD,2020-11-24 07:57:00+00:00,2020-11-24 08:00:00+00:00,SHORT,1838.22,1838.02,1840.48,1834.66,1.2,1.94,3.88,0.1,24.0,1,SL_HIT,3,1.35,3.2,LONDON_OPEN,BEARISH,BUY_SIDE,0.1,4.35,1.15,0.66,2.0,0.81,1,TRENDING_ORDERFLOW,3,0.921
126832,XAUUSD,2020-11-24 13:52:00+00:00,2020-11-24 13:54:00+00:00,LONG,1824.98,1825.59,1822.46,1829.04,1.2,2.19,4.39,0.28,73.8,1,WATERMARK_LOCK,2,0.0,3.65,NY_AM,BULLISH,SELL_SIDE,4.9,2.89,1.08,0.333,2.0,1.35,1,TRENDING_ORDERFLOW,3,0.862
127888,XAUUSD,2020-11-25 07:28:00+00:00,2020-11-25 07:29:00+00:00,LONG,1823.48,1822.21,1822.21,1825.03,0.92,0.94,1.88,-1.35,-116.55,0,SL_HIT,1,1.45,0.93,LONDON_OPEN,BULLISH,SELL_SIDE,2.6,2.31,3.13,0.406,2.0,0.55,1,TRENDING_ORDERFLOW,2,0.887
130879,XAUUSD,2020-11-27 09:19:00+00:00,2020-11-27 09:21:00+00:00,LONG,1826.48,1823.59,1823.59,1831.27,1.2,2.56,5.12,-1.13,-346.2,0,SL_HIT,2,3.45,0.68,LONDON_OPEN,BULLISH,SELL_SIDE,0.2,3.91,0.94,0.35,2.0,1.13,1,TRENDING_ORDERFLOW,3,0.905
132626,XAUUSD,2020-11-28 14:26:00+00:00,2020-11-28 14:28:00+00:00,LONG,1800.86,1801.06,1798.34,1804.95,0.4,2.2,4.41,0.09,8.0,1,SL_HIT,2,2.33,2.79,NY_AM,BULLISH,SELL_SIDE,0.2,2.29,0.4,0.391,2.0,1.36,1,TRENDING_ORDERFLOW,3,0.831
133683,XAUUSD,2020-11-29 08:03:00+00:00,2020-11-29 08:04:00+00:00,LONG,1799.28,1801.11,1797.87,1801.11,0.46,1.08,2.16,1.7,84.48,1,TP_HIT,1,0.34,2.21,LONDON_OPEN,BULLISH,SELL_SIDE,5.8,4.68,1.58,0.416,2.0,0.27,1,TRENDING_ORDERFLOW,2,0.882
136959,XAUUSD,2020-12-01 15:39:00+00:00,2020-12-01 15:40:00+00:00,SHORT,1832.48,1829.92,1834.24,1829.92,0.6,1.44,2.88,1.77,153.4,1,TP_HIT,1,0.0,4.08,NY_AM,BEARISH,BUY_SIDE,4.9,2.64,0.51,0.8,2.0,1.67,1,TRENDING_ORDERFLOW,3,0.892
141153,XAUUSD,2020-12-04 13:33:00+00:00,2020-12-04 13:34:00+00:00,SHORT,1850.7,1847.8,1852.65,1847.8,1.2,1.62,3.23,1.8,348.93,1,TP_HIT,1,0.0,5.07,NY_AM,BEARISH,BUY_SIDE,3.4,3.07,1.64,0.735,2.0,1.11,1,TRENDING_ORDERFLOW,3,0.913
141175,XAUUSD,2020-12-04 13:55:00+00:00,2020-12-04 13:56:00+00:00,LONG,1848.56,1849.01,1847.86,1849.01,1.2,0.38,0.77,1.15,53.24,1,TP_HIT,1,0.0,0.62,NY_AM,BULLISH,SELL_SIDE,10.8,4.56,4.87,0.275,2.0,0.16,1,TRENDING_ORDERFLOW,3,0.928
144036,XAUUSD,2020-12-06 13:36:00+00:00,2020-12-06 13:47:00+00:00,SHORT,1845.56,1844.22,1847.68,1842.31,0.8,1.79,3.58,0.75,107.6,1,WATERMARK_LOCK,11,0.0,2.51,NY_AM,BEARISH,BUY_SIDE,8.8,2.03,2.15,0.632,2.0,0.94,1,TRENDING_ORDERFLOW,3,0.823
145447,XAUUSD,2020-12-07 13:07:00+00:00,2020-12-07 13:10:00+00:00,SHORT,1840.02,1839.82,1842.89,1835.27,0.92,2.54,5.08,0.08,18.4,1,SL_HIT,3,0.21,1.03,NY_AM,BEARISH,BUY_SIDE,0.4,1.59,1.31,0.55,2.0,0.85,1,NORMAL_EXPANSION,2,0.808
148127,XAUUSD,2020-12-09 09:47:00+00:00,2020-12-09 09:48:00+00:00,LONG,1870.0,1870.69,1869.17,1870.69,1.2,0.51,1.01,1.36,82.7,1,TP_HIT,1,0.0,1.49,LONDON_OPEN,BULLISH,SELL_SIDE,7.3,2.83,1.5,0.11,2.0,0.65,1,TRENDING_ORDERFLOW,3,0.93
149513,XAUUSD,2020-12-10 08:53:00+00:00,2020-12-10 09:04:00+00:00,LONG,1852.46,1852.67,1850.48,1855.46,0.92,1.66,3.32,0.12,18.4,1,SL_HIT,11,1.23,2.04,LONDON_OPEN,BULLISH,SELL_SIDE,4.8,2.67,4.23,0.434,2.0,0.27,1,TRENDING_ORDERFLOW,2,0.871
151200,XAUUSD,2020-12-11 13:00:00+00:00,2020-12-11 13:02:00+00:00,LONG,1847.38,1849.0,1845.24,1850.71,1.2,1.82,3.65,0.89,193.8,1,WATERMARK_LOCK,2,0.0,2.62,NY_AM,BULLISH,SELL_SIDE,1.6,2.73,2.82,0.281,2.0,1.5,1,TRENDING_ORDERFLOW,3,0.933
151314,XAUUSD,2020-12-11 14:54:00+00:00,2020-12-11 14:57:00+00:00,LONG,1848.98,1850.01,1847.97,1850.01,1.72,0.68,1.36,1.52,177.16,1,TP_HIT,3,0.0,1.69,NY_AM,BULLISH,SELL_SIDE,1.9,1.89,1.67,0.418,2.0,0.45,1,TRENDING_ORDERFLOW,2,0.835
153856,XAUUSD,2020-12-13 09:16:00+00:00,2020-12-13 09:17:00+00:00,LONG,1849.4,1850.7,1848.27,1850.7,1.72,0.81,1.62,1.6,221.88,1,TP_HIT,1,0.0,2.38,LONDON_OPEN,BULLISH,SELL_SIDE,12.9,6.02,0.82,0.214,2.0,0.45,1,TRENDING_ORDERFLOW,2,0.9
154115,XAUUSD,2020-12-13 13:35:00+00:00,2020-12-13 13:42:00+00:00,LONG,1847.94,1849.22,1844.88,1853.11,1.72,2.74,5.49,0.46,219.3,1,WATERMARK_LOCK,7,0.0,3.02,NY_AM,BULLISH,SELL_SIDE,4.1,4.05,3.13,0.44,2.0,0.82,1,TRENDING_ORDERFLOW,2,0.905
156714,XAUUSD,2020-12-15 08:54:00+00:00,2020-12-15 08:55:00+00:00,LONG,1854.92,1857.95,1852.91,1857.95,2.25,1.68,3.36,1.81,683.29,1,TP_HIT,1,0.0,4.38,LONDON_OPEN,BULLISH,SELL_SIDE,0.3,3.52,1.8,0.252,2.0,0.67,1,TRENDING_ORDERFLOW,3,0.939
159556,XAUUSD,2020-12-17 08:16:00+00:00,2020-12-17 08:17:00+00:00,LONG,1879.76,1882.07,1878.12,1882.07,2.25,1.32,2.63,1.75,519.73,1,TP_HIT,1,0.0,2.88,LONDON_OPEN,BULLISH,SELL_SIDE,6.0,1.7,0.33,0.166,2.0,1.52,1,TRENDING_ORDERFLOW,3,0.871
162428,XAUUSD,2020-12-19 08:08:00+00:00,2020-12-19 08:10:00+00:00,LONG,1893.68,1895.93,1892.06,1895.93,2.25,1.29,2.58,1.75,508.4,1,TP_HIT,2,0.0,2.72,LONDON_OPEN,BULLISH,SELL_SIDE,4.0,2.98,1.32,0.263,2.0,0.95,1,TRENDING_ORDERFLOW,3,0.902
162781,XAUUSD,2020-12-19 14:01:00+00:00,2020-12-19 14:02:00+00:00,LONG,1893.08,1893.0,1890.96,1896.33,4.5,1.79,3.58,-0.04,-33.75,0,WATERMARK_LOCK,1,0.08,2.53,NY_AM,BULLISH,SELL_SIDE,7.9,6.28,3.75,0.375,2.0,0.46,1,TRENDING_ORDERFLOW,3,0.922
162904,XAUUSD,2020-12-19 16:04:00+00:00,2020-12-19 16:06:00+00:00,SHORT,1894.36,1894.16,1896.14,1891.76,3.0,1.46,2.92,0.14,60.0,1,SL_HIT,2,1.57,2.51,NY_AM,BEARISH,BUY_SIDE,5.5,1.95,1.07,0.702,2.0,1.19,1,TRENDING_ORDERFLOW,3,0.846
166659,XAUUSD,2020-12-22 10:30:00+00:00,2020-12-22 10:33:00+00:00,SHORT,1884.24,1884.04,1886.64,1880.42,4.5,2.07,4.15,0.1,90.0,1,SL_HIT,3,1.59,1.45,LONDON_OPEN,BEARISH,BUY_SIDE,1.9,2.14,3.14,0.63,2.0,0.83,1,TRENDING_ORDERFLOW,3,0.9
166818,XAUUSD,2020-12-22 13:09:00+00:00,2020-12-22 13:10:00+00:00,LONG,1888.4,1889.64,1887.3,1889.64,4.5,0.78,1.56,1.58,557.74,1,TP_HIT,1,0.0,1.42,NY_AM,BULLISH,SELL_SIDE,1.5,1.62,0.53,0.262,2.0,1.08,1,TRENDING_ORDERFLOW,3,0.866
177031,XAUUSD,2020-12-29 16:22:00+00:00,2020-12-29 16:27:00+00:00,LONG,1916.21,1916.68,1913.78,1920.08,4.5,2.1,4.2,0.23,213.75,1,WATERMARK_LOCK,5,0.21,1.74,NY_AM,BULLISH,SELL_SIDE,1.2,4.61,2.96,0.391,2.0,0.68,1,TRENDING_ORDERFLOW,3,0.939
182347,XAUUSD,2021-01-02 08:58:00+00:00,2021-01-02 08:59:00+00:00,SHORT,1946.3,1942.31,1950.11,1939.67,3.45,3.48,6.96,1.15,1378.28,1,WATERMARK_LOCK,1,0.0,5.6,LONDON_OPEN,BEARISH,BUY_SIDE,0.1,6.83,1.44,0.596,2.0,0.73,1,TRENDING_ORDERFLOW,2,0.92
182590,XAUUSD,2021-01-02 13:01:00+00:00,2021-01-02 13:02:00+00:00,SHORT,1962.02,1953.63,1966.71,1953.63,3.45,4.36,8.72,1.93,2896.74,1,TP_HIT,1,0.0,18.02,NY_AM,BEARISH,BUY_SIDE,22.4,3.81,0.46,0.832,2.0,4.74,1,NORMAL_EXPANSION,2,0.805
184086,XAUUSD,2021-01-03 13:57:00+00:00,2021-01-03 13:58:00+00:00,LONG,1955.8,1958.55,1953.94,1958.55,7.5,1.54,3.07,1.79,2062.12,1,TP_HIT,1,0.0,3.09,NY_AM,BULLISH,SELL_SIDE,0.7,4.19,0.85,0.151,2.0,1.71,1,TRENDING_ORDERFLOW,3,0.952
188040,XAUUSD,2021-01-06 07:51:00+00:00,2021-01-06 07:52:00+00:00,LONG,2001.76,2002.92,2000.7,2002.92,7.5,0.74,1.48,1.56,869.25,1,TP_HIT,1,0.0,8.74,LONDON_OPEN,BULLISH,SELL_SIDE,1.8,4.36,0.67,0.045,2.0,2.08,1,TRENDING_ORDERFLOW,3,0.965
189917,XAUUSD,2021-01-07 15:08:00+00:00,2021-01-07 15:09:00+00:00,SHORT,1973.12,1955.7,1982.31,1955.7,5.75,8.87,17.74,1.96,10011.69,1,TP_HIT,1,0.0,36.57,NY_AM,BEARISH,BUY_SIDE,18.3,6.18,0.95,0.825,2.0,4.92,1,NORMAL_EXPANSION,2,0.885
190995,XAUUSD,2021-01-08 09:06:00+00:00,2021-01-08 09:07:00+00:00,SHORT,1921.84,1920.47,1923.02,1920.47,12.0,0.85,1.7,1.62,1652.83,1,TP_HIT,1,0.0,7.32,LONDON_OPEN,BEARISH,BUY_SIDE,4.9,3.17,0.76,0.94,2.0,2.41,1,TRENDING_ORDERFLOW,3,0.943
191322,XAUUSD,2021-01-08 14:33:00+00:00,2021-01-08 14:34:00+00:00,SHORT,1921.66,1920.42,1922.77,1920.42,12.0,0.78,1.57,1.59,1490.66,1,TP_HIT,1,0.0,5.73,NY_AM,BEARISH,BUY_SIDE,2.8,5.35,0.18,0.904,2.0,1.09,1,TRENDING_ORDERFLOW,3,0.956
192386,XAUUSD,2021-01-09 08:17:00+00:00,2021-01-09 08:20:00+00:00,SHORT,1883.98,1883.78,1885.04,1882.85,9.2,0.73,1.46,0.27,184.0,1,SL_HIT,3,0.59,1.47,LONDON_OPEN,BEARISH,BUY_SIDE,0.1,2.84,2.58,0.527,2.0,0.27,1,NORMAL_EXPANSION,2,0.88
192484,XAUUSD,2021-01-09 09:55:00+00:00,2021-01-09 10:01:00+00:00,SHORT,1887.28,1885.36,1889.9,1883.04,12.0,2.29,4.57,0.84,2310.0,1,WATERMARK_LOCK,6,0.0,3.75,LONDON_OPEN,BEARISH,BUY_SIDE,0.1,2.89,1.44,0.686,2.0,0.98,1,TRENDING_ORDERFLOW,3,0.908
193758,XAUUSD,2021-01-10 07:09:00+00:00,2021-01-10 07:10:00+00:00,LONG,1874.72,1876.42,1873.39,1876.42,12.0,1.01,2.02,1.68,2036.74,1,TP_HIT,1,0.0,7.77,LONDON_OPEN,BULLISH,SELL_SIDE,5.8,6.44,0.62,0.12,2.0,0.67,1,TRENDING_ORDERFLOW,3,0.949
196763,XAUUSD,2021-01-12 09:14:00+00:00,2021-01-12 09:15:00+00:00,SHORT,1860.98,1859.87,1862.02,1859.87,12.0,0.72,1.43,1.55,1329.86,1,TP_HIT,1,0.0,9.26,LONDON_OPEN,BEARISH,BUY_SIDE,2.8,3.69,0.72,0.943,2.0,1.91,1,TRENDING_ORDERFLOW,3,0.955
197131,XAUUSD,2021-01-12 15:22:00+00:00,2021-01-12 15:23:00+00:00,LONG,1856.9,1857.44,1856.15,1857.44,12.0,0.43,0.86,1.25,644.74,1,TP_HIT,1,0.0,7.25,NY_AM,BULLISH,SELL_SIDE,10.0,2.97,0.34,0.013,2.0,2.27,1,TRENDING_ORDERFLOW,3,0.925
199714,XAUUSD,2021-01-14 10:25:00+00:00,2021-01-14 10:28:00+00:00,LONG,1864.1,1866.0,1862.39,1866.53,12.0,1.38,2.76,1.38,2286.0,1,WATERMARK_LOCK,3,0.0,2.39,LONDON_OPEN,BULLISH,SELL_SIDE,0.1,2.27,0.15,0.281,2.0,1.33,1,TRENDING_ORDERFLOW,3,0.874
204254,XAUUSD,2021-01-17 14:05:00+00:00,2021-01-17 14:08:00+00:00,SHORT,1847.52,1846.87,1848.34,1846.87,8.0,0.49,0.98,1.34,523.89,1,TP_HIT,3,0.0,1.42,NY_AM,BEARISH,BUY_SIDE,2.9,2.22,0.6,0.627,2.0,0.33,1,TRENDING_ORDERFLOW,3,0.822
205786,XAUUSD,2021-01-18 15:37:00+00:00,2021-01-18 15:38:00+00:00,SHORT,1852.08,1849.72,1853.74,1849.72,12.0,1.34,2.68,1.76,2821.03,1,TP_HIT,1,0.0,6.07,NY_AM,BEARISH,BUY_SIDE,7.9,5.9,0.31,0.865,2.0,1.25,1,TRENDING_ORDERFLOW,3,0.935
212500,XAUUSD,2021-01-23 07:31:00+00:00,2021-01-23 07:32:00+00:00,LONG,1864.0,1867.76,1861.64,1867.76,12.0,2.04,4.08,1.84,4504.03,1,TP_HIT,1,0.0,3.99,LONDON_OPEN,BULLISH,SELL_SIDE,0.4,3.83,0.43,0.302,2.0,1.13,1,TRENDING_ORDERFLOW,3,0.906
214045,XAUUSD,2021-01-24 09:16:00+00:00,2021-01-24 09:19:00+00:00,LONG,1863.78,1866.95,1861.72,1866.95,8.0,1.74,3.49,1.81,2528.8,1,TP_HIT,3,1.98,3.16,LONDON_OPEN,BULLISH,SELL_SIDE,3.8,3.1,0.39,0.354,2.0,0.62,1,TRENDING_ORDERFLOW,3,0.844
215415,XAUUSD,2021-01-25 08:06:00+00:00,2021-01-25 08:07:00+00:00,SHORT,1858.52,1860.12,1860.12,1856.28,9.2,1.28,2.56,-1.25,-1474.76,0,SL_HIT,1,1.77,0.0,LONDON_OPEN,BEARISH,BUY_SIDE,0.1,2.21,0.15,0.576,2.0,0.72,1,TRENDING_ORDERFLOW,2,0.802
215461,XAUUSD,2021-01-25 08:52:00+00:00,2021-01-25 08:55:00+00:00,LONG,1855.8,1856.32,1854.44,1857.55,12.0,1.04,2.07,0.5,618.0,1,WATERMARK_LOCK,3,0.0,1.68,LONDON_OPEN,BULLISH,SELL_SIDE,0.4,5.21,1.26,0.287,2.0,0.38,1,TRENDING_ORDERFLOW,3,0.943
218406,XAUUSD,2021-01-27 09:57:00+00:00,2021-01-27 10:09:00+00:00,SHORT,1849.62,1850.32,1851.63,1846.56,9.2,1.69,3.38,-0.42,-648.6,0,STAGNATION_SCRATCH,12,1.31,0.0,LONDON_OPEN,BEARISH,BUY_SIDE,1.0,2.33,1.33,0.542,2.0,0.8,1,NORMAL_EXPANSION,2,0.824
218427,XAUUSD,2021-01-27 10:18:00+00:00,2021-01-27 10:21:00+00:00,SHORT,1850.68,1848.97,1852.03,1848.97,12.0,1.02,2.04,1.68,2055.09,1,TP_HIT,3,0.58,2.5,LONDON_OPEN,BEARISH,BUY_SIDE,3.9,2.25,0.63,0.761,2.0,0.86,1,TRENDING_ORDERFLOW,3,0.878
218746,XAUUSD,2021-01-27 15:37:00+00:00,2021-01-27 15:38:00+00:00,SHORT,1852.46,1851.31,1854.21,1849.92,12.0,1.43,2.86,0.8,1374.0,1,WATERMARK_LOCK,1,0.0,1.79,NY_AM,BEARISH,BUY_SIDE,1.0,2.97,2.63,0.685,2.0,0.94,1,TRENDING_ORDERFLOW,3,0.927
219769,XAUUSD,2021-01-28 08:40:00+00:00,2021-01-28 08:43:00+00:00,SHORT,1847.16,1846.96,1849.57,1843.33,9.2,2.08,4.16,0.1,184.0,1,SL_HIT,3,1.77,2.23,LONDON_OPEN,BEARISH,BUY_SIDE,3.0,3.15,1.72,0.516,2.0,0.67,1,NORMAL_EXPANSION,2,0.835
220195,XAUUSD,2021-01-28 15:46:00+00:00,2021-01-28 15:47:00+00:00,SHORT,1866.68,1868.12,1868.12,1864.77,9.2,1.12,2.23,-1.29,-1324.87,0,SL_HIT,1,1.89,0.14,NY_AM,BEARISH,BUY_SIDE,0.1,1.55,2.05,0.543,2.0,0.77,1,NORMAL_EXPANSION,2,0.834
222666,XAUUSD,2021-01-30 08:57:00+00:00,2021-01-30 08:58:00+00:00,SHORT,1871.4,1870.5,1872.34,1870.5,12.0,0.61,1.22,1.47,1080.0,1,TP_HIT,1,0.49,1.4,LONDON_OPEN,BEARISH,BUY_SIDE,0.9,1.82,1.38,0.786,2.0,0.95,1,TRENDING_ORDERFLOW,3,0.912
223073,XAUUSD,2021-01-30 15:44:00+00:00,2021-01-30 15:45:00+00:00,SHORT,1869.52,1870.93,1870.93,1867.65,9.2,1.09,2.19,-1.3,-1306.3,0,SL_HIT,1,1.53,0.55,NY_AM,BEARISH,BUY_SIDE,18.3,2.45,2.56,0.696,2.0,0.9,1,NORMAL_EXPANSION,2,0.801
224101,XAUUSD,2021-01-31 08:52:00+00:00,2021-01-31 08:53:00+00:00,SHORT,1868.26,1865.14,1870.32,1865.14,9.2,1.73,3.45,1.81,2875.66,1,TP_HIT,1,0.0,3.85,LONDON_OPEN,BEARISH,BUY_SIDE,0.1,3.13,0.64,0.55,2.0,0.64,1,NORMAL_EXPANSION,2,0.838
228311,XAUUSD,2021-02-03 07:02:00+00:00,2021-02-03 07:04:00+00:00,SHORT,1851.66,1851.46,1852.88,1850.22,12.0,0.89,1.77,0.23,240.0,1,SL_HIT,2,0.12,0.63,LONDON_OPEN,BEARISH,BUY_SIDE,1.9,3.3,0.16,0.705,2.0,0.58,1,TRENDING_ORDERFLOW,3,0.882
229798,XAUUSD,2021-02-04 07:49:00+00:00,2021-02-04 07:57:00+00:00,SHORT,1836.24,1833.5,1838.1,1833.5,12.0,1.53,3.07,1.79,3292.2,1,TP_HIT,8,0.0,3.43,LONDON_OPEN,BEARISH,BUY_SIDE,5.0,3.88,0.32,0.694,2.0,0.7,1,TRENDING_ORDERFLOW,3,0.876
235995,XAUUSD,2021-02-08 15:06:00+00:00,2021-02-08 15:07:00+00:00,LONG,1847.26,1852.1,1837.0,1866.82,12.0,9.94,19.88,0.49,5802.0,1,WATERMARK_LOCK,1,0.0,15.46,NY_AM,BULLISH,SELL_SIDE,0.3,4.24,0.52,0.264,2.0,3.14,1,TRENDING_ORDERFLOW,3,0.926
239885,XAUUSD,2021-02-11 09:15:00+00:00,2021-02-11 09:19:00+00:00,LONG,1856.96,1857.35,1855.27,1859.37,9.2,1.37,2.73,0.28,354.2,1,WATERMARK_LOCK,4,0.92,1.21,LONDON_OPEN,BULLISH,SELL_SIDE,0.4,2.15,1.17,0.477,2.0,0.65,1,NORMAL_EXPANSION,2,0.807
245911,XAUUSD,2021-02-15 13:41:00+00:00,2021-02-15 13:45:00+00:00,LONG,1836.04,1836.24,1834.97,1837.21,9.2,0.75,1.49,0.27,184.0,1,SL_HIT,4,0.1,0.75,NY_AM,BULLISH,SELL_SIDE,1.1,2.34,0.68,0.437,2.0,0.38,1,TRENDING_ORDERFLOW,2,0.811
254555,XAUUSD,2021-02-21 13:45:00+00:00,2021-02-21 13:46:00+00:00,LONG,1830.66,1833.14,1828.92,1833.14,8.0,1.41,2.81,1.77,1991.77,1,TP_HIT,1,0.0,2.63,NY_AM,BULLISH,SELL_SIDE,7.5,2.64,0.27,0.264,2.0,1.12,1,TRENDING_ORDERFLOW,3,0.84
261768,XAUUSD,2021-02-26 13:58:00+00:00,2021-02-26 14:00:00+00:00,SHORT,1771.6,1770.35,1774.82,1766.13,9.2,2.9,5.79,0.43,1145.4,1,WATERMARK_LOCK,2,0.0,3.24,NY_AM,BEARISH,BUY_SIDE,4.4,2.38,2.03,0.548,2.0,1.37,1,NORMAL_EXPANSION,2,0.825
263173,XAUUSD,2021-02-27 13:23:00+00:00,2021-02-27 13:24:00+00:00,SHORT,1748.92,1747.24,1750.24,1747.24,12.0,1.0,2.0,1.68,2015.23,1,TP_HIT,1,0.0,2.92,NY_AM,BEARISH,BUY_SIDE,2.7,2.81,1.08,0.786,2.0,0.75,1,TRENDING_ORDERFLOW,3,0.916
264270,XAUUSD,2021-02-28 07:40:00+00:00,2021-02-28 07:41:00+00:00,SHORT,1744.34,1743.07,1745.47,1743.07,12.0,0.8,1.6,1.59,1530.86,1,TP_HIT,1,0.0,1.88,LONDON_OPEN,BEARISH,BUY_SIDE,5.9,1.92,0.58,0.782,2.0,1.14,1,TRENDING_ORDERFLOW,3,0.863
264399,XAUUSD,2021-02-28 09:49:00+00:00,2021-02-28 09:50:00+00:00,LONG,1740.5,1740.71,1737.28,1745.96,9.2,2.89,5.79,0.07,197.8,1,WATERMARK_LOCK,1,0.0,2.53,LONDON_OPEN,BULLISH,SELL_SIDE,5.6,3.49,1.1,0.417,2.0,1.1,1,TRENDING_ORDERFLOW,2,0.835
267649,XAUUSD,2021-03-02 15:59:00+00:00,2021-03-02 16:01:00+00:00,LONG,1726.4,1726.6,1724.19,1729.87,8.0,1.89,3.79,0.11,160.0,1,SL_HIT,2,0.43,0.93,NY_AM,BULLISH,SELL_SIDE,1.4,2.37,0.3,0.386,2.0,1.16,1,TRENDING_ORDERFLOW,3,0.822
271798,XAUUSD,2021-03-05 13:08:00+00:00,2021-03-05 13:09:00+00:00,SHORT,1709.82,1707.12,1711.65,1707.12,12.0,1.51,3.02,1.79,3239.49,1,TP_HIT,1,0.0,4.06,NY_AM,BEARISH,BUY_SIDE,9.5,2.74,0.97,0.81,2.0,1.35,1,TRENDING_ORDERFLOW,3,0.882
273323,XAUUSD,2021-03-06 16:03:00+00:00,2021-03-06 16:04:00+00:00,LONG,1708.82,1709.58,1707.95,1709.58,12.0,0.54,1.09,1.4,916.2,1,TP_HIT,1,0.0,6.08,NY_AM,BULLISH,SELL_SIDE,1.4,4.82,1.57,0.067,2.0,1.09,1,TRENDING_ORDERFLOW,3,0.973
274249,XAUUSD,2021-03-07 07:29:00+00:00,2021-03-07 07:30:00+00:00,LONG,1712.78,1714.07,1711.64,1714.07,12.0,0.81,1.62,1.6,1554.51,1,TP_HIT,1,0.0,2.65,LONDON_OPEN,BULLISH,SELL_SIDE,3.9,3.61,2.02,0.318,2.0,0.4,1,TRENDING_ORDERFLOW,3,0.913
274602,XAUUSD,2021-03-07 13:22:00+00:00,2021-03-07 13:23:00+00:00,SHORT,1716.66,1716.82,1717.87,1715.2,12.0,0.89,1.78,-0.19,-198.0,0,WATERMARK_LOCK,1,0.16,0.7,NY_AM,BEARISH,BUY_SIDE,3.1,2.73,1.22,0.641,2.0,0.39,1,TRENDING_ORDERFLOW,3,0.863
276121,XAUUSD,2021-03-08 14:41:00+00:00,2021-03-08 14:42:00+00:00,LONG,1710.0,1712.79,1708.11,1712.79,12.0,1.56,3.12,1.79,3350.83,1,TP_HIT,1,0.0,3.74,NY_AM,BULLISH,SELL_SIDE,3.5,3.01,0.62,0.305,2.0,1.06,1,TRENDING_ORDERFLOW,3,0.873
276158,XAUUSD,2021-03-08 15:18:00+00:00,2021-03-08 15:19:00+00:00,LONG,1708.62,1708.88,1707.99,1708.88,16.66,0.3,0.59,0.9,442.8,1,TP_HIT,1,0.0,1.98,NY_AM,BULLISH,SELL_SIDE,0.2,1.5,0.53,0.007,2.0,1.57,1,TRENDING_ORDERFLOW,3,0.945
287332,XAUUSD,2021-03-16 09:32:00+00:00,2021-03-16 09:33:00+00:00,LONG,1743.34,1745.44,1741.81,1745.44,11.18,1.21,2.42,1.73,2345.0,1,TP_HIT,1,0.0,2.77,LONDON_OPEN,BULLISH,SELL_SIDE,3.3,2.46,1.16,0.399,2.0,0.67,1,TRENDING_ORDERFLOW,3,0.833
287687,XAUUSD,2021-03-16 15:27:00+00:00,2021-03-16 15:28:00+00:00,SHORT,1745.1,1741.03,1748.64,1739.01,13.27,3.21,6.42,1.27,5407.53,1,WATERMARK_LOCK,1,0.0,5.92,NY_AM,BEARISH,BUY_SIDE,1.7,3.44,0.68,0.51,2.0,0.93,1,NORMAL_EXPANSION,2,0.814
288745,XAUUSD,2021-03-17 09:05:00+00:00,2021-03-17 09:06:00+00:00,SHORT,1745.68,1743.76,1748.3,1741.42,18.58,2.29,4.59,0.84,3576.65,1,WATERMARK_LOCK,1,0.0,3.57,LONDON_OPEN,BEARISH,BUY_SIDE,2.0,5.14,0.33,0.641,2.0,0.75,1,TRENDING_ORDERFLOW,3,0.901
294775,XAUUSD,2021-03-21 13:35:00+00:00,2021-03-21 13:36:00+00:00,SHORT,1757.78,1755.6,1759.35,1755.6,19.41,1.25,2.5,1.74,4229.99,1,TP_HIT,1,0.0,6.0,NY_AM,BEARISH,BUY_SIDE,1.8,1.96,0.87,0.69,2.0,1.21,1,TRENDING_ORDERFLOW,3,0.863
295846,XAUUSD,2021-03-22 07:26:00+00:00,2021-03-22 07:27:00+00:00,LONG,1741.58,1739.78,1739.78,1744.19,20.4,1.47,2.94,-1.22,-3664.13,0,SL_HIT,1,2.46,4.01,LONDON_OPEN,BULLISH,SELL_SIDE,0.9,4.22,1.54,0.235,2.0,0.87,1,TRENDING_ORDERFLOW,3,0.946
295997,XAUUSD,2021-03-22 09:57:00+00:00,2021-03-22 09:58:00+00:00,LONG,1738.86,1739.19,1738.22,1739.19,19.18,0.32,0.65,0.99,613.9,1,TP_HIT,1,0.0,3.38,LONDON_OPEN,BULLISH,SELL_SIDE,2.4,3.93,0.93,0.043,2.0,0.48,1,TRENDING_ORDERFLOW,3,0.963
299182,XAUUSD,2021-03-24 15:02:00+00:00,2021-03-24 15:06:00+00:00,LONG,1738.9,1739.1,1737.37,1740.98,19.32,1.2,2.41,0.17,386.4,1,SL_HIT,4,0.0,0.89,NY_AM,BULLISH,SELL_SIDE,5.6,4.1,1.04,0.278,2.0,0.69,1,TRENDING_ORDERFLOW,3,0.905
299187,XAUUSD,2021-03-24 15:07:00+00:00,2021-03-24 15:10:00+00:00,SHORT,1738.62,1738.42,1739.94,1736.94,12.94,1.0,2.0,0.2,258.8,1,SL_HIT,3,0.0,2.07,NY_AM,BEARISH,BUY_SIDE,3.4,1.9,0.84,0.693,2.0,1.01,1,TRENDING_ORDERFLOW,3,0.849
301688,XAUUSD,2021-03-26 08:48:00+00:00,2021-03-26 08:49:00+00:00,LONG,1726.38,1729.01,1724.57,1729.01,19.47,1.48,2.96,1.78,5127.01,1,TP_HIT,1,0.0,6.07,LONDON_OPEN,BULLISH,SELL_SIDE,1.6,3.69,0.22,0.129,2.0,1.79,1,TRENDING_ORDERFLOW,3,0.94
303055,XAUUSD,2021-03-27 07:35:00+00:00,2021-03-27 07:36:00+00:00,SHORT,1736.38,1735.21,1737.44,1735.21,20.67,0.74,1.49,1.56,2403.33,1,TP_HIT,1,0.0,2.01,LONDON_OPEN,BEARISH,BUY_SIDE,1.4,1.76,1.04,0.848,2.0,0.63,1,TRENDING_ORDERFLOW,3,0.919
303221,XAUUSD,2021-03-27 10:21:00+00:00,2021-03-27 10:22:00+00:00,LONG,1738.92,1739.78,1738.0,1739.78,21.22,0.59,1.19,1.45,1829.01,1,TP_HIT,1,0.0,2.85,LONDON_OPEN,BULLISH,SELL_SIDE,0.3,2.66,2.55,0.147,2.0,0.96,1,TRENDING_ORDERFLOW,3,0.958
303524,XAUUSD,2021-03-27 15:24:00+00:00,2021-03-27 15:29:00+00:00,SHORT,1740.16,1740.9,1740.9,1739.66,21.66,0.41,0.83,-1.79,-1598.97,0,SL_HIT,5,1.82,0.35,NY_AM,BEARISH,BUY_SIDE,2.5,1.59,1.46,0.862,2.0,1.02,1,TRENDING_ORDERFLOW,3,0.923
307725,XAUUSD,2021-03-30 13:25:00+00:00,2021-03-30 13:26:00+00:00,SHORT,1710.6,1708.09,1712.35,1708.09,21.12,1.42,2.84,1.77,5307.15,1,TP_HIT,1,0.0,4.05,NY_AM,BEARISH,BUY_SIDE,2.0,3.79,0.26,0.775,2.0,0.99,1,TRENDING_ORDERFLOW,3,0.917
308795,XAUUSD,2021-03-31 07:15:00+00:00,2021-03-31 07:16:00+00:00,SHORT,1701.96,1700.03,1703.41,1700.03,22.36,1.13,2.25,1.71,4314.84,1,TP_HIT,1,0.0,7.63,LONDON_OPEN,BEARISH,BUY_SIDE,1.0,6.82,0.65,0.894,2.0,1.12,1,TRENDING_ORDERFLOW,3,0.964
310581,XAUUSD,2021-04-01 13:01:00+00:00,2021-04-01 13:02:00+00:00,LONG,1726.4,1727.43,1725.39,1727.43,22.5,0.68,1.36,1.52,2331.16,1,TP_HIT,1,0.0,1.37,NY_AM,BULLISH,SELL_SIDE,4.9,1.7,1.98,0.29,2.0,0.8,1,TRENDING_ORDERFLOW,3,0.875
314750,XAUUSD,2021-04-04 10:30:00+00:00,2021-04-04 10:34:00+00:00,LONG,1740.56,1742.27,1738.62,1743.44,22.5,1.61,3.21,1.07,3858.75,1,WATERMARK_LOCK,4,0.0,2.72,LONDON_OPEN,BULLISH,SELL_SIDE,5.0,5.21,1.02,0.334,2.0,0.57,1,TRENDING_ORDERFLOW,3,0.908
315059,XAUUSD,2021-04-04 15:39:00+00:00,2021-04-04 15:40:00+00:00,SHORT,1744.82,1741.85,1746.79,1741.85,22.5,1.65,3.29,1.8,6678.64,1,TP_HIT,1,0.0,4.46,NY_AM,BEARISH,BUY_SIDE,5.0,3.32,0.8,0.724,2.0,1.04,1,TRENDING_ORDERFLOW,3,0.887
315106,XAUUSD,2021-04-04 16:26:00+00:00,2021-04-04 16:27:00+00:00,LONG,1742.32,1746.23,1739.87,1746.23,22.5,2.12,4.24,1.85,8812.93,1,TP_HIT,1,0.0,5.37,NY_AM,BULLISH,SELL_SIDE,0.4,5.3,0.72,0.254,2.0,1.07,1,TRENDING_ORDERFLOW,3,0.942
316190,XAUUSD,2021-04-05 10:30:00+00:00,2021-04-05 10:31:00+00:00,LONG,1748.06,1753.37,1744.92,1753.37,17.25,2.82,5.63,1.88,9158.15,1,TP_HIT,1,0.0,10.23,LONDON_OPEN,BULLISH,SELL_SIDE,2.5,4.26,0.91,0.471,2.0,0.71,1,NORMAL_EXPANSION,2,0.851
316402,XAUUSD,2021-04-05 14:02:00+00:00,2021-04-05 14:03:00+00:00,LONG,1740.52,1746.35,1735.04,1750.5,22.5,5.15,10.31,1.13,13128.75,1,WATERMARK_LOCK,1,0.0,8.88,NY_AM,BULLISH,SELL_SIDE,7.1,5.42,0.21,0.348,2.0,1.7,1,TRENDING_ORDERFLOW,3,0.871
320343,XAUUSD,2021-04-08 07:43:00+00:00,2021-04-08 07:48:00+00:00,LONG,1764.58,1764.78,1762.37,1768.0,17.25,1.88,3.75,0.11,345.0,1,SL_HIT,5,0.0,1.36,LONDON_OPEN,BULLISH,SELL_SIDE,1.4,4.61,0.35,0.432,2.0,0.51,1,TRENDING_ORDERFLOW,2,0.869
320841,XAUUSD,2021-04-08 16:01:00+00:00,2021-04-08 16:03:00+00:00,LONG,1776.4,1778.3,1774.11,1780.03,22.5,1.97,3.95,0.96,4263.75,1,WATERMARK_LOCK,2,0.0,3.6,NY_AM,BULLISH,SELL_SIDE,5.8,3.5,1.06,0.319,2.0,0.95,1,TRENDING_ORDERFLOW,3,0.877
321758,XAUUSD,2021-04-09 07:18:00+00:00,2021-04-09 07:19:00+00:00,SHORT,1761.5,1760.01,1762.74,1760.01,22.5,0.91,1.82,1.64,3368.73,1,TP_HIT,1,0.0,2.5,LONDON_OPEN,BEARISH,BUY_SIDE,3.7,3.05,0.54,0.739,2.0,0.74,1,TRENDING_ORDERFLOW,3,0.887
321893,XAUUSD,2021-04-09 09:33:00+00:00,2021-04-09 09:35:00+00:00,LONG,1761.16,1761.62,1759.9,1762.72,22.5,0.94,1.88,0.49,1023.75,1,WATERMARK_LOCK,2,0.0,0.69,LONDON_OPEN,BULLISH,SELL_SIDE,0.4,4.34,0.72,0.389,2.0,0.32,1,TRENDING_ORDERFLOW,3,0.895
323593,XAUUSD,2021-04-10 13:53:00+00:00,2021-04-10 13:54:00+00:00,SHORT,1762.76,1761.99,1763.63,1761.99,22.5,0.55,1.09,1.41,1732.34,1,TP_HIT,1,0.0,3.82,NY_AM,BEARISH,BUY_SIDE,0.2,3.83,0.87,0.809,2.0,0.52,1,TRENDING_ORDERFLOW,3,0.943
326163,XAUUSD,2021-04-12 08:43:00+00:00,2021-04-12 08:44:00+00:00,LONG,1756.76,1756.13,1756.13,1757.07,22.5,0.31,0.63,-2.03,-1439.36,0,SL_HIT,1,1.22,0.0,LONDON_OPEN,BULLISH,SELL_SIDE,3.5,3.46,0.69,0.259,2.0,0.23,1,TRENDING_ORDERFLOW,3,0.902
326470,XAUUSD,2021-04-12 13:50:00+00:00,2021-04-12 13:51:00+00:00,SHORT,1750.88,1753.2,1753.2,1747.21,22.5,2.0,3.99,-1.16,-5220.88,0,SL_HIT,1,2.59,2.62,NY_AM,BEARISH,BUY_SIDE,2.3,3.69,0.34,0.602,2.0,0.77,1,TRENDING_ORDERFLOW,3,0.852
326551,XAUUSD,2021-04-12 15:11:00+00:00,2021-04-12 15:13:00+00:00,SHORT,1744.58,1741.78,1746.47,1741.78,15.0,1.56,3.13,1.79,4201.71,1,TP_HIT,2,0.0,3.92,NY_AM,BEARISH,BUY_SIDE,0.3,1.51,0.6,0.671,2.0,0.89,1,TRENDING_ORDERFLOW,3,0.843
328952,XAUUSD,2021-04-14 07:12:00+00:00,2021-04-14 07:13:00+00:00,LONG,1755.5,1756.13,1754.69,1756.13,22.5,0.48,0.96,1.32,1431.64,1,TP_HIT,1,0.0,5.32,LONDON_OPEN,BULLISH,SELL_SIDE,3.2,3.7,0.39,0.052,2.0,1.2,1,TRENDING_ORDERFLOW,3,0.951
335162,XAUUSD,2021-04-18 14:42:00+00:00,2021-04-18 14:46:00+00:00,SHORT,1788.64,1782.5,1793.61,1779.69,17.25,4.64,9.28,1.32,10600.12,1,WATERMARK_LOCK,4,0.0,8.33,NY_AM,BEARISH,BUY_SIDE,1.3,1.96,1.66,0.524,2.0,2.41,1,NORMAL_EXPANSION,2,0.812
338977,XAUUSD,2021-04-21 08:47:00+00:00,2021-04-21 08:48:00+00:00,SHORT,1792.58,1792.12,1793.29,1792.12,22.5,0.39,0.78,1.17,1029.37,1,TP_HIT,1,0.0,1.3,LONDON_OPEN,BEARISH,BUY_SIDE,1.0,2.26,1.69,0.884,2.0,0.88,1,TRENDING_ORDERFLOW,3,0.947
342232,XAUUSD,2021-04-23 15:02:00+00:00,2021-04-23 15:05:00+00:00,SHORT,1797.7,1793.65,1802.47,1789.11,15.0,4.45,8.91,0.91,6067.5,1,WATERMARK_LOCK,3,0.0,7.95,NY_AM,BEARISH,BUY_SIDE,2.7,1.52,1.53,0.647,2.0,2.62,1,TRENDING_ORDERFLOW,3,0.844
346242,XAUUSD,2021-04-26 14:36:00+00:00,2021-04-26 14:37:00+00:00,LONG,1786.28,1786.97,1785.46,1786.97,22.5,0.5,1.01,1.36,1540.61,1,TP_HIT,1,0.0,3.21,NY_AM,BULLISH,SELL_SIDE,0.4,2.01,1.62,0.202,2.0,0.77,1,TRENDING_ORDERFLOW,3,0.926
348768,XAUUSD,2021-04-28 08:42:00+00:00,2021-04-28 08:49:00+00:00,SHORT,1782.72,1782.52,1784.13,1780.88,22.5,1.08,2.17,0.18,450.0,1,SL_HIT,7,0.98,1.21,LONDON_OPEN,BEARISH,BUY_SIDE,0.7,2.76,0.88,0.752,2.0,1.02,1,TRENDING_ORDERFLOW,3,0.91
350165,XAUUSD,2021-04-29 07:59:00+00:00,2021-04-29 08:02:00+00:00,LONG,1794.3,1798.19,1788.75,1804.44,22.5,5.23,10.46,0.74,8741.25,1,WATERMARK_LOCK,3,0.0,5.88,LONDON_OPEN,BULLISH,SELL_SIDE,3.8,3.47,2.28,0.392,2.0,1.67,1,TRENDING_ORDERFLOW,3,0.893
353175,XAUUSD,2021-05-01 10:09:00+00:00,2021-05-01 10:10:00+00:00,SHORT,1788.18,1787.05,1789.22,1787.05,22.5,0.72,1.45,1.55,2521.12,1,TP_HIT,1,0.13,2.6,LONDON_OPEN,BEARISH,BUY_SIDE,5.5,1.9,0.28,0.849,2.0,1.49,1,TRENDING_ORDERFLOW,3,0.884
353450,XAUUSD,2021-05-01 14:44:00+00:00,2021-05-01 14:48:00+00:00,SHORT,1788.14,1787.94,1791.23,1782.92,17.25,2.77,5.54,0.07,345.0,1,SL_HIT,4,0.21,2.92,NY_AM,BEARISH,BUY_SIDE,5.2,2.28,2.21,0.561,2.0,0.72,1,TRENDING_ORDERFLOW,2,0.828
362146,XAUUSD,2021-05-07 15:40:00+00:00,2021-05-07 15:56:00+00:00,LONG,1857.32,1860.0,1853.91,1863.19,17.25,3.09,6.19,0.86,4614.37,1,WATERMARK_LOCK,16,1.51,4.79,NY_AM,BULLISH,SELL_SIDE,8.1,3.71,0.53,0.404,2.0,1.16,1,TRENDING_ORDERFLOW,2,0.805
365967,XAUUSD,2021-05-10 07:21:00+00:00,2021-05-10 07:22:00+00:00,LONG,1870.8,1874.03,1868.7,1874.03,22.5,1.78,3.55,1.82,7256.25,1,TP_HIT,1,0.0,4.29,LONDON_OPEN,BULLISH,SELL_SIDE,0.1,2.2,0.23,0.239,2.0,2.1,1,TRENDING_ORDERFLOW,3,0.89
367559,XAUUSD,2021-05-11 09:53:00+00:00,2021-05-11 09:54:00+00:00,LONG,1876.46,1877.79,1873.34,1881.71,22.5,2.79,5.58,0.48,3003.75,1,WATERMARK_LOCK,1,0.0,5.02,LONDON_OPEN,BULLISH,SELL_SIDE,0.1,2.08,0.56,0.245,2.0,1.38,1,TRENDING_ORDERFLOW,3,0.894
372087,XAUUSD,2021-05-14 13:21:00+00:00,2021-05-14 13:25:00+00:00,LONG,1866.32,1866.52,1864.71,1868.58,17.25,1.29,2.58,0.16,345.0,1,SL_HIT,4,0.22,1.43,NY_AM,BULLISH,SELL_SIDE,1.9,2.08,1.36,0.437,2.0,0.73,1,TRENDING_ORDERFLOW,2,0.82
374957,XAUUSD,2021-05-16 13:11:00+00:00,2021-05-16 13:14:00+00:00,SHORT,1911.56,1904.77,1917.4,1900.85,17.25,5.52,11.03,1.23,11704.13,1,WATERMARK_LOCK,3,0.0,9.16,NY_AM,BEARISH,BUY_SIDE,4.6,2.59,1.89,0.545,2.0,2.38,1,NORMAL_EXPANSION,2,0.824
390507,XAUUSD,2021-05-27 08:21:00+00:00,2021-05-27 08:23:00+00:00,LONG,1906.32,1906.79,1905.6,1906.79,22.5,0.4,0.79,1.18,1050.75,1,TP_HIT,2,0.33,1.34,LONDON_OPEN,BULLISH,SELL_SIDE,3.6,5.46,1.5,0.216,2.0,0.24,1,TRENDING_ORDERFLOW,3,0.95
395184,XAUUSD,2021-05-30 14:18:00+00:00,2021-05-30 14:19:00+00:00,LONG,1925.24,1927.97,1921.46,1931.85,15.0,3.46,6.93,0.79,4087.5,1,WATERMARK_LOCK,1,0.0,5.07,NY_AM,BULLISH,SELL_SIDE,6.6,2.24,1.3,0.314,2.0,1.49,1,TRENDING_ORDERFLOW,3,0.846
397986,XAUUSD,2021-06-01 13:00:00+00:00,2021-06-01 13:02:00+00:00,LONG,1912.34,1912.54,1910.55,1914.96,22.5,1.47,2.94,0.14,450.0,1,SL_HIT,2,1.55,2.11,NY_AM,BULLISH,SELL_SIDE,0.1,3.28,0.16,0.302,2.0,0.94,1,TRENDING_ORDERFLOW,3,0.89
399067,XAUUSD,2021-06-02 07:01:00+00:00,2021-06-02 07:04:00+00:00,LONG,1902.14,1901.8,1900.97,1903.51,22.5,0.85,1.69,-0.41,-776.25,0,WATERMARK_LOCK,3,0.39,1.0,LONDON_OPEN,BULLISH,SELL_SIDE,5.8,7.8,3.49,0.383,2.0,0.17,1,TRENDING_ORDERFLOW,3,0.929
400654,XAUUSD,2021-06-03 09:28:00+00:00,2021-06-03 09:29:00+00:00,SHORT,1902.34,1900.94,1903.52,1900.94,22.5,0.86,1.72,1.62,3128.79,1,TP_HIT,1,0.0,2.81,LONDON_OPEN,BEARISH,BUY_SIDE,2.8,3.41,0.47,0.816,2.0,0.92,1,TRENDING_ORDERFLOW,3,0.922
411145,XAUUSD,2021-06-10 16:19:00+00:00,2021-06-10 16:20:00+00:00,LONG,1894.08,1893.82,1893.73,1893.82,22.5,0.03,0.07,-8.0,-585.0,0,TP_HIT,1,0.0,1.88,NY_AM,BULLISH,SELL_SIDE,1.4,1.71,0.2,-0.053,2.0,0.95,1,TRENDING_ORDERFLOW,3,0.941
413660,XAUUSD,2021-06-12 10:14:00+00:00,2021-06-12 10:15:00+00:00,SHORT,1891.6,1889.29,1894.96,1885.88,22.5,3.03,6.05,0.76,5208.75,1,WATERMARK_LOCK,1,0.0,5.66,LONDON_OPEN,BEARISH,BUY_SIDE,2.8,3.89,0.68,0.714,2.0,1.72,1,TRENDING_ORDERFLOW,3,0.906
418326,XAUUSD,2021-06-15 16:00:00+00:00,2021-06-15 16:01:00+00:00,SHORT,1862.12,1860.49,1863.41,1860.49,22.5,0.97,1.95,1.67,3655.77,1,TP_HIT,1,0.0,2.6,NY_AM,BEARISH,BUY_SIDE,2.2,3.15,3.39,0.746,2.0,0.7,1,TRENDING_ORDERFLOW,3,0.945
422155,XAUUSD,2021-06-18 07:49:00+00:00,2021-06-18 07:50:00+00:00,LONG,1798.86,1803.46,1796.06,1803.46,22.5,2.47,4.93,1.87,10370.25,1,TP_HIT,1,0.0,5.55,LONDON_OPEN,BULLISH,SELL_SIDE,2.5,3.31,0.31,0.369,2.0,1.18,1,TRENDING_ORDERFLOW,3,0.851
422240,XAUUSD,2021-06-18 09:14:00+00:00,2021-06-18 09:15:00+00:00,LONG,1802.04,1802.47,1801.33,1802.47,17.25,0.38,0.76,1.14,742.0,1,TP_HIT,1,0.0,1.2,LONDON_OPEN,BULLISH,SELL_SIDE,19.6,3.23,1.86,0.152,2.0,0.52,1,NORMAL_EXPANSION,2,0.866
429874,XAUUSD,2021-06-23 16:28:00+00:00,2021-06-23 16:30:00+00:00,SHORT,1791.36,1790.42,1792.32,1790.42,15.0,0.63,1.27,1.49,1413.75,1,TP_HIT,2,0.59,1.66,NY_AM,BEARISH,BUY_SIDE,3.3,1.73,0.21,0.667,2.0,0.63,1,TRENDING_ORDERFLOW,3,0.808
430881,XAUUSD,2021-06-24 09:15:00+00:00,2021-06-24 09:16:00+00:00,SHORT,1782.08,1780.87,1783.18,1780.87,15.0,0.77,1.54,1.58,1815.75,1,TP_HIT,1,0.0,1.52,LONDON_OPEN,BEARISH,BUY_SIDE,0.6,1.59,0.32,0.658,2.0,0.78,1,TRENDING_ORDERFLOW,3,0.827
435563,XAUUSD,2021-06-27 15:17:00+00:00,2021-06-27 15:20:00+00:00,SHORT,1781.08,1780.74,1782.23,1779.77,22.5,0.82,1.64,0.42,776.25,1,WATERMARK_LOCK,3,0.0,0.87,NY_AM,BEARISH,BUY_SIDE,0.3,2.93,1.86,0.61,2.0,0.4,1,TRENDING_ORDERFLOW,3,0.892
436986,XAUUSD,2021-06-28 15:00:00+00:00,2021-06-28 15:03:00+00:00,LONG,1782.84,1784.74,1781.41,1784.74,15.0,1.11,2.22,1.71,2843.79,1,TP_HIT,3,0.0,3.36,NY_AM,BULLISH,SELL_SIDE,5.9,2.45,0.36,0.334,2.0,0.8,1,TRENDING_ORDERFLOW,3,0.814
439480,XAUUSD,2021-06-30 08:34:00+00:00,2021-06-30 08:44:00+00:00,LONG,1762.98,1763.19,1760.92,1766.14,22.5,1.74,3.48,0.11,450.0,1,SL_HIT,10,0.99,1.54,LONDON_OPEN,BULLISH,SELL_SIDE,0.8,1.74,0.27,0.283,2.0,1.07,1,TRENDING_ORDERFLOW,3,0.857
439594,XAUUSD,2021-06-30 10:28:00+00:00,2021-06-30 10:31:00+00:00,LONG,1761.1,1761.3,1759.56,1763.19,15.0,1.21,2.42,0.17,300.0,1,SL_HIT,3,0.15,0.97,LONDON_OPEN,BULLISH,SELL_SIDE,2.4,1.86,1.1,0.377,2.0,0.95,1,TRENDING_ORDERFLOW,3,0.831
445524,XAUUSD,2021-07-04 13:18:00+00:00,2021-07-04 13:21:00+00:00,LONG,1792.3,1792.5,1790.18,1795.58,22.5,1.8,3.6,0.11,450.0,1,SL_HIT,3,0.7,0.37,NY_AM,BULLISH,SELL_SIDE,10.7,3.23,2.71,0.334,2.0,0.41,1,TRENDING_ORDERFLOW,3,0.877
447127,XAUUSD,2021-07-05 16:01:00+00:00,2021-07-05 16:08:00+00:00,LONG,1793.34,1793.53,1790.87,1797.29,17.25,2.14,4.28,0.09,336.37,1,WATERMARK_LOCK,7,0.0,0.99,NY_AM,BULLISH,SELL_SIDE,0.1,2.36,3.49,0.498,2.0,0.59,1,NORMAL_EXPANSION,2,0.869
448096,XAUUSD,2021-07-06 08:10:00+00:00,2021-07-06 08:13:00+00:00,SHORT,1808.14,1807.29,1809.06,1807.29,22.5,0.59,1.18,1.45,1923.11,1,TP_HIT,3,0.33,0.91,LONDON_OPEN,BEARISH,BUY_SIDE,3.0,2.47,1.91,0.689,2.0,0.47,1,TRENDING_ORDERFLOW,3,0.895
456793,XAUUSD,2021-07-12 09:07:00+00:00,2021-07-12 09:09:00+00:00,LONG,1811.12,1810.51,1810.51,1811.39,22.5,0.29,0.59,-2.11,-1389.94,0,SL_HIT,2,1.14,0.84,LONDON_OPEN,BULLISH,SELL_SIDE,0.3,1.88,3.38,0.195,2.0,0.48,1,TRENDING_ORDERFLOW,3,0.947
459606,XAUUSD,2021-07-14 08:00:00+00:00,2021-07-14 08:11:00+00:00,LONG,1816.38,1816.82,1815.09,1817.99,17.25,0.97,1.93,0.45,750.37,1,WATERMARK_LOCK,11,0.34,0.9,LONDON_OPEN,BULLISH,SELL_SIDE,3.7,2.27,1.53,0.406,2.0,0.57,1,TRENDING_ORDERFLOW,2,0.833
459682,XAUUSD,2021-07-14 09:16:00+00:00,2021-07-14 09:18:00+00:00,LONG,1818.58,1823.32,1815.73,1823.32,15.0,2.53,5.06,1.87,7103.68,1,TP_HIT,2,0.0,4.99,LONDON_OPEN,BULLISH,SELL_SIDE,7.0,2.31,0.88,0.343,2.0,1.87,1,TRENDING_ORDERFLOW,3,0.815
461157,XAUUSD,2021-07-15 09:51:00+00:00,2021-07-15 09:56:00+00:00,LONG,1834.1,1835.19,1831.94,1837.47,17.25,1.84,3.69,0.59,1871.63,1,WATERMARK_LOCK,5,0.0,1.89,LONDON_OPEN,BULLISH,SELL_SIDE,7.2,3.5,1.76,0.441,2.0,0.63,1,TRENDING_ORDERFLOW,2,0.833
464348,XAUUSD,2021-07-17 15:02:00+00:00,2021-07-17 15:03:00+00:00,SHORT,1816.26,1815.67,1817.05,1815.67,22.5,0.46,0.92,1.29,1334.41,1,TP_HIT,1,0.0,1.02,NY_AM,BEARISH,BUY_SIDE,3.1,2.59,0.94,0.774,2.0,0.39,1,TRENDING_ORDERFLOW,3,0.903
467233,XAUUSD,2021-07-19 15:07:00+00:00,2021-07-19 15:09:00+00:00,SHORT,1815.54,1813.27,1818.65,1810.29,17.25,2.79,5.57,0.81,3907.12,1,WATERMARK_LOCK,2,0.0,3.26,NY_AM,BEARISH,BUY_SIDE,0.1,2.95,0.19,0.597,2.0,1.25,1,TRENDING_ORDERFLOW,2,0.84
469802,XAUUSD,2021-07-21 09:56:00+00:00,2021-07-21 09:57:00+00:00,LONG,1811.86,1810.87,1810.87,1812.87,22.5,0.67,1.33,-1.49,-2229.99,0,SL_HIT,1,3.11,1.12,LONDON_OPEN,BULLISH,SELL_SIDE,1.4,1.58,0.67,0.189,2.0,0.64,1,TRENDING_ORDERFLOW,3,0.897
471084,XAUUSD,2021-07-22 07:18:00+00:00,2021-07-22 07:19:00+00:00,LONG,1810.14,1811.19,1809.14,1811.19,22.5,0.68,1.37,1.53,2349.0,1,TP_HIT,1,0.0,1.35,LONDON_OPEN,BULLISH,SELL_SIDE,0.1,1.54,1.51,0.292,2.0,0.83,1,TRENDING_ORDERFLOW,3,0.888
472930,XAUUSD,2021-07-23 14:04:00+00:00,2021-07-23 14:05:00+00:00,SHORT,1804.46,1804.41,1804.97,1804.41,17.25,0.19,0.37,0.27,86.0,1,TP_HIT,1,0.0,1.12,NY_AM,BEARISH,BUY_SIDE,12.6,1.73,0.98,0.936,2.0,0.58,1,TRENDING_ORDERFLOW,2,0.886
472994,XAUUSD,2021-07-23 15:08:00+00:00,2021-07-23 15:09:00+00:00,LONG,1800.8,1803.29,1799.06,1803.29,22.5,1.41,2.82,1.77,5619.38,1,TP_HIT,1,0.0,6.41,NY_AM,BULLISH,SELL_SIDE,1.0,5.15,0.27,0.078,2.0,1.27,1,TRENDING_ORDERFLOW,3,0.964
473053,XAUUSD,2021-07-23 16:07:00+00:00,2021-07-23 16:08:00+00:00,LONG,1803.58,1806.0,1801.87,1806.0,22.5,1.38,2.75,1.76,5463.0,1,TP_HIT,1,0.0,3.84,NY_AM,BULLISH,SELL_SIDE,3.8,4.43,0.4,0.19,2.0,0.91,1,TRENDING_ORDERFLOW,3,0.931
475468,XAUUSD,2021-07-25 08:22:00+00:00,2021-07-25 08:25:00+00:00,LONG,1808.18,1806.17,1806.17,1811.2,17.25,1.68,3.35,-1.19,-3453.2,0,SL_HIT,3,2.16,0.0,LONDON_OPEN,BULLISH,SELL_SIDE,0.1,4.8,2.67,0.429,2.0,0.45,1,TRENDING_ORDERFLOW,2,0.932
475569,XAUUSD,2021-07-25 10:03:00+00:00,2021-07-25 10:05:00+00:00,SHORT,1807.26,1806.52,1809.67,1803.43,17.25,2.08,4.16,0.36,1285.12,1,WATERMARK_LOCK,2,0.0,2.3,LONDON_OPEN,BEARISH,BUY_SIDE,1.9,6.26,3.33,0.561,2.0,0.4,1,TRENDING_ORDERFLOW,2,0.931
475765,XAUUSD,2021-07-25 13:19:00+00:00,2021-07-25 13:20:00+00:00,SHORT,1811.62,1809.84,1812.99,1809.84,22.5,1.05,2.1,1.69,3987.96,1,TP_HIT,1,0.0,1.92,NY_AM,BEARISH,BUY_SIDE,6.0,5.93,2.55,0.702,2.0,0.39,1,TRENDING_ORDERFLOW,3,0.94
476959,XAUUSD,2021-07-26 09:13:00+00:00,2021-07-26 09:15:00+00:00,SHORT,1816.98,1816.78,1818.25,1815.4,22.5,0.95,1.9,0.21,450.0,1,SL_HIT,2,2.03,1.54,LONDON_OPEN,BEARISH,BUY_SIDE,1.8,4.64,0.2,0.705,2.0,0.45,1,TRENDING_ORDERFLOW,3,0.912
478369,XAUUSD,2021-07-27 08:43:00+00:00,2021-07-27 08:44:00+00:00,LONG,1802.98,1803.82,1802.08,1803.82,22.5,0.58,1.16,1.44,1882.13,1,TP_HIT,1,0.0,1.35,LONDON_OPEN,BULLISH,SELL_SIDE,8.9,2.91,0.53,0.164,2.0,0.8,1,TRENDING_ORDERFLOW,3,0.888
481166,XAUUSD,2021-07-29 07:20:00+00:00,2021-07-29 07:22:00+00:00,SHORT,1819.42,1819.16,1820.05,1819.16,22.5,0.3,0.59,0.9,602.04,1,TP_HIT,2,0.0,0.4,LONDON_OPEN,BEARISH,BUY_SIDE,6.3,3.08,0.81,0.792,2.0,0.31,1,TRENDING_ORDERFLOW,3,0.898
482629,XAUUSD,2021-07-30 07:43:00+00:00,2021-07-30 07:49:00+00:00,LONG,1835.54,1836.54,1834.54,1836.54,22.5,0.67,1.33,1.51,2262.37,1,TP_HIT,6,0.0,1.21,LONDON_OPEN,BULLISH,SELL_SIDE,2.7,1.83,1.28,0.231,2.0,0.23,1,TRENDING_ORDERFLOW,3,0.895
484089,XAUUSD,2021-07-31 08:03:00+00:00,2021-07-31 08:05:00+00:00,SHORT,1818.48,1819.25,1819.25,1817.93,17.25,0.44,0.88,-1.74,-1316.24,0,SL_HIT,2,1.58,0.0,LONDON_OPEN,BEARISH,BUY_SIDE,0.6,2.09,1.34,0.57,2.0,0.25,1,TRENDING_ORDERFLOW,2,0.835
484091,XAUUSD,2021-07-31 08:05:00+00:00,2021-07-31 08:06:00+00:00,LONG,1819.3,1820.41,1818.25,1820.41,15.0,0.72,1.44,1.55,1665.21,1,TP_HIT,1,0.0,2.6,LONDON_OPEN,BULLISH,SELL_SIDE,6.7,3.34,0.5,0.381,2.0,0.32,1,TRENDING_ORDERFLOW,3,0.818
484486,XAUUSD,2021-07-31 14:40:00+00:00,2021-07-31 14:53:00+00:00,SHORT,1819.32,1819.12,1820.09,1818.73,22.5,0.45,0.91,0.44,450.0,1,SL_HIT,13,0.74,0.38,NY_AM,BEARISH,BUY_SIDE,1.5,4.71,0.46,0.71,2.0,0.22,1,TRENDING_ORDERFLOW,3,0.921
489789,XAUUSD,2021-08-04 07:03:00+00:00,2021-08-04 07:04:00+00:00,SHORT,1817.88,1816.72,1818.94,1816.72,22.5,0.74,1.48,1.56,2589.91,1,TP_HIT,1,0.0,1.24,LONDON_OPEN,BEARISH,BUY_SIDE,0.3,4.3,2.76,0.62,2.0,0.25,1,TRENDING_ORDERFLOW,3,0.937
491403,XAUUSD,2021-08-05 09:57:00+00:00,2021-08-05 09:58:00+00:00,SHORT,1811.68,1812.68,1812.68,1810.64,17.25,0.68,1.36,-1.48,-1735.1,0,SL_HIT,1,3.16,0.48,LONDON_OPEN,BEARISH,BUY_SIDE,2.8,2.0,1.33,0.566,2.0,0.41,1,TRENDING_ORDERFLOW,2,0.81
494632,XAUUSD,2021-08-07 15:46:00+00:00,2021-08-07 15:47:00+00:00,SHORT,1775.18,1775.27,1775.61,1775.27,22.5,0.11,0.23,-0.88,-224.04,0,TP_HIT,1,0.34,1.61,NY_AM,BEARISH,BUY_SIDE,0.3,4.46,0.71,1.0,2.0,0.75,1,TRENDING_ORDERFLOW,3,0.973
498582,XAUUSD,2021-08-10 09:36:00+00:00,2021-08-10 09:51:00+00:00,SHORT,1739.68,1739.48,1740.85,1738.3,17.25,0.85,1.7,0.24,345.0,1,SL_HIT,15,0.32,1.12,LONDON_OPEN,BEARISH,BUY_SIDE,0.1,1.83,1.68,0.521,2.0,0.46,1,NORMAL_EXPANSION,2,0.818
500327,XAUUSD,2021-08-11 14:41:00+00:00,2021-08-11 14:42:00+00:00,LONG,1747.72,1748.26,1746.97,1748.26,22.5,0.43,0.86,1.25,1209.86,1,TP_HIT,1,0.0,2.27,NY_AM,BULLISH,SELL_SIDE,1.2,3.36,0.25,0.184,2.0,0.48,1,TRENDING_ORDERFLOW,3,0.924
501776,XAUUSD,2021-08-12 14:50:00+00:00,2021-08-12 14:51:00+00:00,LONG,1749.06,1753.61,1746.3,1753.61,22.5,2.44,4.87,1.87,10227.54,1,TP_HIT,1,0.0,5.21,NY_AM,BULLISH,SELL_SIDE,4.6,4.6,0.5,0.234,2.0,1.57,1,TRENDING_ORDERFLOW,3,0.921
503042,XAUUSD,2021-08-13 16:26:00+00:00,2021-08-13 16:27:00+00:00,SHORT,1778.66,1777.88,1779.54,1777.88,22.5,0.55,1.11,1.41,1758.54,1,TP_HIT,1,0.33,0.88,NY_AM,BEARISH,BUY_SIDE,4.7,2.46,1.04,0.714,2.0,0.49,1,TRENDING_ORDERFLOW,3,0.871
505536,XAUUSD,2021-08-15 10:00:00+00:00,2021-08-15 10:01:00+00:00,LONG,1774.72,1777.01,1773.08,1777.01,22.5,1.31,2.62,1.75,5169.7,1,TP_HIT,1,0.0,3.4,LONDON_OPEN,BULLISH,SELL_SIDE,6.7,5.03,0.61,0.243,2.0,0.74,1,TRENDING_ORDERFLOW,3,0.918
506992,XAUUSD,2021-08-16 10:16:00+00:00,2021-08-16 10:17:00+00:00,SHORT,1778.82,1775.23,1782.76,1771.91,22.5,3.62,7.23,0.99,8066.25,1,WATERMARK_LOCK,1,0.0,4.78,LONDON_OPEN,BEARISH,BUY_SIDE,5.1,1.81,1.1,0.783,2.0,1.63,1,TRENDING_ORDERFLOW,3,0.88
508738,XAUUSD,2021-08-17 15:22:00+00:00,2021-08-17 15:25:00+00:00,SHORT,1784.74,1784.43,1786.61,1781.99,17.25,1.54,3.08,0.2,543.37,1,WATERMARK_LOCK,3,0.0,1.74,NY_AM,BEARISH,BUY_SIDE,2.8,2.96,1.44,0.547,2.0,0.59,1,NORMAL_EXPANSION,2,0.836
511192,XAUUSD,2021-08-19 08:16:00+00:00,2021-08-19 08:17:00+00:00,SHORT,1782.44,1782.29,1783.0,1782.29,22.5,0.24,0.47,0.63,335.57,1,TP_HIT,1,0.0,2.54,LONDON_OPEN,BEARISH,BUY_SIDE,3.5,2.64,1.87,0.928,2.0,0.65,1,TRENDING_ORDERFLOW,3,0.953
512705,XAUUSD,2021-08-20 09:29:00+00:00,2021-08-20 09:31:00+00:00,LONG,1786.7,1786.9,1785.93,1787.26,17.25,0.44,0.89,0.45,345.0,1,SL_HIT,2,0.0,0.23,LONDON_OPEN,BULLISH,SELL_SIDE,0.7,1.89,1.55,0.421,2.0,0.29,1,TRENDING_ORDERFLOW,2,0.84
514148,XAUUSD,2021-08-21 09:32:00+00:00,2021-08-21 09:33:00+00:00,LONG,1786.82,1786.66,1786.41,1786.66,22.5,0.08,0.17,-1.87,-353.25,0,TP_HIT,1,0.0,0.08,LONDON_OPEN,BULLISH,SELL_SIDE,0.1,2.5,0.19,0.062,2.0,0.16,1,TRENDING_ORDERFLOW,3,0.943
515468,XAUUSD,2021-08-22 07:32:00+00:00,2021-08-22 07:34:00+00:00,SHORT,1784.06,1784.72,1785.02,1783.13,17.25,0.63,1.26,-1.04,-1129.87,0,WATERMARK_LOCK,2,0.65,0.46,LONDON_OPEN,BEARISH,BUY_SIDE,0.1,4.03,2.32,0.565,2.0,0.19,1,TRENDING_ORDERFLOW,2,0.912
515849,XAUUSD,2021-08-22 13:53:00+00:00,2021-08-22 13:54:00+00:00,LONG,1780.48,1781.6,1779.44,1781.6,22.5,0.72,1.44,1.55,2518.07,1,TP_HIT,1,0.0,1.21,NY_AM,BULLISH,SELL_SIDE,0.1,1.85,0.23,0.275,2.0,0.75,1,TRENDING_ORDERFLOW,3,0.868
516916,XAUUSD,2021-08-23 07:40:00+00:00,2021-08-23 07:41:00+00:00,SHORT,1787.42,1786.85,1788.2,1786.85,22.5,0.45,0.9,1.28,1296.32,1,TP_HIT,1,0.15,0.94,LONDON_OPEN,BEARISH,BUY_SIDE,2.3,2.02,0.5,0.835,2.0,0.34,1,TRENDING_ORDERFLOW,3,0.905
517401,XAUUSD,2021-08-23 15:45:00+00:00,2021-08-23 15:46:00+00:00,LONG,1804.96,1806.2,1803.86,1806.2,22.5,0.78,1.56,1.58,2789.68,1,TP_HIT,1,0.0,4.53,NY_AM,BULLISH,SELL_SIDE,6.8,2.19,0.16,0.143,2.0,1.48,1,TRENDING_ORDERFLOW,3,0.882
518686,XAUUSD,2021-08-24 13:10:00+00:00,2021-08-24 13:13:00+00:00,SHORT,1809.24,1809.32,1809.68,1809.32,22.5,0.12,0.24,-0.68,-185.63,0,TP_HIT,3,0.41,1.1,NY_AM,BEARISH,BUY_SIDE,4.5,2.06,0.21,0.964,2.0,0.47,1,TRENDING_ORDERFLOW,3,0.926
520196,XAUUSD,2021-08-25 14:20:00+00:00,2021-08-25 14:21:00+00:00,LONG,1791.4,1792.03,1790.61,1792.03,22.5,0.47,0.95,1.32,1405.29,1,TP_HIT,1,0.0,2.71,NY_AM,BULLISH,SELL_SIDE,0.1,7.06,0.8,0.102,2.0,0.5,1,TRENDING_ORDERFLOW,3,0.967
535676,XAUUSD,2021-09-05 08:20:00+00:00,2021-09-05 08:39:00+00:00,LONG,1828.32,1828.52,1822.68,1838.64,15.0,5.32,10.64,0.04,300.0,1,SL_HIT,19,0.33,1.67,LONDON_OPEN,BULLISH,SELL_SIDE,10.0,3.74,1.4,0.357,2.0,2.14,1,TRENDING_ORDERFLOW,3,0.847
545791,XAUUSD,2021-09-12 08:55:00+00:00,2021-09-12 08:57:00+00:00,SHORT,1806.68,1804.0,1809.15,1802.7,22.5,2.15,4.3,1.24,6018.75,1,WATERMARK_LOCK,2,0.0,3.67,LONDON_OPEN,BEARISH,BUY_SIDE,10.0,4.0,1.0,0.667,2.0,1.0,1,TRENDING_ORDERFLOW,3,0.852
554325,XAUUSD,2021-09-18 07:09:00+00:00,2021-09-18 07:10:00+00:00,SHORT,1764.68,1764.83,1765.09,1764.83,22.5,0.09,0.17,-1.79,-345.54,0,TP_HIT,1,0.0,1.67,LONDON_OPEN,BEARISH,BUY_SIDE,10.0,3.5,1.75,1.0,2.0,0.57,1,TRENDING_ORDERFLOW,3,0.955
573017,XAUUSD,2021-10-01 08:41:00+00:00,2021-10-01 08:44:00+00:00,SHORT,1760.68,1760.0,1763.1,1756.81,22.5,2.1,4.19,0.32,1518.75,1,WATERMARK_LOCK,3,0.0,1.67,LONDON_OPEN,BEARISH,BUY_SIDE,10.0,4.67,1.56,0.6,2.0,0.64,1,TRENDING_ORDERFLOW,3,0.859
664027,XAUUSD,2021-12-03 13:31:00+00:00,2021-12-03 13:33:00+00:00,LONG,1774.32,1777.0,1771.92,1778.15,17.25,2.08,4.15,1.29,4614.37,1,WATERMARK_LOCK,2,0.0,3.67,NY_AM,BULLISH,SELL_SIDE,10.0,4.0,4.0,0.5,2.0,0.5,1,NORMAL_EXPANSION,2,0.84
759103,XAUUSD,2022-02-07 14:07:00+00:00,2022-02-07 14:10:00+00:00,LONG,1822.32,1822.52,1819.94,1826.13,15.0,2.06,4.13,0.1,300.0,1,SL_HIT,3,0.33,0.67,NY_AM,BULLISH,SELL_SIDE,10.0,2.33,2.33,0.4,2.0,0.43,1,TRENDING_ORDERFLOW,3,0.812
767789,XAUUSD,2022-02-13 14:53:00+00:00,2022-02-13 14:54:00+00:00,LONG,1875.32,1873.76,1873.76,1877.47,22.5,1.24,2.47,-1.26,-3511.61,0,SL_HIT,1,2.33,1.67,NY_AM,BULLISH,SELL_SIDE,10.0,2.55,0.64,0.2,2.0,1.57,1,TRENDING_ORDERFLOW,3,0.86
779034,XAUUSD,2022-02-21 10:18:00+00:00,2022-02-21 10:19:00+00:00,LONG,1918.32,1920.45,1916.78,1920.45,22.5,1.22,2.45,1.73,4781.25,1,TP_HIT,1,0.0,5.67,LONDON_OPEN,BULLISH,SELL_SIDE,10.0,2.67,0.67,0.167,2.0,1.5,1,TRENDING_ORDERFLOW,3,0.878
804903,XAUUSD,2022-03-11 09:27:00+00:00,2022-03-11 09:28:00+00:00,SHORT,1998.68,1994.72,2001.14,1994.72,22.5,2.14,4.28,1.85,8895.54,1,TP_HIT,1,0.0,5.67,LONDON_OPEN,BEARISH,BUY_SIDE,10.0,3.23,1.08,0.714,2.0,0.93,1,TRENDING_ORDERFLOW,3,0.854
812391,XAUUSD,2022-03-16 14:15:00+00:00,2022-03-16 14:16:00+00:00,SHORT,1921.68,1913.42,1926.29,1913.42,22.5,4.29,8.58,1.92,18570.54,1,TP_HIT,1,0.0,11.67,NY_AM,BEARISH,BUY_SIDE,10.0,3.63,1.04,0.733,2.0,1.93,1,TRENDING_ORDERFLOW,3,0.872
891582,XAUUSD,2022-05-10 14:06:00+00:00,2022-05-10 14:07:00+00:00,LONG,1857.32,1859.34,1855.83,1859.34,22.5,1.17,2.34,1.72,4540.18,1,TP_HIT,1,0.0,3.67,NY_AM,BULLISH,SELL_SIDE,10.0,3.5,0.88,0.167,2.0,1.14,1,TRENDING_ORDERFLOW,3,0.902
976549,XAUUSD,2022-07-08 14:13:00+00:00,2022-07-08 14:17:00+00:00,LONG,1743.32,1745.24,1741.88,1745.24,22.5,1.12,2.24,1.71,4299.11,1,TP_HIT,4,0.0,3.67,NY_AM,BULLISH,SELL_SIDE,10.0,2.55,2.55,0.333,2.0,0.79,1,TRENDING_ORDERFLOW,3,0.86
1004972,XAUUSD,2022-07-28 07:56:00+00:00,2022-07-28 07:58:00+00:00,LONG,1738.32,1738.09,1737.96,1738.09,22.5,0.04,0.09,-5.58,-538.39,0,TP_HIT,2,0.33,0.67,LONDON_OPEN,BULLISH,SELL_SIDE,10.0,3.5,3.5,0.0,2.0,0.29,1,TRENDING_ORDERFLOW,3,0.967
1075523,XAUUSD,2022-09-15 07:47:00+00:00,2022-09-15 07:48:00+00:00,SHORT,1680.68,1678.74,1682.13,1678.74,22.5,1.13,2.26,1.71,4347.32,1,TP_HIT,1,0.0,4.67,LONDON_OPEN,BEARISH,BUY_SIDE,10.0,4.67,1.17,0.833,2.0,0.86,1,TRENDING_ORDERFLOW,3,0.928
1103257,XAUUSD,2022-10-04 14:01:00+00:00,2022-10-04 14:02:00+00:00,LONG,1704.32,1706.0,1701.91,1708.17,17.25,2.09,4.17,0.8,2889.37,1,WATERMARK_LOCK,1,0.0,2.67,NY_AM,BULLISH,SELL_SIDE,10.0,3.5,3.5,0.5,2.0,0.57,1,NORMAL_EXPANSION,2,0.823
1163419,XAUUSD,2022-11-15 08:43:00+00:00,2022-11-15 08:45:00+00:00,SHORT,1757.68,1751.25,1761.38,1751.25,22.5,3.38,6.75,1.9,14456.25,1,TP_HIT,2,0.0,8.67,LONDON_OPEN,BEARISH,BUY_SIDE,10.0,2.0,0.8,0.864,2.0,2.5,1,TRENDING_ORDERFLOW,3,0.877
1288790,XAUUSD,2023-02-10 10:14:00+00:00,2023-02-10 10:15:00+00:00,LONG,1835.32,1833.81,1833.81,1837.39,15.0,1.19,2.39,-1.27,-2276.79,0,SL_HIT,1,2.33,0.0,LONDON_OPEN,BULLISH,SELL_SIDE,10.0,2.33,0.78,0.25,2.0,1.29,1,TRENDING_ORDERFLOW,3,0.834
1292969,XAUUSD,2023-02-13 07:53:00+00:00,2023-02-13 07:55:00+00:00,SHORT,1815.68,1815.0,1819.08,1809.85,17.25,3.08,6.15,0.22,1164.37,1,WATERMARK_LOCK,2,0.0,3.67,LONDON_OPEN,BEARISH,BUY_SIDE,10.0,8.0,2.0,0.571,2.0,0.5,1,TRENDING_ORDERFLOW,2,0.869
1330543,XAUUSD,2023-03-11 10:07:00+00:00,2023-03-11 10:08:00+00:00,SHORT,1918.68,1914.25,1921.38,1914.25,22.5,2.38,4.75,1.86,9956.25,1,TP_HIT,1,0.0,11.67,LONDON_OPEN,BEARISH,BUY_SIDE,10.0,3.2,0.4,0.8,2.0,2.5,1,TRENDING_ORDERFLOW,3,0.87
1330842,XAUUSD,2023-03-11 15:06:00+00:00,2023-03-11 15:07:00+00:00,LONG,1914.32,1919.26,1911.37,1919.26,22.5,2.63,5.26,1.88,11113.39,1,TP_HIT,1,0.0,9.67,NY_AM,BULLISH,SELL_SIDE,10.0,2.14,0.95,0.154,2.0,4.21,1,TRENDING_ORDERFLOW,3,0.877
1356710,XAUUSD,2023-03-29 15:34:00+00:00,2023-03-29 15:36:00+00:00,LONG,1986.32,1986.52,1983.89,1990.21,15.0,2.11,4.21,0.09,300.0,1,SL_HIT,2,0.33,0.67,NY_AM,BULLISH,SELL_SIDE,10.0,4.2,1.4,0.4,2.0,0.71,1,TRENDING_ORDERFLOW,3,0.84
1477570,XAUUSD,2023-06-21 13:54:00+00:00,2023-06-21 13:57:00+00:00,LONG,1919.32,1925.0,1914.75,1927.49,22.5,4.25,8.49,1.34,12768.75,1,WATERMARK_LOCK,3,0.0,7.67,NY_AM,BULLISH,SELL_SIDE,10.0,4.87,1.22,0.308,2.0,1.64,1,TRENDING_ORDERFLOW,3,0.891
1634152,XAUUSD,2023-10-08 07:36:00+00:00,2023-10-08 07:46:00+00:00,LONG,1851.32,1854.0,1848.94,1855.13,22.5,2.06,4.13,1.3,6018.75,1,WATERMARK_LOCK,10,0.0,3.67,LONDON_OPEN,BULLISH,SELL_SIDE,10.0,9.33,2.33,0.333,2.0,0.43,1,TRENDING_ORDERFLOW,3,0.911
1660548,XAUUSD,2023-10-26 15:32:00+00:00,2023-10-26 15:33:00+00:00,LONG,1959.32,1961.32,1957.84,1961.32,22.5,1.16,2.32,1.72,4491.96,1,TP_HIT,1,0.0,3.67,NY_AM,BULLISH,SELL_SIDE,10.0,3.73,1.87,0.2,2.0,1.07,1,TRENDING_ORDERFLOW,3,0.917
1674625,XAUUSD,2023-11-05 10:09:00+00:00,2023-11-05 10:10:00+00:00,LONG,1969.32,1969.32,1968.84,1969.32,22.5,0.16,0.32,-0.02,-8.04,0,TP_HIT,1,0.0,3.67,LONDON_OPEN,BULLISH,SELL_SIDE,10.0,2.8,0.93,0.0,2.0,1.07,1,TRENDING_ORDERFLOW,3,0.936
1712044,XAUUSD,2023-12-01 09:48:00+00:00,2023-12-01 09:52:00+00:00,SHORT,2029.68,2029.0,2031.09,2027.83,15.0,1.09,2.17,0.62,1012.5,1,WATERMARK_LOCK,4,0.0,1.67,LONDON_OPEN,BEARISH,BUY_SIDE,10.0,1.75,1.75,0.667,2.0,0.57,1,TRENDING_ORDERFLOW,3,0.806
1758088,XAUUSD,2024-01-02 09:12:00+00:00,2024-01-02 09:13:00+00:00,SHORT,2041.68,2040.0,2045.38,2035.25,22.5,3.38,6.75,0.5,3768.75,1,WATERMARK_LOCK,1,0.0,5.67,LONDON_OPEN,BEARISH,BUY_SIDE,10.0,2.4,0.4,0.833,2.0,2.5,1,TRENDING_ORDERFLOW,3,0.863
1761270,XAUUSD,2024-01-04 14:14:00+00:00,2024-01-04 14:16:00+00:00,SHORT,2017.68,2016.0,2021.14,2011.72,15.0,3.14,6.28,0.53,2512.5,1,WATERMARK_LOCK,2,0.0,3.67,NY_AM,BEARISH,BUY_SIDE,10.0,3.23,1.08,0.667,2.0,0.93,1,TRENDING_ORDERFLOW,3,0.831
1769987,XAUUSD,2024-01-10 15:31:00+00:00,2024-01-10 15:33:00+00:00,SHORT,2015.68,2015.64,2016.18,2015.64,22.5,0.18,0.36,0.22,88.39,1,TP_HIT,2,0.33,0.67,NY_AM,BEARISH,BUY_SIDE,10.0,1.65,0.82,1.0,2.0,1.21,1,TRENDING_ORDERFLOW,3,0.916
1788673,XAUUSD,2024-01-23 14:57:00+00:00,2024-01-23 14:59:00+00:00,SHORT,2004.68,2004.48,2007.13,2000.74,15.0,2.13,4.26,0.09,300.0,1,SL_HIT,2,0.33,1.67,NY_AM,BEARISH,BUY_SIDE,10.0,3.5,1.17,0.6,2.0,0.86,1,TRENDING_ORDERFLOW,3,0.808
1819916,XAUUSD,2024-02-14 07:40:00+00:00,2024-02-14 07:43:00+00:00,SHORT,1990.68,1990.0,1992.1,1988.81,15.0,1.1,2.19,0.62,1012.5,1,WATERMARK_LOCK,3,0.0,1.67,LONDON_OPEN,BEARISH,BUY_SIDE,10.0,3.11,1.56,0.667,2.0,0.64,1,TRENDING_ORDERFLOW,3,0.844
1840478,XAUUSD,2024-02-28 14:22:00+00:00,2024-02-28 14:23:00+00:00,SHORT,2014.68,2014.64,2015.18,2014.64,22.5,0.18,0.36,0.22,88.39,1,TP_HIT,1,0.0,4.67,NY_AM,BEARISH,BUY_SIDE,10.0,3.29,0.82,1.0,2.0,1.21,1,TRENDING_ORDERFLOW,3,0.941
1900624,XAUUSD,2024-04-10 08:48:00+00:00,2024-04-10 08:49:00+00:00,SHORT,2335.68,2335.0,2338.26,2331.49,15.0,2.26,4.51,0.3,1012.5,1,WATERMARK_LOCK,1,2.32,2.68,LONDON_OPEN,BEARISH,BUY_SIDE,10.0,1.75,0.58,0.75,2.0,1.71,1,TRENDING_ORDERFLOW,3,0.807
1928365,XAUUSD,2024-04-29 15:09:00+00:00,2024-04-29 15:10:00+00:00,LONG,2344.32,2344.21,2343.89,2344.21,22.5,0.11,0.21,-1.03,-249.11,0,TP_HIT,1,0.0,1.68,NY_AM,BULLISH,SELL_SIDE,10.0,2.8,1.4,0.0,2.0,0.71,1,TRENDING_ORDERFLOW,3,0.943
1955700,XAUUSD,2024-05-18 14:44:00+00:00,2024-05-18 14:45:00+00:00,SHORT,2387.68,2387.83,2388.09,2387.83,22.5,0.09,0.17,-1.79,-345.54,0,TP_HIT,1,0.32,1.68,NY_AM,BEARISH,BUY_SIDE,10.0,1.75,1.75,1.0,2.0,0.57,1,TRENDING_ORDERFLOW,3,0.934
1986926,XAUUSD,2024-06-09 07:10:00+00:00,2024-06-09 07:11:00+00:00,LONG,2308.32,2307.93,2307.93,2308.15,22.5,0.07,0.15,-5.33,-900.0,0,SL_HIT,1,1.32,0.0,LONDON_OPEN,BULLISH,SELL_SIDE,10.0,2.0,2.0,0.0,2.0,0.5,1,TRENDING_ORDERFLOW,3,0.941
1998863,XAUUSD,2024-06-17 14:07:00+00:00,2024-06-17 14:08:00+00:00,LONG,2310.32,2310.0,2306.73,2316.54,15.0,3.27,6.54,-0.1,-487.5,0,WATERMARK_LOCK,1,0.32,3.68,NY_AM,BULLISH,SELL_SIDE,10.0,3.36,0.56,0.333,2.0,1.79,1,TRENDING_ORDERFLOW,3,0.816
2010489,XAUUSD,2024-06-25 15:53:00+00:00,2024-06-25 16:00:00+00:00,LONG,2308.32,2309.0,2306.89,2310.21,15.0,1.11,2.21,0.61,1012.5,1,WATERMARK_LOCK,7,0.0,1.68,NY_AM,BULLISH,SELL_SIDE,10.0,2.8,1.4,0.333,2.0,0.71,1,TRENDING_ORDERFLOW,3,0.829
2030541,XAUUSD,2024-07-09 14:05:00+00:00,2024-07-09 14:09:00+00:00,SHORT,2343.68,2342.0,2346.11,2339.79,22.5,2.11,4.21,0.79,3768.75,1,WATERMARK_LOCK,4,0.0,2.68,NY_AM,BEARISH,BUY_SIDE,10.0,4.2,4.2,0.6,2.0,0.71,1,TRENDING_ORDERFLOW,3,0.888
2049362,XAUUSD,2024-07-22 15:46:00+00:00,2024-07-22 15:58:00+00:00,LONG,2393.32,2391.0,2389.3,2400.39,15.0,3.7,7.39,-0.63,-3487.5,0,STAGNATION_SCRATCH,12,3.32,1.68,NY_AM,BULLISH,SELL_SIDE,10.0,2.37,0.43,0.2,2.0,4.64,1,TRENDING_ORDERFLOW,3,0.848
2053664,XAUUSD,2024-07-25 15:28:00+00:00,2024-07-25 15:29:00+00:00,SHORT,2362.68,2362.83,2363.09,2362.83,22.5,0.09,0.17,-1.79,-345.54,0,TP_HIT,1,0.0,1.68,NY_AM,BEARISH,BUY_SIDE,10.0,3.5,1.75,1.0,2.0,0.57,1,TRENDING_ORDERFLOW,3,0.955
2062291,XAUUSD,2024-07-31 15:15:00+00:00,2024-07-31 15:16:00+00:00,SHORT,2418.68,2419.0,2420.13,2416.74,15.0,1.13,2.26,-0.29,-487.5,0,WATERMARK_LOCK,1,0.32,1.68,NY_AM,BEARISH,BUY_SIDE,10.0,2.33,1.17,0.667,2.0,0.86,1,TRENDING_ORDERFLOW,3,0.804
2082523,XAUUSD,2024-08-14 16:27:00+00:00,2024-08-14 16:28:00+00:00,LONG,2439.32,2439.41,2438.8,2439.41,22.5,0.2,0.41,0.4,184.82,1,TP_HIT,1,0.0,4.68,NY_AM,BULLISH,SELL_SIDE,10.0,3.68,0.74,0.0,2.0,1.36,1,TRENDING_ORDERFLOW,3,0.944
2093613,XAUUSD,2024-08-22 09:17:00+00:00,2024-08-22 09:18:00+00:00,LONG,2497.32,2497.19,2496.9,2497.19,22.5,0.1,0.19,-1.37,-297.32,0,TP_HIT,1,0.0,0.68,LONDON_OPEN,BULLISH,SELL_SIDE,10.0,3.11,1.56,0.0,2.0,0.64,1,TRENDING_ORDERFLOW,3,0.948
2095336,XAUUSD,2024-08-23 14:00:00+00:00,2024-08-23 14:01:00+00:00,LONG,2498.32,2501.0,2494.73,2504.54,15.0,3.27,6.54,0.82,4012.5,1,WATERMARK_LOCK,1,0.0,4.68,NY_AM,BULLISH,SELL_SIDE,10.0,2.8,1.68,0.333,2.0,1.79,1,TRENDING_ORDERFLOW,3,0.839
2109735,XAUUSD,2024-09-02 13:59:00+00:00,2024-09-02 14:02:00+00:00,SHORT,2497.68,2495.83,2499.09,2495.83,22.5,1.09,2.17,1.7,4154.46,1,TP_HIT,3,0.0,2.68,NY_AM,BEARISH,BUY_SIDE,10.0,3.5,1.75,0.667,2.0,0.57,1,TRENDING_ORDERFLOW,3,0.862
2131106,XAUUSD,2024-09-17 10:10:00+00:00,2024-09-17 10:12:00+00:00,LONG,2592.32,2595.0,2588.85,2598.3,17.25,3.15,6.3,0.85,4614.38,1,WATERMARK_LOCK,2,0.0,3.68,LONDON_OPEN,BULLISH,SELL_SIDE,10.0,4.0,1.0,0.429,2.0,1.0,1,TRENDING_ORDERFLOW,2,0.803
2223171,XAUUSD,2024-11-20 08:35:00+00:00,2024-11-20 08:39:00+00:00,LONG,2634.32,2634.0,2629.84,2642.32,17.25,4.16,8.32,-0.08,-560.62,0,WATERMARK_LOCK,4,1.32,3.68,LONDON_OPEN,BULLISH,SELL_SIDE,10.0,4.67,0.93,0.444,2.0,1.07,1,TRENDING_ORDERFLOW,2,0.815
2258137,XAUUSD,2024-12-14 15:21:00+00:00,2024-12-14 15:22:00+00:00,LONG,2655.32,2661.49,2651.75,2661.49,15.0,3.25,6.49,1.9,9251.79,1,TP_HIT,1,0.0,7.68,NY_AM,BULLISH,SELL_SIDE,10.0,3.04,1.22,0.375,2.0,1.64,1,TRENDING_ORDERFLOW,3,0.808
2292623,XAUUSD,2025-01-29 14:07:00+00:00,2025-01-29 14:08:00+00:00,LONG,2706.58,2708.66,2705.06,2708.66,15.0,1.2,2.4,1.73,3105.64,1,TP_HIT,1,0.0,2.36,NY_AM,BULLISH,SELL_SIDE,6.4,1.81,0.49,0.266,2.0,1.45,1,TRENDING_ORDERFLOW,3,0.829
2306679,XAUUSD,2025-02-12 08:23:00+00:00,2025-02-12 08:24:00+00:00,SHORT,2622.44,2620.47,2623.9,2620.47,15.0,1.14,2.29,1.72,2941.71,1,TP_HIT,1,0.0,2.62,LONDON_OPEN,BEARISH,BUY_SIDE,3.6,1.69,0.34,0.668,2.0,1.09,1,TRENDING_ORDERFLOW,3,0.81
2309953,XAUUSD,2025-02-14 14:57:00+00:00,2025-02-14 14:59:00+00:00,LONG,2740.29,2741.43,2737.92,2744.07,17.25,2.05,4.1,0.55,1957.88,1,WATERMARK_LOCK,2,0.0,1.67,NY_AM,BULLISH,SELL_SIDE,1.0,2.85,1.34,0.496,2.0,0.67,1,NORMAL_EXPANSION,2,0.822
2360295,XAUUSD,2025-04-04 13:59:00+00:00,2025-04-04 14:00:00+00:00,SHORT,2621.86,2620.44,2623.05,2620.44,15.0,0.87,1.74,1.63,2127.21,1,TP_HIT,1,0.0,1.87,NY_AM,BEARISH,BUY_SIDE,7.1,1.91,0.36,0.765,2.0,1.08,1,TRENDING_ORDERFLOW,3,0.838
2378600,XAUUSD,2025-04-23 07:04:00+00:00,2025-04-23 07:05:00+00:00,SHORT,2592.41,2590.9,2593.64,2590.9,22.5,0.91,1.83,1.64,3380.3,1,TP_HIT,1,0.0,2.78,LONDON_OPEN,BEARISH,BUY_SIDE,6.9,2.05,1.09,0.731,2.0,0.96,1,TRENDING_ORDERFLOW,3,0.852
2410794,XAUUSD,2025-05-23 15:38:00+00:00,2025-05-23 15:39:00+00:00,LONG,2696.66,2698.07,2695.47,2698.07,22.5,0.87,1.73,1.62,3167.36,1,TP_HIT,1,0.0,2.32,NY_AM,BULLISH,SELL_SIDE,5.2,2.18,0.3,0.24,2.0,0.98,1,TRENDING_ORDERFLOW,3,0.857
2413587,XAUUSD,2025-05-27 14:11:00+00:00,2025-05-27 14:15:00+00:00,SHORT,2632.96,2630.69,2634.59,2630.69,15.0,1.3,2.6,1.75,3415.29,1,TP_HIT,4,0.0,3.84,NY_AM,BEARISH,BUY_SIDE,3.6,1.55,0.34,0.684,2.0,1.47,1,TRENDING_ORDERFLOW,3,0.814
2416475,XAUUSD,2025-05-29 14:19:00+00:00,2025-05-29 14:20:00+00:00,LONG,2687.92,2691.77,2685.51,2691.77,22.5,2.09,4.17,1.84,8659.93,1,TP_HIT,1,0.0,4.92,NY_AM,BULLISH,SELL_SIDE,1.8,2.93,0.4,0.325,2.0,1.31,1,TRENDING_ORDERFLOW,3,0.868
2457970,XAUUSD,2025-07-09 09:54:00+00:00,2025-07-09 09:55:00+00:00,LONG,2621.48,2626.03,2618.71,2626.03,22.5,2.44,4.88,1.87,10257.91,1,TP_HIT,1,0.0,8.58,LONDON_OPEN,BULLISH,SELL_SIDE,0.9,2.79,0.81,0.39,2.0,1.21,1,TRENDING_ORDERFLOW,3,0.855
2462651,XAUUSD,2025-07-14 15:55:00+00:00,2025-07-14 15:56:00+00:00,LONG,2772.6,2772.88,2771.2,2774.41,15.0,1.07,2.14,0.27,427.5,1,WATERMARK_LOCK,1,0.0,1.46,NY_AM,BULLISH,SELL_SIDE,3.2,1.68,0.64,0.363,2.0,0.93,1,TRENDING_ORDERFLOW,3,0.807
2506817,XAUUSD,2025-08-26 08:01:00+00:00,2025-08-26 08:02:00+00:00,SHORT,2613.46,2611.99,2614.69,2611.99,15.0,0.9,1.8,1.64,2216.25,1,TP_HIT,1,0.0,1.64,LONDON_OPEN,BEARISH,BUY_SIDE,3.0,1.92,0.25,0.717,2.0,0.87,1,TRENDING_ORDERFLOW,3,0.845
2541485,XAUUSD,2025-09-29 09:49:00+00:00,2025-09-29 09:50:00+00:00,SHORT,2618.64,2618.01,2619.43,2618.01,22.5,0.47,0.95,1.32,1406.09,1,TP_HIT,1,0.0,2.87,LONDON_OPEN,BEARISH,BUY_SIDE,1.5,2.17,0.24,0.898,2.0,1.17,1,TRENDING_ORDERFLOW,3,0.924
2590478,XAUUSD,2025-11-14 10:22:00+00:00,2025-11-14 10:23:00+00:00,SHORT,2576.76,2575.21,2578.02,2575.21,15.0,0.94,1.87,1.65,2322.96,1,TP_HIT,1,0.0,2.7,LONDON_OPEN,BEARISH,BUY_SIDE,9.3,2.37,0.32,0.735,2.0,0.91,1,TRENDING_ORDERFLOW,3,0.817
2633496,XAUUSD,2025-12-26 07:20:00+00:00,2025-12-26 07:21:00+00:00,SHORT,2584.3,2582.27,2585.79,2582.27,15.0,1.17,2.35,1.72,3034.93,1,TP_HIT,1,0.0,2.12,LONDON_OPEN,BEARISH,BUY_SIDE,4.8,2.44,0.21,0.682,2.0,0.89,1,TRENDING_ORDERFLOW,3,0.827
2687302,XAUUSD,2026-02-17 16:06:00+00:00,2026-02-17 16:08:00+00:00,SHORT,2687.16,2685.39,2689.66,2683.16,17.25,2.17,4.33,0.82,3061.88,1,WATERMARK_LOCK,2,0.0,2.97,NY_AM,BEARISH,BUY_SIDE,2.8,3.41,0.29,0.594,2.0,0.84,1,TRENDING_ORDERFLOW,2,0.833
2784768,XAUUSD,2026-05-04 08:32:00+00:00,2026-05-04 08:33:00+00:00,SHORT,2574.24,2572.99,2576.0,2571.67,15.0,1.44,2.89,0.86,1867.5,1,WATERMARK_LOCK,1,0.0,2.0,LONDON_OPEN,BEARISH,BUY_SIDE,4.4,2.04,0.63,0.643,2.0,1.08,1,TRENDING_ORDERFLOW,3,0.812
2810652,XAUUSD,2026-05-22 07:56:00+00:00,2026-05-22 07:57:00+00:00,SHORT,2607.94,2606.93,2608.93,2606.93,22.5,0.67,1.33,1.51,2270.09,1,TP_HIT,1,0.25,1.48,LONDON_OPEN,BEARISH,BUY_SIDE,4.6,1.69,0.46,0.783,2.0,1.05,1,TRENDING_ORDERFLOW,3,0.863
2862920,XAUUSD,2026-06-27 15:04:00+00:00,2026-06-27 15:05:00+00:00,LONG,2645.74,2648.97,2643.65,2648.97,22.5,1.77,3.55,1.82,7251.11,1,TP_HIT,1,0.0,8.39,NY_AM,BULLISH,SELL_SIDE,1.3,2.03,1.02,0.341,2.0,1.43,1,TRENDING_ORDERFLOW,3,0.86
2888905,XAUUSD,2026-07-15 16:09:00+00:00,2026-07-15 16:10:00+00:00,SHORT,2682.88,2681.3,2684.16,2681.3,22.5,0.95,1.91,1.66,3561.75,1,TP_HIT,1,0.0,1.76,NY_AM,BEARISH,BUY_SIDE,0.2,1.68,0.21,0.724,2.0,1.16,1,TRENDING_ORDERFLOW,3,0.861
2893054,XAUUSD,2026-07-18 13:18:00+00:00,2026-07-18 13:19:00+00:00,LONG,2649.9,2651.52,2647.94,2652.83,15.0,1.63,3.26,1.0,2437.5,1,WATERMARK_LOCK,1,0.0,2.38,NY_AM,BULLISH,SELL_SIDE,0.5,2.09,0.22,0.36,2.0,1.2,1,TRENDING_ORDERFLOW,3,0.832
2923105,XAUUSD,2026-08-12 10:09:00+00:00,2026-08-12 10:10:00+00:00,SHORT,2618.58,2617.03,2619.85,2617.03,15.0,0.94,1.88,1.66,2338.71,1,TP_HIT,1,0.0,2.12,LONDON_OPEN,BEARISH,BUY_SIDE,8.1,2.38,0.6,0.755,2.0,0.95,1,TRENDING_ORDERFLOW,3,0.848
4447,XAUUSD,2020-08-31 14:07:00+00:00,2020-08-31 14:08:00+00:00,SHORT,1974.81,1974.73,1975.34,1974.73,22.5,0.2,0.41,0.4,181.38,1,TP_HIT,1,0.0,5.12,NY_AM,BEARISH,BUY_SIDE,0.01,4.11,0.84,0.998,2.0,1.29,1,TRENDING_ORDERFLOW,3,0.973
7110,XAUUSD,2020-09-02 10:30:00+00:00,2020-09-02 10:37:00+00:00,SHORT,1973.77,1970.73,1977.05,1968.2,22.5,2.95,5.9,1.03,6846.88,1,WATERMARK_LOCK,7,0.0,4.08,LONDON_OPEN,BEARISH,BUY_SIDE,0.01,2.43,1.57,0.608,2.0,1.72,1,TRENDING_ORDERFLOW,3,0.874
15954,XAUUSD,2020-09-08 13:54:00+00:00,2020-09-08 14:19:00+00:00,SHORT,1920.21,1920.21,1922.16,1917.29,22.5,1.62,3.25,0.0,0.0,0,TIMEOUT_SCRATCH,25,0.0,1.02,NY_AM,BEARISH,BUY_SIDE,7.91,3.95,0.7,0.848,2.0,1.89,1,TRENDING_ORDERFLOW,3,0.921
33227,XAUUSD,2020-09-20 13:47:00+00:00,2020-09-20 14:02:00+00:00,SHORT,1957.69,1953.66,1960.19,1953.66,17.25,2.17,4.35,1.85,6941.77,1,TP_HIT,15,0.0,6.69,NY_AM,BEARISH,BUY_SIDE,5.11,5.61,3.93,0.572,2.0,0.5,1,TRENDING_ORDERFLOW,2,0.921
96656,XAUUSD,2020-11-03 14:56:00+00:00,2020-11-03 14:57:00+00:00,SHORT,1917.06,1913.42,1919.37,1913.42,22.5,1.98,3.97,1.84,8198.1,1,TP_HIT,1,0.0,6.2,NY_AM,BEARISH,BUY_SIDE,3.7,3.61,4.56,0.637,2.0,0.9,1,TRENDING_ORDERFLOW,3,0.921
102491,XAUUSD,2020-11-07 16:11:00+00:00,2020-11-07 16:12:00+00:00,SHORT,1965.78,1964.52,1966.89,1964.52,22.5,0.79,1.58,1.59,2829.95,1,TP_HIT,1,0.0,9.18,NY_AM,BEARISH,BUY_SIDE,0.7,7.91,0.82,0.899,2.0,0.74,1,TRENDING_ORDERFLOW,3,0.966
109336,XAUUSD,2020-11-12 10:16:00+00:00,2020-11-12 10:17:00+00:00,SHORT,1888.34,1887.05,1889.47,1887.05,22.5,0.81,1.61,1.6,2897.05,1,TP_HIT,1,0.0,6.34,LONDON_OPEN,BEARISH,BUY_SIDE,0.31,2.81,0.29,0.907,2.0,1.84,1,TRENDING_ORDERFLOW,3,0.941
116723,XAUUSD,2020-11-17 13:23:00+00:00,2020-11-17 13:24:00+00:00,LONG,1904.85,1900.83,1900.83,1911.93,17.25,3.7,7.4,-1.09,-6946.01,0,SL_HIT,1,4.85,0.0,NY_AM,BULLISH,SELL_SIDE,1.1,3.02,0.53,0.415,2.0,1.61,1,TRENDING_ORDERFLOW,2,0.84
116805,XAUUSD,2020-11-17 14:45:00+00:00,2020-11-17 14:46:00+00:00,SHORT,1909.78,1908.07,1911.11,1908.07,22.5,1.01,2.03,1.68,3827.27,1,TP_HIT,1,0.0,8.86,NY_AM,BEARISH,BUY_SIDE,3.51,3.89,1.03,0.867,2.0,1.35,1,TRENDING_ORDERFLOW,3,0.946
117986,XAUUSD,2020-11-18 10:26:00+00:00,2020-11-18 10:28:00+00:00,LONG,1897.08,1897.28,1891.82,1906.61,17.25,4.93,9.86,0.04,345.0,1,SL_HIT,2,0.46,2.49,LONDON_OPEN,BULLISH,SELL_SIDE,4.9,6.63,1.7,0.439,2.0,0.92,1,TRENDING_ORDERFLOW,2,0.89
121057,XAUUSD,2020-11-20 13:37:00+00:00,2020-11-20 13:38:00+00:00,LONG,1882.62,1881.58,1881.58,1883.72,22.5,0.71,1.42,-1.46,-2332.91,0,SL_HIT,1,2.8,0.0,NY_AM,BULLISH,SELL_SIDE,0.3,3.31,3.2,0.257,2.0,0.48,1,TRENDING_ORDERFLOW,3,0.952
126477,XAUUSD,2020-11-24 07:57:00+00:00,2020-11-24 07:58:00+00:00,SHORT,1842.45,1838.91,1844.71,1838.91,22.5,1.93,3.86,1.83,7958.13,1,TP_HIT,1,0.0,7.44,LONDON_OPEN,BEARISH,BUY_SIDE,0.01,4.35,1.15,0.661,2.0,0.81,1,TRENDING_ORDERFLOW,3,0.922
126832,XAUUSD,2020-11-24 13:52:00+00:00,2020-11-24 13:54:00+00:00,LONG,1829.22,1826.7,1826.7,1833.28,22.5,2.19,4.39,-1.15,-5665.25,0,SL_HIT,2,3.63,0.0,NY_AM,BULLISH,SELL_SIDE,4.9,2.89,1.08,0.333,2.0,1.35,1,TRENDING_ORDERFLOW,3,0.862
127888,XAUUSD,2020-11-25 07:28:00+00:00,2020-11-25 07:29:00+00:00,LONG,1827.76,1826.49,1826.49,1829.32,17.25,0.94,1.88,-1.34,-2186.03,0,SL_HIT,1,5.73,0.0,LONDON_OPEN,BULLISH,SELL_SIDE,2.6,2.31,3.13,0.406,2.0,0.55,1,TRENDING_ORDERFLOW,2,0.887
130879,XAUUSD,2020-11-27 09:19:00+00:00,2020-11-27 09:20:00+00:00,LONG,1830.86,1827.97,1827.97,1835.65,22.5,2.56,5.12,-1.13,-6492.09,0,SL_HIT,1,5.3,0.0,LONDON_OPEN,BULLISH,SELL_SIDE,0.2,3.91,0.94,0.35,2.0,1.13,1,TRENDING_ORDERFLOW,3,0.905
132626,XAUUSD,2020-11-28 14:26:00+00:00,2020-11-28 14:28:00+00:00,LONG,1805.31,1802.78,1802.78,1809.39,15.0,2.2,4.41,-1.15,-3793.01,0,SL_HIT,2,6.77,0.0,NY_AM,BULLISH,SELL_SIDE,0.2,2.29,0.4,0.391,2.0,1.36,1,TRENDING_ORDERFLOW,3,0.831
136959,XAUUSD,2020-12-01 15:39:00+00:00,2020-12-01 15:40:00+00:00,SHORT,1837.06,1834.5,1838.83,1834.5,22.5,1.44,2.88,1.77,5750.8,1,TP_HIT,1,0.0,8.67,NY_AM,BEARISH,BUY_SIDE,4.91,2.64,0.51,0.8,2.0,1.67,1,TRENDING_ORDERFLOW,3,0.892
138027,XAUUSD,2020-12-02 09:27:00+00:00,2020-12-02 09:28:00+00:00,SHORT,1847.85,1842.22,1851.15,1842.22,17.25,2.98,5.95,1.89,9707.2,1,TP_HIT,1,0.0,7.31,LONDON_OPEN,BEARISH,BUY_SIDE,0.0,2.71,0.94,0.517,2.0,1.11,1,NORMAL_EXPANSION,2,0.819
138285,XAUUSD,2020-12-02 13:45:00+00:00,2020-12-02 13:46:00+00:00,SHORT,1852.44,1848.7,1854.79,1848.7,22.5,2.03,4.06,1.84,8396.31,1,TP_HIT,1,0.0,11.43,NY_AM,BEARISH,BUY_SIDE,0.0,6.71,1.69,0.792,2.0,1.06,1,TRENDING_ORDERFLOW,3,0.962
141153,XAUUSD,2020-12-04 13:33:00+00:00,2020-12-04 13:34:00+00:00,SHORT,1855.43,1852.52,1857.37,1852.52,22.5,1.62,3.23,1.8,6542.38,1,TP_HIT,1,0.0,9.8,NY_AM,BEARISH,BUY_SIDE,3.4,3.06,1.64,0.735,2.0,1.11,1,TRENDING_ORDERFLOW,3,0.913
144036,XAUUSD,2020-12-06 13:36:00+00:00,2020-12-06 13:37:00+00:00,SHORT,1850.39,1847.13,1852.5,1847.13,15.0,1.79,3.58,1.82,4886.21,1,TP_HIT,1,0.0,7.33,NY_AM,BEARISH,BUY_SIDE,8.8,2.03,2.15,0.632,2.0,0.94,1,TRENDING_ORDERFLOW,3,0.823
145447,XAUUSD,2020-12-07 13:07:00+00:00,2020-12-07 13:08:00+00:00,SHORT,1844.89,1840.14,1847.76,1840.14,17.25,2.54,5.08,1.87,8194.43,1,TP_HIT,1,0.0,5.9,NY_AM,BEARISH,BUY_SIDE,0.41,1.59,1.31,0.55,2.0,0.85,1,NORMAL_EXPANSION,2,0.808
148127,XAUUSD,2020-12-09 09:47:00+00:00,2020-12-09 09:48:00+00:00,LONG,1874.96,1874.13,1874.13,1875.66,22.5,0.51,1.02,-1.64,-1874.13,0,SL_HIT,1,3.93,0.0,LONDON_OPEN,BULLISH,SELL_SIDE,7.29,2.83,1.5,0.11,2.0,0.65,1,TRENDING_ORDERFLOW,3,0.93
149513,XAUUSD,2020-12-10 08:53:00+00:00,2020-12-10 08:54:00+00:00,LONG,1857.47,1855.49,1855.49,1860.47,17.25,1.66,3.32,-1.2,-3424.87,0,SL_HIT,1,5.32,0.0,LONDON_OPEN,BULLISH,SELL_SIDE,4.8,2.67,4.23,0.434,2.0,0.27,1,TRENDING_ORDERFLOW,2,0.871
151314,XAUUSD,2020-12-11 14:54:00+00:00,2020-12-11 14:55:00+00:00,LONG,1854.04,1853.04,1853.04,1855.07,17.25,0.68,1.36,-1.48,-1730.65,0,SL_HIT,1,4.54,0.0,NY_AM,BULLISH,SELL_SIDE,1.9,1.89,1.67,0.418,2.0,0.45,1,TRENDING_ORDERFLOW,2,0.835
153856,XAUUSD,2020-12-13 09:16:00+00:00,2020-12-13 09:17:00+00:00,LONG,1854.56,1853.42,1853.42,1855.85,17.25,0.81,1.62,-1.4,-1954.55,0,SL_HIT,1,2.77,0.0,LONDON_OPEN,BULLISH,SELL_SIDE,12.9,6.02,0.82,0.215,2.0,0.45,1,TRENDING_ORDERFLOW,2,0.9
154115,XAUUSD,2020-12-13 13:35:00+00:00,2020-12-13 13:42:00+00:00,LONG,1853.11,1850.04,1850.04,1858.27,17.25,2.74,5.49,-1.12,-5294.97,0,SL_HIT,7,3.89,0.0,NY_AM,BULLISH,SELL_SIDE,4.1,4.05,3.13,0.44,2.0,0.82,1,TRENDING_ORDERFLOW,2,0.905
158084,XAUUSD,2020-12-16 07:44:00+00:00,2020-12-16 07:45:00+00:00,LONG,1869.77,1868.28,1868.28,1871.77,22.5,1.16,2.33,-1.28,-3349.14,0,SL_HIT,1,3.89,0.0,LONDON_OPEN,BULLISH,SELL_SIDE,8.19,2.11,4.89,0.376,2.0,0.82,1,TRENDING_ORDERFLOW,3,0.856
158420,XAUUSD,2020-12-16 13:20:00+00:00,2020-12-16 13:21:00+00:00,SHORT,1873.38,1868.84,1876.14,1868.84,22.5,2.43,4.86,1.87,10212.73,1,TP_HIT,1,0.0,12.12,NY_AM,BEARISH,BUY_SIDE,11.21,4.99,0.32,0.741,2.0,1.28,1,TRENDING_ORDERFLOW,3,0.881
159508,XAUUSD,2020-12-17 07:28:00+00:00,2020-12-17 07:29:00+00:00,SHORT,1883.59,1880.82,1885.45,1880.82,17.25,1.54,3.09,1.79,4764.34,1,TP_HIT,1,0.0,7.06,LONDON_OPEN,BEARISH,BUY_SIDE,20.01,4.97,1.88,0.726,2.0,0.76,1,NORMAL_EXPANSION,2,0.859
159556,XAUUSD,2020-12-17 08:16:00+00:00,2020-12-17 08:17:00+00:00,LONG,1885.11,1883.46,1883.46,1887.42,22.5,1.32,2.64,-1.25,-3696.38,0,SL_HIT,1,2.46,0.0,LONDON_OPEN,BULLISH,SELL_SIDE,6.0,1.7,0.33,0.166,2.0,1.52,1,TRENDING_ORDERFLOW,3,0.871
162428,XAUUSD,2020-12-19 08:08:00+00:00,2020-12-19 08:09:00+00:00,LONG,1899.11,1897.5,1897.5,1901.37,22.5,1.29,2.59,-1.25,-3639.5,0,SL_HIT,1,4.88,0.0,LONDON_OPEN,BULLISH,SELL_SIDE,4.0,2.98,1.32,0.263,2.0,0.95,1,TRENDING_ORDERFLOW,3,0.902
162781,XAUUSD,2020-12-19 14:01:00+00:00,2020-12-19 14:02:00+00:00,LONG,1898.53,1896.41,1896.41,1901.78,22.5,1.79,3.58,-1.18,-4756.65,0,SL_HIT,1,5.53,0.0,NY_AM,BULLISH,SELL_SIDE,7.9,6.28,3.75,0.375,2.0,0.46,1,TRENDING_ORDERFLOW,3,0.922
162798,XAUUSD,2020-12-19 14:18:00+00:00,2020-12-19 14:19:00+00:00,SHORT,1896.97,1894.38,1898.75,1894.38,22.5,1.46,2.91,1.78,5822.12,1,TP_HIT,1,0.0,5.33,NY_AM,BEARISH,BUY_SIDE,2.81,1.5,1.69,0.692,2.0,1.78,1,TRENDING_ORDERFLOW,3,0.868
162904,XAUUSD,2020-12-19 16:04:00+00:00,2020-12-19 16:05:00+00:00,SHORT,1899.81,1897.22,1901.59,1897.22,15.0,1.46,2.92,1.78,3889.83,1,TP_HIT,1,0.0,7.96,NY_AM,BEARISH,BUY_SIDE,5.5,1.95,1.07,0.702,2.0,1.19,1,TRENDING_ORDERFLOW,3,0.846
163804,XAUUSD,2020-12-20 07:04:00+00:00,2020-12-20 07:05:00+00:00,LONG,1898.66,1896.89,1896.89,1901.23,22.5,1.45,2.9,-1.22,-3988.52,0,SL_HIT,1,2.55,0.0,LONDON_OPEN,BULLISH,SELL_SIDE,6.8,4.57,4.22,0.291,2.0,0.71,1,TRENDING_ORDERFLOW,3,0.94
166818,XAUUSD,2020-12-22 13:09:00+00:00,2020-12-22 13:10:00+00:00,LONG,1893.99,1892.88,1892.88,1895.23,22.5,0.78,1.56,-1.42,-2491.76,0,SL_HIT,1,4.16,0.0,NY_AM,BULLISH,SELL_SIDE,1.49,1.62,0.53,0.262,2.0,1.08,1,TRENDING_ORDERFLOW,3,0.866
177031,XAUUSD,2020-12-29 16:22:00+00:00,2020-12-29 16:23:00+00:00,LONG,1922.13,1919.71,1919.71,1926.01,22.5,2.1,4.2,-1.15,-5460.38,0,SL_HIT,1,6.13,0.0,NY_AM,BULLISH,SELL_SIDE,1.19,4.61,2.96,0.391,2.0,0.68,1,TRENDING_ORDERFLOW,3,0.939
182347,XAUUSD,2021-01-02 08:58:00+00:00,2021-01-02 08:59:00+00:00,SHORT,1952.41,1945.78,1956.21,1945.78,17.25,3.48,6.96,1.91,11440.7,1,TP_HIT,1,0.0,11.7,LONDON_OPEN,BEARISH,BUY_SIDE,0.11,6.83,1.44,0.596,2.0,0.73,1,TRENDING_ORDERFLOW,2,0.92
182590,XAUUSD,2021-01-02 13:01:00+00:00,2021-01-02 13:02:00+00:00,SHORT,1968.14,1959.74,1972.82,1959.74,17.25,4.36,8.72,1.93,14482.33,1,TP_HIT,1,0.0,24.14,NY_AM,BEARISH,BUY_SIDE,22.41,3.81,0.46,0.832,2.0,4.74,1,NORMAL_EXPANSION,2,0.805
184086,XAUUSD,2021-01-03 13:57:00+00:00,2021-01-03 13:58:00+00:00,LONG,1961.97,1960.11,1960.11,1964.72,22.5,1.54,3.07,-1.21,-4190.37,0,SL_HIT,1,3.1,0.0,NY_AM,BULLISH,SELL_SIDE,0.7,4.19,0.85,0.151,2.0,1.72,1,TRENDING_ORDERFLOW,3,0.952
186608,XAUUSD,2021-01-05 07:59:00+00:00,2021-01-05 08:00:00+00:00,SHORT,2075.93,2074.43,2077.17,2074.43,22.5,0.92,1.83,1.65,3391.52,1,TP_HIT,1,0.0,8.87,LONDON_OPEN,BEARISH,BUY_SIDE,0.0,2.34,0.84,0.877,2.0,1.91,1,TRENDING_ORDERFLOW,3,0.938
188040,XAUUSD,2021-01-06 07:51:00+00:00,2021-01-06 07:52:00+00:00,LONG,2008.06,2009.22,2006.99,2009.22,22.5,0.74,1.48,1.56,2609.41,1,TP_HIT,1,0.0,2.45,LONDON_OPEN,BULLISH,SELL_SIDE,1.79,4.36,0.67,0.045,2.0,2.08,1,TRENDING_ORDERFLOW,3,0.965
189917,XAUUSD,2021-01-07 15:08:00+00:00,2021-01-07 15:09:00+00:00,SHORT,1979.47,1962.06,1988.67,1962.06,17.25,8.87,17.74,1.96,30034.4,1,TP_HIT,1,0.0,42.92,NY_AM,BEARISH,BUY_SIDE,18.3,6.18,0.95,0.825,2.0,4.92,1,NORMAL_EXPANSION,2,0.885
190995,XAUUSD,2021-01-08 09:06:00+00:00,2021-01-08 09:07:00+00:00,SHORT,1928.24,1926.86,1929.42,1926.86,22.5,0.85,1.7,1.62,3097.1,1,TP_HIT,1,0.0,13.71,LONDON_OPEN,BEARISH,BUY_SIDE,4.9,3.17,0.76,0.94,2.0,2.41,1,TRENDING_ORDERFLOW,3,0.943
191322,XAUUSD,2021-01-08 14:33:00+00:00,2021-01-08 14:34:00+00:00,SHORT,1928.07,1926.83,1929.18,1926.83,22.5,0.78,1.57,1.59,2792.88,1,TP_HIT,1,0.0,12.14,NY_AM,BEARISH,BUY_SIDE,2.8,5.35,0.18,0.904,2.0,1.09,1,TRENDING_ORDERFLOW,3,0.956
192484,XAUUSD,2021-01-09 09:55:00+00:00,2021-01-09 09:56:00+00:00,SHORT,1893.73,1889.48,1896.34,1889.48,22.5,2.29,4.57,1.86,9552.97,1,TP_HIT,1,0.0,9.32,LONDON_OPEN,BEARISH,BUY_SIDE,0.1,2.89,1.44,0.686,2.0,0.98,1,TRENDING_ORDERFLOW,3,0.908
193758,XAUUSD,2021-01-10 07:09:00+00:00,2021-01-10 07:10:00+00:00,LONG,1881.21,1879.88,1879.88,1882.91,22.5,1.01,2.02,-1.32,-3008.52,0,SL_HIT,1,4.9,1.29,LONDON_OPEN,BULLISH,SELL_SIDE,5.8,6.44,0.62,0.12,2.0,0.67,1,TRENDING_ORDERFLOW,3,0.949
196763,XAUUSD,2021-01-12 09:14:00+00:00,2021-01-12 09:15:00+00:00,SHORT,1867.56,1866.46,1868.6,1866.46,22.5,0.72,1.43,1.55,2491.68,1,TP_HIT,1,0.0,15.85,LONDON_OPEN,BEARISH,BUY_SIDE,2.8,3.69,0.72,0.943,2.0,1.91,1,TRENDING_ORDERFLOW,3,0.955
197131,XAUUSD,2021-01-12 15:22:00+00:00,2021-01-12 15:23:00+00:00,LONG,1863.51,1864.04,1862.75,1864.04,22.5,0.43,0.86,1.25,1211.16,1,TP_HIT,1,0.37,0.64,NY_AM,BULLISH,SELL_SIDE,9.99,2.97,0.34,0.013,2.0,2.27,1,TRENDING_ORDERFLOW,3,0.925
198134,XAUUSD,2021-01-13 08:05:00+00:00,2021-01-13 08:06:00+00:00,SHORT,1879.61,1867.97,1885.91,1867.97,17.25,5.98,11.96,1.95,20070.09,1,TP_HIT,1,0.0,13.41,LONDON_OPEN,BEARISH,BUY_SIDE,0.01,3.21,1.0,0.514,2.0,1.87,1,NORMAL_EXPANSION,2,0.835
199714,XAUUSD,2021-01-14 10:25:00+00:00,2021-01-14 10:26:00+00:00,LONG,1870.78,1869.08,1869.08,1873.22,22.5,1.38,2.76,-1.24,-3837.02,0,SL_HIT,1,4.29,0.0,LONDON_OPEN,BULLISH,SELL_SIDE,0.09,2.27,0.15,0.281,2.0,1.33,1,TRENDING_ORDERFLOW,3,0.874
202491,XAUUSD,2021-01-16 08:42:00+00:00,2021-01-16 08:43:00+00:00,SHORT,1859.24,1856.75,1860.98,1856.75,22.5,1.41,2.82,1.77,5615.91,1,TP_HIT,1,0.0,17.24,LONDON_OPEN,BEARISH,BUY_SIDE,0.01,2.94,0.43,0.871,2.0,1.94,1,TRENDING_ORDERFLOW,3,0.938
204215,XAUUSD,2021-01-17 13:26:00+00:00,2021-01-17 13:27:00+00:00,SHORT,1851.3,1845.86,1854.51,1845.86,22.5,2.88,5.76,1.89,12239.12,1,TP_HIT,1,0.0,12.3,NY_AM,BEARISH,BUY_SIDE,0.0,6.04,3.25,0.606,2.0,0.68,1,TRENDING_ORDERFLOW,3,0.947
205786,XAUUSD,2021-01-18 15:37:00+00:00,2021-01-18 15:38:00+00:00,SHORT,1858.97,1856.61,1860.63,1856.61,22.5,1.34,2.68,1.76,5288.84,1,TP_HIT,1,0.0,12.96,NY_AM,BEARISH,BUY_SIDE,7.91,5.9,0.31,0.865,2.0,1.25,1,TRENDING_ORDERFLOW,3,0.935
207092,XAUUSD,2021-01-19 13:23:00+00:00,2021-01-19 13:24:00+00:00,SHORT,1876.75,1873.99,1878.62,1873.99,22.5,1.54,3.08,1.79,6205.37,1,TP_HIT,1,0.0,11.33,NY_AM,BEARISH,BUY_SIDE,2.1,3.19,0.75,0.782,2.0,1.48,1,TRENDING_ORDERFLOW,3,0.917
212500,XAUUSD,2021-01-23 07:31:00+00:00,2021-01-23 07:32:00+00:00,LONG,1871.12,1868.75,1868.75,1874.88,22.5,2.04,4.08,-1.16,-5321.29,0,SL_HIT,1,3.12,0.0,LONDON_OPEN,BULLISH,SELL_SIDE,0.4,3.83,0.43,0.302,2.0,1.13,1,TRENDING_ORDERFLOW,3,0.906
214045,XAUUSD,2021-01-24 09:16:00+00:00,2021-01-24 09:17:00+00:00,LONG,1870.95,1868.88,1868.88,1874.11,15.0,1.74,3.49,-1.19,-3102.11,0,SL_HIT,1,9.14,0.0,LONDON_OPEN,BULLISH,SELL_SIDE,3.8,3.1,0.39,0.354,2.0,0.62,1,TRENDING_ORDERFLOW,3,0.844
218406,XAUUSD,2021-01-27 09:57:00+00:00,2021-01-27 09:58:00+00:00,SHORT,1856.93,1853.87,1858.94,1853.87,17.25,1.69,3.38,1.81,5269.28,1,TP_HIT,1,0.0,6.97,LONDON_OPEN,BEARISH,BUY_SIDE,1.0,2.33,1.33,0.542,2.0,0.8,1,NORMAL_EXPANSION,2,0.824
219769,XAUUSD,2021-01-28 08:40:00+00:00,2021-01-28 08:41:00+00:00,SHORT,1854.52,1850.69,1856.93,1850.69,17.25,2.08,4.16,1.84,6616.28,1,TP_HIT,1,0.0,9.14,LONDON_OPEN,BEARISH,BUY_SIDE,3.0,3.15,1.72,0.516,2.0,0.67,1,NORMAL_EXPANSION,2,0.835
220195,XAUUSD,2021-01-28 15:46:00+00:00,2021-01-28 15:47:00+00:00,SHORT,1874.05,1872.14,1875.49,1872.14,17.25,1.11,2.23,1.71,3285.45,1,TP_HIT,1,0.0,7.52,NY_AM,BEARISH,BUY_SIDE,0.0,1.55,2.05,0.543,2.0,0.77,1,NORMAL_EXPANSION,2,0.834
222666,XAUUSD,2021-01-30 08:57:00+00:00,2021-01-30 08:58:00+00:00,SHORT,1878.86,1877.96,1879.8,1877.96,22.5,0.61,1.22,1.47,2024.11,1,TP_HIT,1,0.0,8.86,LONDON_OPEN,BEARISH,BUY_SIDE,0.91,1.82,1.38,0.786,2.0,0.95,1,TRENDING_ORDERFLOW,3,0.912
222729,XAUUSD,2021-01-30 10:00:00+00:00,2021-01-30 10:01:00+00:00,SHORT,1875.7,1871.52,1878.28,1871.52,17.25,2.25,4.51,1.86,7216.17,1,TP_HIT,1,0.0,10.35,LONDON_OPEN,BEARISH,BUY_SIDE,0.0,3.7,2.41,0.57,2.0,0.76,1,TRENDING_ORDERFLOW,2,0.909
224101,XAUUSD,2021-01-31 08:52:00+00:00,2021-01-31 08:53:00+00:00,SHORT,1875.77,1872.64,1877.82,1872.64,17.25,1.72,3.45,1.81,5390.36,1,TP_HIT,1,0.0,11.36,LONDON_OPEN,BEARISH,BUY_SIDE,0.11,3.13,0.64,0.55,2.0,0.64,1,NORMAL_EXPANSION,2,0.838
228311,XAUUSD,2021-02-03 07:02:00+00:00,2021-02-03 07:03:00+00:00,SHORT,1859.31,1857.86,1860.52,1857.86,22.5,0.89,1.77,1.63,3258.99,1,TP_HIT,1,0.0,8.28,LONDON_OPEN,BEARISH,BUY_SIDE,1.9,3.3,0.16,0.705,2.0,0.58,1,TRENDING_ORDERFLOW,3,0.882
229798,XAUUSD,2021-02-04 07:49:00+00:00,2021-02-04 07:50:00+00:00,SHORT,1843.94,1841.2,1845.8,1841.2,22.5,1.53,3.07,1.79,6172.58,1,TP_HIT,1,0.0,10.09,LONDON_OPEN,BEARISH,BUY_SIDE,5.0,3.88,0.32,0.694,2.0,0.7,1,TRENDING_ORDERFLOW,3,0.876
235995,XAUUSD,2021-02-08 15:06:00+00:00,2021-02-08 15:07:00+00:00,LONG,1855.17,1852.1,1844.9,1874.73,22.5,9.94,19.88,-0.31,-6899.96,0,WATERMARK_LOCK,1,3.64,7.56,NY_AM,BULLISH,SELL_SIDE,0.29,4.24,0.52,0.264,2.0,3.14,1,TRENDING_ORDERFLOW,3,0.926
238427,XAUUSD,2021-02-10 07:38:00+00:00,2021-02-10 07:39:00+00:00,SHORT,1879.6,1873.41,1883.18,1873.41,17.25,3.26,6.51,1.9,10672.75,1,TP_HIT,1,0.0,11.08,LONDON_OPEN,BEARISH,BUY_SIDE,0.0,2.25,1.9,0.512,2.0,1.31,1,NORMAL_EXPANSION,2,0.836
239885,XAUUSD,2021-02-11 09:15:00+00:00,2021-02-11 09:16:00+00:00,LONG,1865.0,1863.3,1863.3,1867.41,17.25,1.37,2.74,-1.24,-2919.93,0,SL_HIT,1,7.96,0.0,LONDON_OPEN,BULLISH,SELL_SIDE,0.4,2.15,1.17,0.478,2.0,0.65,1,NORMAL_EXPANSION,2,0.807
254555,XAUUSD,2021-02-21 13:45:00+00:00,2021-02-21 13:46:00+00:00,LONG,1839.18,1837.45,1837.45,1841.67,15.0,1.41,2.81,-1.23,-2598.74,0,SL_HIT,1,6.01,0.0,NY_AM,BULLISH,SELL_SIDE,7.5,2.64,0.27,0.264,2.0,1.12,1,TRENDING_ORDERFLOW,3,0.84
261768,XAUUSD,2021-02-26 13:58:00+00:00,2021-02-26 13:59:00+00:00,SHORT,1780.36,1774.89,1783.58,1774.89,17.25,2.9,5.79,1.89,9428.58,1,TP_HIT,1,0.0,11.7,NY_AM,BEARISH,BUY_SIDE,4.41,2.38,2.03,0.548,2.0,1.37,1,NORMAL_EXPANSION,2,0.825
263173,XAUUSD,2021-02-27 13:23:00+00:00,2021-02-27 13:24:00+00:00,SHORT,1757.73,1756.05,1759.05,1756.05,22.5,1.0,2.0,1.68,3778.41,1,TP_HIT,1,0.0,11.74,NY_AM,BEARISH,BUY_SIDE,2.71,2.81,1.08,0.786,2.0,0.75,1,TRENDING_ORDERFLOW,3,0.915
264270,XAUUSD,2021-02-28 07:40:00+00:00,2021-02-28 07:41:00+00:00,SHORT,1753.19,1751.92,1754.32,1751.92,22.5,0.8,1.6,1.59,2866.44,1,TP_HIT,1,0.0,10.72,LONDON_OPEN,BEARISH,BUY_SIDE,5.9,1.92,0.58,0.782,2.0,1.14,1,TRENDING_ORDERFLOW,3,0.863
264399,XAUUSD,2021-02-28 09:49:00+00:00,2021-02-28 09:50:00+00:00,LONG,1749.35,1746.13,1746.13,1754.81,17.25,2.89,5.79,-1.11,-5553.73,0,SL_HIT,1,8.64,0.0,LONDON_OPEN,BULLISH,SELL_SIDE,5.59,3.49,1.1,0.417,2.0,1.1,1,TRENDING_ORDERFLOW,2,0.835
267649,XAUUSD,2021-03-02 15:59:00+00:00,2021-03-02 16:00:00+00:00,LONG,1735.37,1733.15,1733.15,1738.83,15.0,1.89,3.79,-1.17,-3328.57,0,SL_HIT,1,8.04,0.0,NY_AM,BULLISH,SELL_SIDE,1.4,2.37,0.3,0.386,2.0,1.16,1,TRENDING_ORDERFLOW,3,0.822
271798,XAUUSD,2021-03-05 13:08:00+00:00,2021-03-05 13:09:00+00:00,SHORT,1718.92,1716.22,1720.75,1716.22,22.5,1.51,3.02,1.79,6073.89,1,TP_HIT,1,0.0,13.16,NY_AM,BEARISH,BUY_SIDE,9.51,2.74,0.97,0.81,2.0,1.35,1,TRENDING_ORDERFLOW,3,0.882
273323,XAUUSD,2021-03-06 16:03:00+00:00,2021-03-06 16:04:00+00:00,LONG,1717.97,1717.1,1717.1,1718.73,22.5,0.54,1.09,-1.6,-1955.89,0,SL_HIT,1,5.9,0.0,NY_AM,BULLISH,SELL_SIDE,1.39,4.82,1.57,0.067,2.0,1.1,1,TRENDING_ORDERFLOW,3,0.973
276121,XAUUSD,2021-03-08 14:41:00+00:00,2021-03-08 14:42:00+00:00,LONG,1719.24,1717.36,1717.36,1722.03,22.5,1.56,3.12,-1.21,-4238.43,0,SL_HIT,1,8.84,0.0,NY_AM,BULLISH,SELL_SIDE,3.5,3.01,0.62,0.305,2.0,1.06,1,TRENDING_ORDERFLOW,3,0.873
276158,XAUUSD,2021-03-08 15:18:00+00:00,2021-03-08 15:19:00+00:00,LONG,1717.86,1717.24,1717.24,1718.13,22.5,0.3,0.59,-2.1,-1396.56,0,SL_HIT,1,7.26,0.0,NY_AM,BULLISH,SELL_SIDE,0.19,1.5,0.53,0.007,2.0,1.57,1,TRENDING_ORDERFLOW,3,0.945
279068,XAUUSD,2021-03-10 15:48:00+00:00,2021-03-10 15:49:00+00:00,SHORT,1737.04,1730.88,1740.61,1730.88,17.25,3.24,6.48,1.9,10624.32,1,TP_HIT,1,0.0,13.95,NY_AM,BEARISH,BUY_SIDE,0.61,3.28,1.59,0.593,2.0,1.35,1,TRENDING_ORDERFLOW,2,0.885
287332,XAUUSD,2021-03-16 09:32:00+00:00,2021-03-16 09:33:00+00:00,LONG,1752.97,1751.43,1751.43,1755.06,15.0,1.21,2.42,-1.27,-2305.48,0,SL_HIT,1,7.77,0.0,LONDON_OPEN,BULLISH,SELL_SIDE,3.3,2.46,1.16,0.399,2.0,0.68,1,TRENDING_ORDERFLOW,3,0.833
287687,XAUUSD,2021-03-16 15:27:00+00:00,2021-03-16 15:28:00+00:00,SHORT,1754.74,1748.65,1758.27,1748.65,17.25,3.21,6.42,1.9,10508.87,1,TP_HIT,1,0.0,15.56,NY_AM,BEARISH,BUY_SIDE,1.7,3.44,0.68,0.51,2.0,0.93,1,NORMAL_EXPANSION,2,0.814
288745,XAUUSD,2021-03-17 09:05:00+00:00,2021-03-17 09:06:00+00:00,SHORT,1755.35,1751.01,1758.01,1751.01,22.5,2.33,4.66,1.86,9764.43,1,TP_HIT,1,0.0,13.23,LONDON_OPEN,BEARISH,BUY_SIDE,0.0,5.14,0.33,0.637,2.0,0.75,1,TRENDING_ORDERFLOW,3,0.91
291555,XAUUSD,2021-03-19 07:55:00+00:00,2021-03-19 07:56:00+00:00,SHORT,1760.44,1759.15,1761.57,1759.15,22.5,0.81,1.61,1.6,2900.75,1,TP_HIT,1,0.0,11.15,LONDON_OPEN,BEARISH,BUY_SIDE,3.61,4.3,2.39,0.691,2.0,0.31,1,TRENDING_ORDERFLOW,3,0.934
294542,XAUUSD,2021-03-21 09:42:00+00:00,2021-03-21 09:43:00+00:00,SHORT,1767.52,1763.53,1770.0,1763.53,17.25,2.16,4.31,1.85,6874.47,1,TP_HIT,1,0.0,15.87,LONDON_OPEN,BEARISH,BUY_SIDE,0.0,2.59,1.6,0.597,2.0,0.97,1,TRENDING_ORDERFLOW,2,0.874
294775,XAUUSD,2021-03-21 13:35:00+00:00,2021-03-21 13:36:00+00:00,SHORT,1767.64,1765.47,1769.22,1765.47,22.5,1.25,2.5,1.74,4902.8,1,TP_HIT,1,0.0,15.87,NY_AM,BEARISH,BUY_SIDE,1.8,1.96,0.87,0.69,2.0,1.21,1,TRENDING_ORDERFLOW,3,0.863
295846,XAUUSD,2021-03-22 07:26:00+00:00,2021-03-22 07:27:00+00:00,LONG,1751.48,1749.68,1749.68,1754.1,22.5,1.47,2.94,-1.22,-4041.4,0,SL_HIT,1,12.36,0.0,LONDON_OPEN,BULLISH,SELL_SIDE,0.9,4.22,1.54,0.235,2.0,0.87,1,TRENDING_ORDERFLOW,3,0.946
295997,XAUUSD,2021-03-22 09:57:00+00:00,2021-03-22 09:58:00+00:00,LONG,1748.78,1748.13,1748.13,1749.1,22.5,0.32,0.65,-2.01,-1458.77,0,SL_HIT,1,7.2,0.0,LONDON_OPEN,BULLISH,SELL_SIDE,2.4,3.93,0.93,0.043,2.0,0.48,1,TRENDING_ORDERFLOW,3,0.963
299182,XAUUSD,2021-03-24 15:02:00+00:00,2021-03-24 15:03:00+00:00,LONG,1748.91,1747.38,1747.38,1751.0,22.5,1.2,2.41,-1.27,-3439.93,0,SL_HIT,1,9.12,0.0,NY_AM,BULLISH,SELL_SIDE,5.59,4.1,1.04,0.278,2.0,0.69,1,TRENDING_ORDERFLOW,3,0.905
299187,XAUUSD,2021-03-24 15:07:00+00:00,2021-03-24 15:08:00+00:00,SHORT,1748.63,1746.95,1749.96,1746.95,15.0,1.0,2.0,1.68,2516.9,1,TP_HIT,1,0.0,11.53,NY_AM,BEARISH,BUY_SIDE,3.4,1.9,0.84,0.693,2.0,1.01,1,TRENDING_ORDERFLOW,3,0.849
301688,XAUUSD,2021-03-26 08:48:00+00:00,2021-03-26 08:49:00+00:00,LONG,1736.48,1734.67,1734.67,1739.11,22.5,1.48,2.96,-1.22,-4059.4,0,SL_HIT,1,6.67,0.0,LONDON_OPEN,BULLISH,SELL_SIDE,1.6,3.69,0.22,0.129,2.0,1.79,1,TRENDING_ORDERFLOW,3,0.94
303221,XAUUSD,2021-03-27 10:21:00+00:00,2021-03-27 10:22:00+00:00,LONG,1749.07,1748.15,1748.15,1749.93,22.5,0.59,1.19,-1.55,-2067.83,0,SL_HIT,1,7.93,0.0,LONDON_OPEN,BULLISH,SELL_SIDE,0.3,2.66,2.55,0.147,2.0,0.96,1,TRENDING_ORDERFLOW,3,0.958
303524,XAUUSD,2021-03-27 15:24:00+00:00,2021-03-27 15:25:00+00:00,SHORT,1750.33,1749.83,1751.07,1749.83,22.5,0.41,0.83,1.21,1127.02,1,TP_HIT,1,0.0,10.37,NY_AM,BEARISH,BUY_SIDE,2.5,1.59,1.46,0.862,2.0,1.02,1,TRENDING_ORDERFLOW,3,0.923
307725,XAUUSD,2021-03-30 13:25:00+00:00,2021-03-30 13:26:00+00:00,SHORT,1720.91,1720.4,1721.65,1720.4,22.5,0.42,0.84,1.22,1153.33,1,TP_HIT,1,0.0,14.35,NY_AM,BEARISH,BUY_SIDE,0.0,3.79,0.26,0.942,2.0,0.99,1,TRENDING_ORDERFLOW,3,0.958
308795,XAUUSD,2021-03-31 07:15:00+00:00,2021-03-31 07:16:00+00:00,SHORT,1712.29,1710.37,1713.75,1710.37,22.5,1.13,2.25,1.71,4338.85,1,TP_HIT,1,0.0,17.97,LONDON_OPEN,BEARISH,BUY_SIDE,1.0,6.82,0.65,0.894,2.0,1.12,1,TRENDING_ORDERFLOW,3,0.964
313200,XAUUSD,2021-04-03 08:40:00+00:00,2021-04-03 08:41:00+00:00,SHORT,1757.86,1756.23,1759.17,1756.23,22.5,0.98,1.96,1.67,3677.2,1,TP_HIT,1,0.0,16.28,LONDON_OPEN,BEARISH,BUY_SIDE,0.0,6.22,0.22,0.796,2.0,0.54,1,TRENDING_ORDERFLOW,3,0.946
313535,XAUUSD,2021-04-03 14:15:00+00:00,2021-04-03 14:16:00+00:00,SHORT,1759.73,1759.29,1760.44,1759.29,22.5,0.39,0.77,1.16,1001.96,1,TP_HIT,1,0.0,10.57,NY_AM,BEARISH,BUY_SIDE,0.0,1.52,0.45,0.795,2.0,0.51,1,TRENDING_ORDERFLOW,3,0.893
314750,XAUUSD,2021-04-04 10:30:00+00:00,2021-04-04 10:31:00+00:00,LONG,1751.09,1749.16,1749.16,1753.98,22.5,1.61,3.21,-1.2,-4344.84,0,SL_HIT,1,8.86,0.0,LONDON_OPEN,BULLISH,SELL_SIDE,4.99,5.21,1.02,0.334,2.0,0.57,1,TRENDING_ORDERFLOW,3,0.908
315059,XAUUSD,2021-04-04 15:39:00+00:00,2021-04-04 15:40:00+00:00,SHORT,1755.36,1752.4,1757.34,1752.4,22.5,1.65,3.29,1.8,6677.29,1,TP_HIT,1,0.0,15.0,NY_AM,BEARISH,BUY_SIDE,5.01,3.32,0.8,0.724,2.0,1.04,1,TRENDING_ORDERFLOW,3,0.887
315106,XAUUSD,2021-04-04 16:26:00+00:00,2021-04-04 16:27:00+00:00,LONG,1752.87,1750.42,1750.42,1756.78,22.5,2.12,4.24,-1.15,-5505.23,0,SL_HIT,1,5.19,0.0,NY_AM,BULLISH,SELL_SIDE,0.39,5.3,0.72,0.254,2.0,1.07,1,TRENDING_ORDERFLOW,3,0.942
316190,XAUUSD,2021-04-05 10:30:00+00:00,2021-04-05 10:31:00+00:00,LONG,1758.65,1755.51,1755.51,1763.96,17.25,2.82,5.64,-1.12,-5421.0,0,SL_HIT,1,7.86,0.0,LONDON_OPEN,BULLISH,SELL_SIDE,2.5,4.26,0.91,0.471,2.0,0.71,1,NORMAL_EXPANSION,2,0.851
316402,XAUUSD,2021-04-05 14:02:00+00:00,2021-04-05 14:04:00+00:00,LONG,1751.11,1745.63,1745.63,1761.09,22.5,5.16,10.31,-1.06,-12330.2,0,SL_HIT,2,5.81,0.0,NY_AM,BULLISH,SELL_SIDE,7.1,5.42,0.21,0.348,2.0,1.7,1,TRENDING_ORDERFLOW,3,0.871
320343,XAUUSD,2021-04-08 07:43:00+00:00,2021-04-08 07:44:00+00:00,LONG,1775.3,1773.1,1773.1,1778.73,17.25,1.88,3.76,-1.17,-3799.57,0,SL_HIT,1,9.54,0.0,LONDON_OPEN,BULLISH,SELL_SIDE,1.4,4.61,0.35,0.432,2.0,0.51,1,TRENDING_ORDERFLOW,2,0.869
320841,XAUUSD,2021-04-08 16:01:00+00:00,2021-04-08 16:02:00+00:00,LONG,1787.15,1784.85,1784.85,1790.77,22.5,1.97,3.95,-1.16,-5171.11,0,SL_HIT,1,9.12,0.0,NY_AM,BULLISH,SELL_SIDE,5.8,3.5,1.06,0.319,2.0,0.95,1,TRENDING_ORDERFLOW,3,0.877
321758,XAUUSD,2021-04-09 07:18:00+00:00,2021-04-09 07:19:00+00:00,SHORT,1772.28,1770.78,1773.51,1770.78,22.5,0.91,1.82,1.64,3368.28,1,TP_HIT,1,0.0,13.28,LONDON_OPEN,BEARISH,BUY_SIDE,3.71,3.05,0.54,0.739,2.0,0.74,1,TRENDING_ORDERFLOW,3,0.887
321893,XAUUSD,2021-04-09 09:33:00+00:00,2021-04-09 09:34:00+00:00,LONG,1771.94,1770.68,1770.68,1773.5,22.5,0.94,1.88,-1.35,-2843.94,0,SL_HIT,1,10.33,0.0,LONDON_OPEN,BULLISH,SELL_SIDE,0.39,4.34,0.72,0.389,2.0,0.32,1,TRENDING_ORDERFLOW,3,0.895
323330,XAUUSD,2021-04-10 09:30:00+00:00,2021-04-10 09:31:00+00:00,SHORT,1774.62,1773.32,1775.76,1773.32,22.5,0.81,1.63,1.6,2932.9,1,TP_HIT,1,0.0,10.61,LONDON_OPEN,BEARISH,BUY_SIDE,0.0,3.22,1.75,0.648,2.0,0.43,1,TRENDING_ORDERFLOW,3,0.91
324734,XAUUSD,2021-04-11 08:54:00+00:00,2021-04-11 08:55:00+00:00,SHORT,1772.71,1771.56,1773.77,1771.56,22.5,0.74,1.47,1.56,2582.1,1,TP_HIT,1,0.0,14.57,LONDON_OPEN,BEARISH,BUY_SIDE,0.0,9.51,1.73,0.841,2.0,0.38,1,TRENDING_ORDERFLOW,3,0.968
326470,XAUUSD,2021-04-12 13:50:00+00:00,2021-04-12 13:51:00+00:00,SHORT,1761.81,1758.14,1764.13,1758.14,22.5,1.99,3.99,1.84,8244.26,1,TP_HIT,1,0.0,13.56,NY_AM,BEARISH,BUY_SIDE,2.3,3.69,0.34,0.602,2.0,0.77,1,TRENDING_ORDERFLOW,3,0.852
326551,XAUUSD,2021-04-12 15:11:00+00:00,2021-04-12 15:12:00+00:00,SHORT,1755.52,1752.72,1757.41,1752.72,15.0,1.56,3.13,1.79,4201.61,1,TP_HIT,1,0.0,12.89,NY_AM,BEARISH,BUY_SIDE,0.31,1.51,0.6,0.671,2.0,0.89,1,TRENDING_ORDERFLOW,3,0.843
328952,XAUUSD,2021-04-14 07:12:00+00:00,2021-04-14 07:13:00+00:00,LONG,1766.51,1765.7,1765.7,1767.15,22.5,0.48,0.96,-1.68,-1813.23,0,SL_HIT,1,6.04,0.0,LONDON_OPEN,BULLISH,SELL_SIDE,3.2,3.7,0.39,0.052,2.0,1.2,1,TRENDING_ORDERFLOW,3,0.951
329009,XAUUSD,2021-04-14 08:09:00+00:00,2021-04-14 08:10:00+00:00,SHORT,1767.78,1762.77,1770.77,1762.77,17.25,2.67,5.33,1.88,8638.7,1,TP_HIT,1,0.0,17.89,LONDON_OPEN,BEARISH,BUY_SIDE,0.0,2.92,1.51,0.531,2.0,0.98,1,NORMAL_EXPANSION,2,0.852
329048,XAUUSD,2021-04-14 08:48:00+00:00,2021-04-14 08:49:00+00:00,SHORT,1767.39,1761.72,1770.72,1761.72,22.5,3.0,6.0,1.89,12760.33,1,TP_HIT,1,0.0,13.91,LONDON_OPEN,BEARISH,BUY_SIDE,0.01,5.43,0.66,0.617,2.0,0.59,1,TRENDING_ORDERFLOW,3,0.911
333710,XAUUSD,2021-04-17 14:30:00+00:00,2021-04-17 14:31:00+00:00,SHORT,1806.4,1804.64,1807.77,1804.64,22.5,1.04,2.09,1.69,3967.53,1,TP_HIT,1,0.0,15.29,NY_AM,BEARISH,BUY_SIDE,0.0,2.43,1.21,0.763,2.0,1.03,1,TRENDING_ORDERFLOW,3,0.917
335162,XAUUSD,2021-04-18 14:42:00+00:00,2021-04-18 14:43:00+00:00,SHORT,1799.87,1790.91,1804.83,1790.91,17.25,4.64,9.28,1.93,15449.81,1,TP_HIT,1,0.0,16.58,NY_AM,BEARISH,BUY_SIDE,1.31,1.96,1.66,0.524,2.0,2.41,1,NORMAL_EXPANSION,2,0.812
338977,XAUUSD,2021-04-21 08:47:00+00:00,2021-04-21 08:48:00+00:00,SHORT,1803.92,1803.47,1804.64,1803.47,22.5,0.39,0.78,1.17,1025.01,1,TP_HIT,1,0.0,12.64,LONDON_OPEN,BEARISH,BUY_SIDE,1.01,2.26,1.69,0.884,2.0,0.88,1,TRENDING_ORDERFLOW,3,0.947
342232,XAUUSD,2021-04-23 15:02:00+00:00,2021-04-23 15:03:00+00:00,SHORT,1809.15,1800.57,1813.93,1800.57,15.0,4.45,8.91,1.93,12871.76,1,TP_HIT,1,0.0,16.85,NY_AM,BEARISH,BUY_SIDE,2.7,1.52,1.53,0.647,2.0,2.62,1,TRENDING_ORDERFLOW,3,0.844
348768,XAUUSD,2021-04-28 08:42:00+00:00,2021-04-28 08:43:00+00:00,SHORT,1794.4,1792.56,1795.81,1792.56,22.5,1.08,2.17,1.7,4142.98,1,TP_HIT,1,0.0,11.69,LONDON_OPEN,BEARISH,BUY_SIDE,0.71,2.76,0.88,0.752,2.0,1.02,1,TRENDING_ORDERFLOW,3,0.91
350165,XAUUSD,2021-04-29 07:59:00+00:00,2021-04-29 08:00:00+00:00,LONG,1806.03,1800.47,1800.47,1816.16,22.5,5.23,10.46,-1.06,-12499.23,0,SL_HIT,1,8.63,0.0,LONDON_OPEN,BULLISH,SELL_SIDE,3.8,3.47,2.28,0.392,2.0,1.67,1,TRENDING_ORDERFLOW,3,0.893
353175,XAUUSD,2021-05-01 10:09:00+00:00,2021-05-01 10:10:00+00:00,SHORT,1800.0,1798.88,1801.05,1798.88,22.5,0.72,1.44,1.55,2517.52,1,TP_HIT,1,0.0,14.42,LONDON_OPEN,BEARISH,BUY_SIDE,5.51,1.9,0.28,0.85,2.0,1.49,1,TRENDING_ORDERFLOW,3,0.884
353450,XAUUSD,2021-05-01 14:44:00+00:00,2021-05-01 14:45:00+00:00,SHORT,1799.97,1794.76,1803.06,1794.76,17.25,2.77,5.53,1.88,8986.56,1,TP_HIT,1,0.0,13.15,NY_AM,BEARISH,BUY_SIDE,5.2,2.28,2.21,0.561,2.0,0.72,1,TRENDING_ORDERFLOW,2,0.828
362146,XAUUSD,2021-05-07 15:40:00+00:00,2021-05-07 15:41:00+00:00,LONG,1869.45,1866.03,1866.03,1875.31,17.25,3.09,6.19,-1.11,-5897.81,0,SL_HIT,1,13.63,0.0,NY_AM,BULLISH,SELL_SIDE,8.1,3.71,0.53,0.404,2.0,1.16,1,TRENDING_ORDERFLOW,2,0.805
365967,XAUUSD,2021-05-10 07:21:00+00:00,2021-05-10 07:22:00+00:00,LONG,1883.06,1880.96,1880.96,1886.28,22.5,1.78,3.55,-1.18,-4725.61,0,SL_HIT,1,11.55,0.0,LONDON_OPEN,BULLISH,SELL_SIDE,0.09,2.2,0.23,0.239,2.0,2.1,1,TRENDING_ORDERFLOW,3,0.89
367559,XAUUSD,2021-05-11 09:53:00+00:00,2021-05-11 09:54:00+00:00,LONG,1888.76,1885.65,1885.65,1894.01,22.5,2.79,5.58,-1.12,-7004.41,0,SL_HIT,1,10.98,0.0,LONDON_OPEN,BULLISH,SELL_SIDE,0.1,2.08,0.56,0.245,2.0,1.38,1,TRENDING_ORDERFLOW,3,0.894
372087,XAUUSD,2021-05-14 13:21:00+00:00,2021-05-14 13:22:00+00:00,LONG,1878.78,1877.17,1877.17,1881.04,17.25,1.29,2.58,-1.25,-2786.16,0,SL_HIT,1,12.67,0.0,NY_AM,BULLISH,SELL_SIDE,1.89,2.08,1.36,0.437,2.0,0.73,1,TRENDING_ORDERFLOW,2,0.82
374957,XAUUSD,2021-05-16 13:11:00+00:00,2021-05-16 13:12:00+00:00,SHORT,1924.11,1913.4,1929.95,1913.4,17.25,5.52,11.03,1.94,18469.55,1,TP_HIT,1,0.0,18.4,NY_AM,BEARISH,BUY_SIDE,4.61,2.59,1.89,0.545,2.0,2.38,1,NORMAL_EXPANSION,2,0.824
390507,XAUUSD,2021-05-27 08:21:00+00:00,2021-05-27 08:22:00+00:00,LONG,1919.4,1918.68,1918.68,1919.87,22.5,0.4,0.79,-1.82,-1622.85,0,SL_HIT,1,13.4,0.0,LONDON_OPEN,BULLISH,SELL_SIDE,3.6,5.46,1.5,0.216,2.0,0.24,1,TRENDING_ORDERFLOW,3,0.95
395184,XAUUSD,2021-05-30 14:18:00+00:00,2021-05-30 14:19:00+00:00,LONG,1938.48,1934.69,1934.69,1945.08,15.0,3.46,6.93,-1.09,-5682.48,0,SL_HIT,1,11.8,0.0,NY_AM,BULLISH,SELL_SIDE,6.6,2.24,1.3,0.314,2.0,1.49,1,TRENDING_ORDERFLOW,3,0.846
397986,XAUUSD,2021-06-01 13:00:00+00:00,2021-06-01 13:01:00+00:00,LONG,1925.67,1923.87,1923.87,1928.29,22.5,1.47,2.94,-1.22,-4040.78,0,SL_HIT,1,12.43,0.0,NY_AM,BULLISH,SELL_SIDE,0.1,3.28,0.16,0.302,2.0,0.94,1,TRENDING_ORDERFLOW,3,0.89
400654,XAUUSD,2021-06-03 09:28:00+00:00,2021-06-03 09:29:00+00:00,SHORT,1915.75,1914.36,1916.93,1914.36,22.5,0.86,1.72,1.62,3128.64,1,TP_HIT,1,0.0,16.22,LONDON_OPEN,BEARISH,BUY_SIDE,2.81,3.41,0.47,0.816,2.0,0.92,1,TRENDING_ORDERFLOW,3,0.922
411145,XAUUSD,2021-06-10 16:19:00+00:00,2021-06-10 16:20:00+00:00,LONG,1907.85,1907.49,1907.49,1907.59,22.5,0.03,0.07,-10.88,-805.28,0,SL_HIT,1,11.89,0.0,NY_AM,BULLISH,SELL_SIDE,1.4,1.71,0.2,-0.052,2.0,0.95,1,TRENDING_ORDERFLOW,3,0.941
413660,XAUUSD,2021-06-12 10:14:00+00:00,2021-06-12 10:15:00+00:00,SHORT,1905.46,1899.73,1908.81,1899.73,22.5,3.03,6.05,1.89,12890.65,1,TP_HIT,1,0.0,19.52,LONDON_OPEN,BEARISH,BUY_SIDE,2.8,3.89,0.68,0.714,2.0,1.72,1,TRENDING_ORDERFLOW,3,0.906
416357,XAUUSD,2021-06-14 07:11:00+00:00,2021-06-14 07:12:00+00:00,SHORT,1879.0,1876.64,1880.66,1876.64,22.5,1.34,2.68,1.76,5305.45,1,TP_HIT,1,0.0,14.67,LONDON_OPEN,BEARISH,BUY_SIDE,0.0,3.08,0.74,0.659,2.0,0.75,1,TRENDING_ORDERFLOW,3,0.887
422155,XAUUSD,2021-06-18 07:49:00+00:00,2021-06-18 07:50:00+00:00,LONG,1812.99,1810.2,1810.2,1817.6,22.5,2.47,4.94,-1.13,-6283.58,0,SL_HIT,1,10.36,0.0,LONDON_OPEN,BULLISH,SELL_SIDE,2.49,3.31,0.31,0.369,2.0,1.18,1,TRENDING_ORDERFLOW,3,0.851
422240,XAUUSD,2021-06-18 09:14:00+00:00,2021-06-18 09:15:00+00:00,LONG,1816.17,1815.47,1815.47,1816.6,17.25,0.38,0.76,-1.86,-1213.56,0,SL_HIT,1,12.93,0.0,LONDON_OPEN,BULLISH,SELL_SIDE,19.6,3.23,1.86,0.153,2.0,0.52,1,NORMAL_EXPANSION,2,0.866
435563,XAUUSD,2021-06-27 15:17:00+00:00,2021-06-27 15:18:00+00:00,SHORT,1795.67,1794.35,1796.81,1794.35,22.5,0.82,1.64,1.6,2960.54,1,TP_HIT,1,0.0,15.45,NY_AM,BEARISH,BUY_SIDE,4.61,2.93,1.86,0.61,2.0,0.4,1,TRENDING_ORDERFLOW,3,0.864
436986,XAUUSD,2021-06-28 15:00:00+00:00,2021-06-28 15:01:00+00:00,LONG,1797.48,1796.04,1796.04,1799.37,15.0,1.11,2.22,-1.29,-2154.3,0,SL_HIT,1,12.99,0.0,NY_AM,BULLISH,SELL_SIDE,5.89,2.45,0.36,0.335,2.0,0.8,1,TRENDING_ORDERFLOW,3,0.814
439480,XAUUSD,2021-06-30 08:34:00+00:00,2021-06-30 08:35:00+00:00,LONG,1777.7,1775.63,1775.63,1780.86,22.5,1.74,3.48,-1.19,-4650.7,0,SL_HIT,1,13.17,0.0,LONDON_OPEN,BULLISH,SELL_SIDE,0.79,1.74,0.27,0.283,2.0,1.07,1,TRENDING_ORDERFLOW,3,0.857
439594,XAUUSD,2021-06-30 10:28:00+00:00,2021-06-30 10:29:00+00:00,LONG,1775.81,1774.28,1774.28,1777.91,15.0,1.21,2.42,-1.27,-2305.49,0,SL_HIT,1,14.87,0.0,LONDON_OPEN,BULLISH,SELL_SIDE,2.4,1.86,1.1,0.377,2.0,0.95,1,TRENDING_ORDERFLOW,3,0.831
445524,XAUUSD,2021-07-04 13:18:00+00:00,2021-07-04 13:19:00+00:00,LONG,1807.22,1805.1,1805.1,1810.5,22.5,1.8,3.6,-1.18,-4785.97,0,SL_HIT,1,14.92,0.0,NY_AM,BULLISH,SELL_SIDE,10.69,3.22,2.71,0.334,2.0,0.41,1,TRENDING_ORDERFLOW,3,0.877
447127,XAUUSD,2021-07-05 16:01:00+00:00,2021-07-05 16:02:00+00:00,LONG,1808.31,1805.84,1805.84,1812.26,17.25,2.14,4.28,-1.15,-4249.04,0,SL_HIT,1,14.62,0.0,NY_AM,BULLISH,SELL_SIDE,0.1,2.36,3.49,0.498,2.0,0.59,1,NORMAL_EXPANSION,2,0.869
455704,XAUUSD,2021-07-11 14:58:00+00:00,2021-07-11 14:59:00+00:00,SHORT,1827.97,1827.04,1828.93,1827.04,17.25,0.63,1.26,1.48,1613.91,1,TP_HIT,1,0.0,15.77,NY_AM,BEARISH,BUY_SIDE,0.21,4.43,2.57,0.504,2.0,0.14,1,NORMAL_EXPANSION,2,0.906
456793,XAUUSD,2021-07-12 09:07:00+00:00,2021-07-12 09:08:00+00:00,LONG,1826.42,1825.8,1825.8,1826.68,22.5,0.29,0.59,-2.11,-1392.21,0,SL_HIT,1,15.4,0.0,LONDON_OPEN,BULLISH,SELL_SIDE,0.29,1.88,3.38,0.195,2.0,0.49,1,TRENDING_ORDERFLOW,3,0.947
457148,XAUUSD,2021-07-12 15:02:00+00:00,2021-07-12 15:03:00+00:00,SHORT,1820.29,1815.79,1823.03,1815.79,17.25,2.41,4.83,1.87,7769.9,1,TP_HIT,1,0.0,18.19,NY_AM,BEARISH,BUY_SIDE,0.0,1.56,0.9,0.56,2.0,0.77,1,TRENDING_ORDERFLOW,2,0.8
458219,XAUUSD,2021-07-13 08:53:00+00:00,2021-07-13 08:54:00+00:00,LONG,1825.53,1824.71,1824.71,1826.18,22.5,0.49,0.98,-1.66,-1832.5,0,SL_HIT,1,12.15,0.0,LONDON_OPEN,BULLISH,SELL_SIDE,1.59,6.68,0.42,0.074,2.0,0.53,1,TRENDING_ORDERFLOW,3,0.964
459606,XAUUSD,2021-07-14 08:00:00+00:00,2021-07-14 08:01:00+00:00,LONG,1831.77,1830.48,1830.48,1833.38,17.25,0.97,1.93,-1.34,-2226.1,0,SL_HIT,1,15.72,0.0,LONDON_OPEN,BULLISH,SELL_SIDE,3.69,2.27,1.53,0.406,2.0,0.57,1,TRENDING_ORDERFLOW,2,0.833
459682,XAUUSD,2021-07-14 09:16:00+00:00,2021-07-14 09:17:00+00:00,LONG,1833.98,1831.12,1831.12,1838.71,15.0,2.53,5.06,-1.13,-4283.89,0,SL_HIT,1,14.08,0.0,LONDON_OPEN,BULLISH,SELL_SIDE,7.0,2.31,0.88,0.343,2.0,1.87,1,TRENDING_ORDERFLOW,3,0.815
461157,XAUUSD,2021-07-15 09:51:00+00:00,2021-07-15 09:52:00+00:00,LONG,1849.55,1847.38,1847.38,1852.91,17.25,1.85,3.69,-1.18,-3743.68,0,SL_HIT,1,14.25,0.0,LONDON_OPEN,BULLISH,SELL_SIDE,7.2,3.5,1.76,0.441,2.0,0.63,1,TRENDING_ORDERFLOW,2,0.833
466824,XAUUSD,2021-07-19 08:18:00+00:00,2021-07-19 08:19:00+00:00,SHORT,1825.93,1820.47,1829.14,1820.47,22.5,2.89,5.78,1.89,12277.32,1,TP_HIT,1,0.0,19.5,LONDON_OPEN,BEARISH,BUY_SIDE,1.31,6.88,0.51,0.656,2.0,0.61,1,TRENDING_ORDERFLOW,3,0.913
467233,XAUUSD,2021-07-19 15:07:00+00:00,2021-07-19 15:08:00+00:00,SHORT,1831.18,1825.93,1834.29,1825.93,17.25,2.79,5.57,1.88,9053.52,1,TP_HIT,1,0.0,18.91,NY_AM,BEARISH,BUY_SIDE,0.1,2.95,0.19,0.597,2.0,1.25,1,TRENDING_ORDERFLOW,2,0.84
468246,XAUUSD,2021-07-20 08:00:00+00:00,2021-07-20 08:01:00+00:00,SHORT,1839.13,1834.89,1841.74,1834.89,17.25,2.28,4.56,1.86,7313.65,1,TP_HIT,1,0.0,17.06,LONDON_OPEN,BEARISH,BUY_SIDE,0.01,4.07,0.71,0.546,2.0,0.42,1,NORMAL_EXPANSION,2,0.866
469802,XAUUSD,2021-07-21 09:56:00+00:00,2021-07-21 09:57:00+00:00,LONG,1827.6,1826.6,1826.6,1828.6,22.5,0.67,1.33,-1.49,-2230.52,0,SL_HIT,1,18.84,0.0,LONDON_OPEN,BULLISH,SELL_SIDE,1.39,1.58,0.67,0.189,2.0,0.64,1,TRENDING_ORDERFLOW,3,0.897
472994,XAUUSD,2021-07-23 15:08:00+00:00,2021-07-23 15:09:00+00:00,LONG,1816.63,1814.9,1814.9,1819.13,22.5,1.41,2.82,-1.23,-3906.94,0,SL_HIT,1,12.63,0.0,NY_AM,BULLISH,SELL_SIDE,0.99,5.15,0.27,0.078,2.0,1.28,1,TRENDING_ORDERFLOW,3,0.964
473053,XAUUSD,2021-07-23 16:07:00+00:00,2021-07-23 16:08:00+00:00,LONG,1819.41,1817.71,1817.71,1821.84,22.5,1.38,2.75,-1.24,-3828.61,0,SL_HIT,1,12.14,0.0,NY_AM,BULLISH,SELL_SIDE,3.8,4.43,0.4,0.19,2.0,0.91,1,TRENDING_ORDERFLOW,3,0.931
475468,XAUUSD,2021-07-25 08:22:00+00:00,2021-07-25 08:23:00+00:00,LONG,1824.09,1822.09,1822.09,1827.12,17.25,1.68,3.35,-1.19,-3453.9,0,SL_HIT,1,16.35,0.0,LONDON_OPEN,BULLISH,SELL_SIDE,0.1,4.8,2.67,0.429,2.0,0.45,1,TRENDING_ORDERFLOW,2,0.932
475765,XAUUSD,2021-07-25 13:19:00+00:00,2021-07-25 13:20:00+00:00,SHORT,1827.54,1825.71,1828.95,1825.71,22.5,1.08,2.16,1.7,4121.92,1,TP_HIT,1,0.0,17.85,NY_AM,BEARISH,BUY_SIDE,0.31,5.93,2.55,0.696,2.0,0.39,1,TRENDING_ORDERFLOW,3,0.956
476959,XAUUSD,2021-07-26 09:13:00+00:00,2021-07-26 09:14:00+00:00,SHORT,1832.94,1831.37,1834.22,1831.37,22.5,0.95,1.9,1.66,3532.78,1,TP_HIT,1,0.0,17.51,LONDON_OPEN,BEARISH,BUY_SIDE,1.8,4.64,0.2,0.705,2.0,0.45,1,TRENDING_ORDERFLOW,3,0.912
477312,XAUUSD,2021-07-26 15:06:00+00:00,2021-07-26 15:07:00+00:00,SHORT,1826.64,1824.79,1828.05,1824.79,17.25,1.08,2.17,1.7,3179.7,1,TP_HIT,1,0.0,15.66,NY_AM,BEARISH,BUY_SIDE,0.01,2.47,0.89,0.51,2.0,0.43,1,NORMAL_EXPANSION,2,0.804
478369,XAUUSD,2021-07-27 08:43:00+00:00,2021-07-27 08:44:00+00:00,LONG,1819.0,1818.1,1818.1,1819.84,22.5,0.58,1.16,-1.56,-2039.9,0,SL_HIT,1,14.66,0.0,LONDON_OPEN,BULLISH,SELL_SIDE,8.89,2.91,0.53,0.165,2.0,0.81,1,TRENDING_ORDERFLOW,3,0.888
481166,XAUUSD,2021-07-29 07:20:00+00:00,2021-07-29 07:21:00+00:00,SHORT,1835.54,1835.27,1836.16,1835.27,22.5,0.3,0.59,0.9,598.43,1,TP_HIT,1,0.0,16.37,LONDON_OPEN,BEARISH,BUY_SIDE,6.3,3.08,0.81,0.792,2.0,0.31,1,TRENDING_ORDERFLOW,3,0.898
482629,XAUUSD,2021-07-30 07:43:00+00:00,2021-07-30 07:44:00+00:00,LONG,1851.69,1850.7,1850.7,1852.7,22.5,0.67,1.33,-1.49,-2229.95,0,SL_HIT,1,15.85,0.0,LONDON_OPEN,BULLISH,SELL_SIDE,2.7,1.83,1.28,0.231,2.0,0.24,1,TRENDING_ORDERFLOW,3,0.895
484089,XAUUSD,2021-07-31 08:03:00+00:00,2021-07-31 08:04:00+00:00,SHORT,1834.69,1834.14,1835.46,1834.14,17.25,0.44,0.88,1.26,948.87,1,TP_HIT,1,0.0,15.91,LONDON_OPEN,BEARISH,BUY_SIDE,0.51,2.09,1.34,0.57,2.0,0.25,1,TRENDING_ORDERFLOW,2,0.836
484216,XAUUSD,2021-07-31 10:10:00+00:00,2021-07-31 10:11:00+00:00,SHORT,1837.41,1836.7,1838.25,1836.7,22.5,0.52,1.04,1.37,1599.03,1,TP_HIT,1,0.0,17.15,LONDON_OPEN,BEARISH,BUY_SIDE,0.0,2.74,1.19,0.762,2.0,0.39,1,TRENDING_ORDERFLOW,3,0.922
484486,XAUUSD,2021-07-31 14:40:00+00:00,2021-07-31 14:41:00+00:00,SHORT,1835.54,1834.96,1836.31,1834.96,22.5,0.45,0.91,1.28,1305.69,1,TP_HIT,1,0.0,15.81,NY_AM,BEARISH,BUY_SIDE,1.51,4.71,0.46,0.71,2.0,0.22,1,TRENDING_ORDERFLOW,3,0.921
489789,XAUUSD,2021-08-04 07:03:00+00:00,2021-08-04 07:04:00+00:00,SHORT,1834.27,1833.12,1835.34,1833.12,22.5,0.74,1.47,1.56,2586.45,1,TP_HIT,1,0.0,17.64,LONDON_OPEN,BEARISH,BUY_SIDE,0.21,4.3,2.76,0.62,2.0,0.25,1,TRENDING_ORDERFLOW,3,0.937
494123,XAUUSD,2021-08-07 07:17:00+00:00,2021-08-07 07:18:00+00:00,SHORT,1787.93,1788.19,1788.28,1788.19,22.5,0.03,0.06,-8.73,-594.9,0,TP_HIT,1,0.0,16.92,LONDON_OPEN,BEARISH,BUY_SIDE,0.01,2.11,0.56,1.029,2.0,0.34,1,TRENDING_ORDERFLOW,3,0.954
498582,XAUUSD,2021-08-10 09:36:00+00:00,2021-08-10 09:37:00+00:00,SHORT,1756.37,1754.99,1757.54,1754.99,17.25,0.85,1.7,1.62,2370.16,1,TP_HIT,1,0.0,17.17,LONDON_OPEN,BEARISH,BUY_SIDE,0.1,1.83,1.68,0.521,2.0,0.46,1,NORMAL_EXPANSION,2,0.818
500327,XAUUSD,2021-08-11 14:41:00+00:00,2021-08-11 14:42:00+00:00,LONG,1764.48,1763.72,1763.72,1765.01,22.5,0.43,0.86,-1.75,-1701.88,0,SL_HIT,1,14.88,0.0,NY_AM,BULLISH,SELL_SIDE,1.19,3.36,0.25,0.184,2.0,0.48,1,TRENDING_ORDERFLOW,3,0.924
501776,XAUUSD,2021-08-12 14:50:00+00:00,2021-08-12 14:51:00+00:00,LONG,1765.87,1763.11,1763.11,1770.41,22.5,2.44,4.87,-1.13,-6211.17,0,SL_HIT,1,14.05,0.0,NY_AM,BULLISH,SELL_SIDE,4.6,4.6,0.5,0.234,2.0,1.57,1,TRENDING_ORDERFLOW,3,0.921
505536,XAUUSD,2021-08-15 10:00:00+00:00,2021-08-15 10:01:00+00:00,LONG,1791.64,1790.01,1790.01,1793.94,22.5,1.31,2.62,-1.25,-3682.03,0,SL_HIT,1,13.52,0.0,LONDON_OPEN,BULLISH,SELL_SIDE,6.7,5.03,0.61,0.243,2.0,0.74,1,TRENDING_ORDERFLOW,3,0.918
506992,XAUUSD,2021-08-16 10:16:00+00:00,2021-08-16 10:17:00+00:00,SHORT,1795.79,1788.89,1799.73,1788.89,22.5,3.61,7.23,1.91,15534.46,1,TP_HIT,1,0.0,21.75,LONDON_OPEN,BEARISH,BUY_SIDE,5.11,1.81,1.1,0.783,2.0,1.63,1,TRENDING_ORDERFLOW,3,0.88
512705,XAUUSD,2021-08-20 09:29:00+00:00,2021-08-20 09:30:00+00:00,LONG,1803.86,1803.09,1803.09,1804.42,17.25,0.44,0.89,-1.73,-1326.43,0,SL_HIT,1,16.94,0.0,LONDON_OPEN,BULLISH,SELL_SIDE,0.7,1.89,1.55,0.421,2.0,0.29,1,TRENDING_ORDERFLOW,2,0.84
515849,XAUUSD,2021-08-22 13:53:00+00:00,2021-08-22 13:54:00+00:00,LONG,1797.76,1796.71,1796.71,1798.88,22.5,0.72,1.44,-1.45,-2356.44,0,SL_HIT,1,17.22,0.0,NY_AM,BULLISH,SELL_SIDE,0.1,1.85,0.23,0.275,2.0,0.75,1,TRENDING_ORDERFLOW,3,0.868
517392,XAUUSD,2021-08-23 15:36:00+00:00,2021-08-23 15:37:00+00:00,SHORT,1823.52,1821.51,1825.01,1821.51,22.5,1.17,2.34,1.72,4527.66,1,TP_HIT,1,0.0,18.38,NY_AM,BEARISH,BUY_SIDE,0.01,2.31,0.74,0.869,2.0,1.26,1,TRENDING_ORDERFLOW,3,0.934
517401,XAUUSD,2021-08-23 15:45:00+00:00,2021-08-23 15:46:00+00:00,LONG,1822.29,1821.18,1821.18,1823.53,22.5,0.78,1.57,-1.42,-2492.09,0,SL_HIT,1,14.69,0.0,NY_AM,BULLISH,SELL_SIDE,6.8,2.19,0.16,0.143,2.0,1.48,1,TRENDING_ORDERFLOW,3,0.882
518686,XAUUSD,2021-08-24 13:10:00+00:00,2021-08-24 13:11:00+00:00,SHORT,1826.6,1825.9,1827.44,1825.9,22.5,0.51,1.02,1.36,1568.79,1,TP_HIT,1,0.0,17.04,NY_AM,BEARISH,BUY_SIDE,0.0,2.06,0.21,0.754,2.0,0.48,1,TRENDING_ORDERFLOW,3,0.885
520196,XAUUSD,2021-08-25 14:20:00+00:00,2021-08-25 14:21:00+00:00,LONG,1808.82,1808.02,1808.02,1809.45,22.5,0.48,0.95,-1.68,-1800.12,0,SL_HIT,1,15.29,0.0,NY_AM,BULLISH,SELL_SIDE,0.1,7.06,0.8,0.102,2.0,0.5,1,TRENDING_ORDERFLOW,3,0.967
521199,XAUUSD,2021-08-26 07:03:00+00:00,2021-08-26 07:04:00+00:00,SHORT,1805.89,1799.56,1809.54,1799.56,17.25,3.32,6.65,1.9,10910.33,1,TP_HIT,1,0.0,19.89,LONDON_OPEN,BEARISH,BUY_SIDE,0.01,6.58,0.42,0.537,2.0,0.57,1,NORMAL_EXPANSION,2,0.878
522805,XAUUSD,2021-08-27 09:49:00+00:00,2021-08-27 09:50:00+00:00,SHORT,1814.18,1812.42,1815.55,1812.42,17.25,1.04,2.08,1.69,3034.13,1,TP_HIT,1,0.0,18.18,LONDON_OPEN,BEARISH,BUY_SIDE,0.0,3.5,3.5,0.5,2.0,0.29,1,NORMAL_EXPANSION,2,0.896
524526,XAUUSD,2021-08-28 14:30:00+00:00,2021-08-28 14:31:00+00:00,LONG,1836.89,1834.45,1834.45,1840.78,22.5,2.11,4.21,-1.15,-5473.01,0,SL_HIT,1,13.89,0.0,NY_AM,BULLISH,SELL_SIDE,9.99,4.2,1.4,0.333,2.0,0.71,1,TRENDING_ORDERFLOW,3,0.87
525588,XAUUSD,2021-08-29 08:12:00+00:00,2021-08-29 08:13:00+00:00,SHORT,1835.27,1833.49,1836.65,1833.49,22.5,1.05,2.11,1.69,4007.13,1,TP_HIT,1,0.0,18.27,LONDON_OPEN,BEARISH,BUY_SIDE,0.01,2.8,2.8,0.667,2.0,0.36,1,TRENDING_ORDERFLOW,3,0.928
535633,XAUUSD,2021-09-05 07:37:00+00:00,2021-09-05 07:38:00+00:00,SHORT,1842.61,1840.76,1844.02,1840.76,17.25,1.08,2.17,1.7,3182.21,1,TP_HIT,1,0.0,18.61,LONDON_OPEN,BEARISH,BUY_SIDE,0.02,1.75,1.75,0.5,2.0,0.57,1,NORMAL_EXPANSION,2,0.806
535676,XAUUSD,2021-09-05 08:20:00+00:00,2021-09-05 08:21:00+00:00,LONG,1846.26,1840.61,1840.61,1856.58,15.0,5.32,10.64,-1.06,-8470.46,0,SL_HIT,1,18.26,0.0,LONDON_OPEN,BULLISH,SELL_SIDE,10.0,3.74,1.4,0.357,2.0,2.14,1,TRENDING_ORDERFLOW,3,0.847
542822,XAUUSD,2021-09-10 07:26:00+00:00,2021-09-10 07:27:00+00:00,LONG,1818.5,1817.01,1817.01,1820.5,22.5,1.16,2.32,-1.28,-3342.94,0,SL_HIT,1,18.5,0.0,LONDON_OPEN,BULLISH,SELL_SIDE,10.0,2.8,0.93,0.25,2.0,1.07,1,TRENDING_ORDERFLOW,3,0.854
551514,XAUUSD,2021-09-16 08:18:00+00:00,2021-09-16 08:19:00+00:00,SHORT,1811.14,1809.27,1812.56,1809.27,22.5,1.1,2.19,1.7,4201.64,1,TP_HIT,1,0.0,21.14,LONDON_OPEN,BEARISH,BUY_SIDE,0.0,4.67,1.56,0.75,2.0,0.64,1,TRENDING_ORDERFLOW,3,0.951
554325,XAUUSD,2021-09-18 07:09:00+00:00,2021-09-18 07:10:00+00:00,SHORT,1783.24,1783.39,1783.64,1783.39,22.5,0.08,0.17,-1.83,-349.29,0,TP_HIT,1,0.0,20.24,LONDON_OPEN,BEARISH,BUY_SIDE,0.0,3.5,1.75,1.0,2.0,0.57,1,TRENDING_ORDERFLOW,3,0.975
554361,XAUUSD,2021-09-18 07:45:00+00:00,2021-09-18 07:46:00+00:00,SHORT,1783.24,1779.39,1785.65,1779.39,17.25,2.09,4.17,1.84,6633.83,1,TP_HIT,1,0.0,23.24,LONDON_OPEN,BEARISH,BUY_SIDE,0.0,3.5,1.75,0.5,2.0,0.57,1,NORMAL_EXPANSION,2,0.862
563017,XAUUSD,2021-09-24 08:01:00+00:00,2021-09-24 08:02:00+00:00,SHORT,1780.53,1776.59,1782.98,1776.59,17.25,2.13,4.26,1.85,6782.72,1,TP_HIT,1,0.0,20.53,LONDON_OPEN,BEARISH,BUY_SIDE,0.01,2.33,1.17,0.5,2.0,0.86,1,NORMAL_EXPANSION,2,0.804
564861,XAUUSD,2021-09-25 14:45:00+00:00,2021-09-25 14:46:00+00:00,SHORT,1772.59,1770.76,1773.99,1770.76,22.5,1.07,2.15,1.7,4105.36,1,TP_HIT,1,0.0,19.59,NY_AM,BEARISH,BUY_SIDE,0.01,2.0,2.0,0.75,2.0,0.5,1,TRENDING_ORDERFLOW,3,0.922
567366,XAUUSD,2021-09-27 08:30:00+00:00,2021-09-27 08:31:00+00:00,SHORT,1778.67,1774.83,1781.08,1774.83,22.5,2.09,4.17,1.84,8652.82,1,TP_HIT,1,0.0,21.67,LONDON_OPEN,BEARISH,BUY_SIDE,0.0,5.25,1.75,0.6,2.0,0.57,1,TRENDING_ORDERFLOW,3,0.927
568720,XAUUSD,2021-09-28 07:04:00+00:00,2021-09-28 07:05:00+00:00,SHORT,1767.72,1761.76,1771.18,1761.76,17.25,3.14,6.28,1.9,10269.34,1,TP_HIT,1,0.0,22.72,LONDON_OPEN,BEARISH,BUY_SIDE,0.01,2.15,2.15,0.5,2.0,0.93,1,NORMAL_EXPANSION,2,0.835
569083,XAUUSD,2021-09-28 13:07:00+00:00,2021-09-28 13:08:00+00:00,LONG,1760.38,1758.97,1758.97,1762.23,22.5,1.09,2.17,-1.3,-3176.0,0,SL_HIT,1,17.38,0.0,NY_AM,BULLISH,SELL_SIDE,9.99,5.25,1.75,0.25,2.0,0.57,1,TRENDING_ORDERFLOW,3,0.923
570450,XAUUSD,2021-09-29 13:54:00+00:00,2021-09-29 13:55:00+00:00,SHORT,1763.77,1761.95,1765.17,1761.95,17.25,1.07,2.15,1.7,3148.02,1,TP_HIT,1,0.0,18.77,NY_AM,BEARISH,BUY_SIDE,0.01,2.0,2.0,0.5,2.0,0.5,1,NORMAL_EXPANSION,2,0.825
573017,XAUUSD,2021-10-01 08:41:00+00:00,2021-10-01 08:42:00+00:00,SHORT,1779.86,1775.99,1782.28,1775.99,22.5,2.1,4.19,1.84,8702.55,1,TP_HIT,1,0.0,20.86,LONDON_OPEN,BEARISH,BUY_SIDE,0.01,4.67,1.56,0.6,2.0,0.64,1,TRENDING_ORDERFLOW,3,0.918
574726,XAUUSD,2021-10-02 13:10:00+00:00,2021-10-02 13:11:00+00:00,SHORT,1783.92,1782.05,1785.34,1782.05,22.5,1.1,2.19,1.7,4202.54,1,TP_HIT,1,0.0,19.92,NY_AM,BEARISH,BUY_SIDE,0.01,1.56,1.56,0.75,2.0,0.64,1,TRENDING_ORDERFLOW,3,0.904
577317,XAUUSD,2021-10-04 08:21:00+00:00,2021-10-04 08:22:00+00:00,SHORT,1781.0,1777.09,1783.45,1777.09,22.5,2.12,4.24,1.85,8798.82,1,TP_HIT,1,0.0,24.0,LONDON_OPEN,BEARISH,BUY_SIDE,0.0,6.36,1.27,0.714,2.0,0.79,1,TRENDING_ORDERFLOW,3,0.945
579100,XAUUSD,2021-10-05 14:04:00+00:00,2021-10-05 14:05:00+00:00,SHORT,1780.06,1776.24,1782.46,1776.24,17.25,2.07,4.15,1.84,6596.87,1,TP_HIT,1,0.0,21.06,NY_AM,BEARISH,BUY_SIDE,0.01,4.0,2.0,0.5,2.0,0.5,1,NORMAL_EXPANSION,2,0.882
583172,XAUUSD,2021-10-08 09:56:00+00:00,2021-10-08 09:57:00+00:00,SHORT,1780.2,1778.38,1781.6,1778.38,22.5,1.07,2.15,1.7,4102.8,1,TP_HIT,1,0.0,18.2,LONDON_OPEN,BEARISH,BUY_SIDE,0.0,2.0,2.0,0.667,2.0,0.5,1,TRENDING_ORDERFLOW,3,0.897
584467,XAUUSD,2021-10-09 07:31:00+00:00,2021-10-09 07:32:00+00:00,SHORT,1782.24,1778.46,1784.62,1778.46,17.25,2.05,4.11,1.84,6521.09,1,TP_HIT,1,0.0,21.24,LONDON_OPEN,BEARISH,BUY_SIDE,0.01,5.6,2.8,0.5,2.0,0.36,1,NORMAL_EXPANSION,2,0.92
596361,XAUUSD,2021-10-17 13:45:00+00:00,2021-10-17 13:46:00+00:00,SHORT,1791.64,1789.86,1793.02,1789.86,22.5,1.05,2.11,1.69,4007.13,1,TP_HIT,1,0.0,21.64,NY_AM,BEARISH,BUY_SIDE,10.01,5.6,2.8,0.667,2.0,0.36,1,TRENDING_ORDERFLOW,3,0.92
597596,XAUUSD,2021-10-18 10:20:00+00:00,2021-10-18 10:21:00+00:00,SHORT,1787.68,1783.84,1790.09,1783.84,17.25,2.09,4.17,1.84,6634.87,1,TP_HIT,1,0.0,20.68,LONDON_OPEN,BEARISH,BUY_SIDE,0.01,1.75,1.75,0.5,2.0,0.57,1,NORMAL_EXPANSION,2,0.806
599366,XAUUSD,2021-10-19 15:50:00+00:00,2021-10-19 15:51:00+00:00,SHORT,1796.74,1790.75,1800.23,1790.75,22.5,3.16,6.32,1.9,13488.21,1,TP_HIT,1,0.0,23.74,NY_AM,BEARISH,BUY_SIDE,0.0,2.8,0.93,0.625,2.0,1.07,1,TRENDING_ORDERFLOW,3,0.872
601906,XAUUSD,2021-10-21 10:10:00+00:00,2021-10-21 10:11:00+00:00,SHORT,1809.83,1803.88,1813.29,1803.88,17.25,3.14,6.28,1.9,10266.68,1,TP_HIT,1,0.0,20.83,LONDON_OPEN,BEARISH,BUY_SIDE,0.0,3.23,1.08,0.5,2.0,0.93,1,NORMAL_EXPANSION,2,0.832
609055,XAUUSD,2021-10-26 09:19:00+00:00,2021-10-26 09:20:00+00:00,SHORT,1828.07,1824.2,1830.49,1824.2,22.5,2.1,4.19,1.84,8700.73,1,TP_HIT,1,0.0,26.07,LONDON_OPEN,BEARISH,BUY_SIDE,0.01,3.11,1.56,0.6,2.0,0.64,1,TRENDING_ORDERFLOW,3,0.887
611921,XAUUSD,2021-10-28 09:05:00+00:00,2021-10-28 09:06:00+00:00,SHORT,1825.16,1815.0,1830.73,1815.0,17.25,5.25,10.49,1.94,17538.86,1,TP_HIT,1,0.0,22.16,LONDON_OPEN,BEARISH,BUY_SIDE,0.0,1.83,2.43,0.5,2.0,1.64,1,NORMAL_EXPANSION,2,0.835
613665,XAUUSD,2021-10-29 14:09:00+00:00,2021-10-29 14:10:00+00:00,LONG,1797.87,1797.37,1797.37,1797.89,22.5,0.17,0.34,-2.88,-1119.23,0,SL_HIT,1,18.87,0.0,NY_AM,BULLISH,SELL_SIDE,9.99,1.75,0.88,0.001,2.0,1.14,1,TRENDING_ORDERFLOW,3,0.918
616262,XAUUSD,2021-10-31 09:26:00+00:00,2021-10-31 09:27:00+00:00,SHORT,1805.31,1803.4,1806.75,1803.4,22.5,1.12,2.24,1.71,4298.22,1,TP_HIT,1,0.0,25.31,LONDON_OPEN,BEARISH,BUY_SIDE,0.01,3.82,1.27,0.75,2.0,0.79,1,TRENDING_ORDERFLOW,3,0.937
632358,XAUUSD,2021-11-11 13:42:00+00:00,2021-11-11 13:43:00+00:00,SHORT,1880.85,1879.0,1882.26,1879.0,17.25,1.09,2.17,1.7,3182.67,1,TP_HIT,1,0.0,20.85,NY_AM,BEARISH,BUY_SIDE,0.01,1.75,1.75,0.5,2.0,0.57,1,NORMAL_EXPANSION,2,0.807
638148,XAUUSD,2021-11-15 14:12:00+00:00,2021-11-15 14:13:00+00:00,SHORT,1893.04,1889.07,1895.52,1889.07,22.5,2.15,4.3,1.85,8942.85,1,TP_HIT,1,0.0,24.04,NY_AM,BEARISH,BUY_SIDE,0.01,3.0,1.0,0.6,2.0,1.0,1,TRENDING_ORDERFLOW,3,0.869
640986,XAUUSD,2021-11-17 13:30:00+00:00,2021-11-17 13:31:00+00:00,SHORT,1883.14,1879.29,1885.55,1879.29,17.25,2.08,4.17,1.84,6632.09,1,TP_HIT,1,0.0,22.14,NY_AM,BEARISH,BUY_SIDE,0.01,1.75,1.75,0.5,2.0,0.57,1,NORMAL_EXPANSION,2,0.806
643684,XAUUSD,2021-11-19 10:28:00+00:00,2021-11-19 10:29:00+00:00,SHORT,1882.23,1880.3,1883.68,1880.3,22.5,1.13,2.26,1.71,4344.47,1,TP_HIT,1,0.0,23.23,LONDON_OPEN,BEARISH,BUY_SIDE,0.01,2.33,1.17,0.667,2.0,0.86,1,TRENDING_ORDERFLOW,3,0.883
649245,XAUUSD,2021-11-23 07:09:00+00:00,2021-11-23 07:10:00+00:00,SHORT,1828.41,1824.57,1830.82,1824.57,17.25,2.08,4.17,1.84,6631.98,1,TP_HIT,1,0.0,23.41,LONDON_OPEN,BEARISH,BUY_SIDE,0.0,3.5,1.75,0.5,2.0,0.57,1,NORMAL_EXPANSION,2,0.862
659500,XAUUSD,2021-11-30 10:04:00+00:00,2021-11-30 10:05:00+00:00,SHORT,1815.76,1811.89,1818.18,1811.89,22.5,2.1,4.19,1.84,8702.54,1,TP_HIT,1,0.0,21.76,LONDON_OPEN,BEARISH,BUY_SIDE,0.01,1.56,3.11,0.667,2.0,0.64,1,TRENDING_ORDERFLOW,3,0.91
667965,XAUUSD,2021-12-06 07:09:00+00:00,2021-12-06 07:10:00+00:00,SHORT,1807.04,1798.85,1811.62,1798.85,17.25,4.26,8.51,1.92,14125.95,1,TP_HIT,1,0.0,24.04,LONDON_OPEN,BEARISH,BUY_SIDE,0.01,2.33,1.17,0.556,2.0,1.71,1,TRENDING_ORDERFLOW,2,0.834
671402,XAUUSD,2021-12-08 16:26:00+00:00,2021-12-08 16:27:00+00:00,SHORT,1806.16,1806.33,1806.55,1806.33,22.5,0.07,0.15,-2.39,-397.81,0,TP_HIT,1,0.0,23.16,NY_AM,BEARISH,BUY_SIDE,0.01,6.0,2.0,1.0,2.0,0.5,1,TRENDING_ORDERFLOW,3,0.983
672465,XAUUSD,2021-12-09 10:09:00+00:00,2021-12-09 10:10:00+00:00,SHORT,1806.19,1802.28,1808.63,1802.28,22.5,2.12,4.23,1.85,8795.8,1,TP_HIT,1,0.0,24.19,LONDON_OPEN,BEARISH,BUY_SIDE,0.01,2.55,1.27,0.667,2.0,0.79,1,TRENDING_ORDERFLOW,3,0.891
673852,XAUUSD,2021-12-10 09:16:00+00:00,2021-12-10 09:17:00+00:00,SHORT,1796.24,1792.41,1798.64,1792.41,17.25,2.07,4.15,1.84,6595.82,1,TP_HIT,1,0.0,24.24,LONDON_OPEN,BEARISH,BUY_SIDE,0.0,4.0,2.0,0.5,2.0,0.5,1,NORMAL_EXPANSION,2,0.882
674185,XAUUSD,2021-12-10 14:49:00+00:00,2021-12-10 14:50:00+00:00,SHORT,1802.25,1798.3,1804.71,1798.3,22.5,2.14,4.28,1.85,8894.04,1,TP_HIT,1,0.0,25.25,NY_AM,BEARISH,BUY_SIDE,0.0,3.23,1.08,0.6,2.0,0.93,1,TRENDING_ORDERFLOW,3,0.877
678039,XAUUSD,2021-12-13 07:03:00+00:00,2021-12-13 07:04:00+00:00,LONG,1809.03,1807.62,1807.62,1810.87,15.0,1.09,2.17,-1.3,-2116.38,0,SL_HIT,1,22.03,0.0,LONDON_OPEN,BULLISH,SELL_SIDE,9.99,1.75,1.75,0.333,2.0,0.57,1,TRENDING_ORDERFLOW,3,0.806
694395,XAUUSD,2021-12-24 15:39:00+00:00,2021-12-24 15:40:00+00:00,SHORT,1833.92,1832.08,1835.34,1832.08,17.25,1.09,2.17,1.7,3184.29,1,TP_HIT,1,0.0,23.92,NY_AM,BEARISH,BUY_SIDE,0.01,1.75,1.75,0.5,2.0,0.57,1,NORMAL_EXPANSION,2,0.806
695351,XAUUSD,2021-12-25 07:35:00+00:00,2021-12-25 07:36:00+00:00,SHORT,1838.96,1837.13,1840.36,1837.13,17.25,1.07,2.15,1.7,3147.56,1,TP_HIT,1,0.0,23.96,LONDON_OPEN,BEARISH,BUY_SIDE,0.0,2.0,2.0,0.5,2.0,0.5,1,NORMAL_EXPANSION,2,0.825
702564,XAUUSD,2021-12-30 07:48:00+00:00,2021-12-30 07:49:00+00:00,SHORT,1827.2,1825.37,1828.6,1825.37,17.25,1.07,2.15,1.7,3148.02,1,TP_HIT,1,0.0,25.2,LONDON_OPEN,BEARISH,BUY_SIDE,0.0,2.0,2.0,0.5,2.0,0.5,1,NORMAL_EXPANSION,2,0.825
702570,XAUUSD,2021-12-30 07:54:00+00:00,2021-12-30 07:55:00+00:00,LONG,1827.85,1826.23,1826.23,1830.1,22.5,1.29,2.58,-1.25,-3632.68,0,SL_HIT,1,20.85,0.0,LONDON_OPEN,BULLISH,SELL_SIDE,9.99,2.59,0.52,0.053,2.0,1.93,1,TRENDING_ORDERFLOW,3,0.911
708291,XAUUSD,2022-01-03 07:15:00+00:00,2022-01-03 07:16:00+00:00,SHORT,1852.39,1848.59,1854.78,1848.59,22.5,2.06,4.13,1.84,8555.79,1,TP_HIT,1,0.0,24.39,LONDON_OPEN,BEARISH,BUY_SIDE,0.0,2.33,2.33,0.6,2.0,0.43,1,TRENDING_ORDERFLOW,3,0.889
708375,XAUUSD,2022-01-03 08:39:00+00:00,2022-01-03 08:40:00+00:00,SHORT,1851.39,1847.63,1853.76,1847.63,17.25,2.04,4.08,1.84,6484.7,1,TP_HIT,1,0.0,24.39,LONDON_OPEN,BEARISH,BUY_SIDE,0.0,3.5,3.5,0.5,2.0,0.29,1,NORMAL_EXPANSION,2,0.896
711531,XAUUSD,2022-01-05 13:15:00+00:00,2022-01-05 13:16:00+00:00,LONG,1849.15,1842.57,1842.57,1861.34,15.0,6.26,12.52,-1.05,-9874.27,0,SL_HIT,1,22.15,0.0,NY_AM,BULLISH,SELL_SIDE,10.0,2.33,1.75,0.316,2.0,1.71,1,TRENDING_ORDERFLOW,3,0.835
715916,XAUUSD,2022-01-08 14:20:00+00:00,2022-01-08 14:21:00+00:00,SHORT,1820.65,1816.84,1823.03,1816.84,17.25,2.06,4.13,1.84,6560.02,1,TP_HIT,1,0.0,24.65,NY_AM,BEARISH,BUY_SIDE,0.02,2.33,2.33,0.5,2.0,0.43,1,NORMAL_EXPANSION,2,0.847
715957,XAUUSD,2022-01-08 15:01:00+00:00,2022-01-08 15:02:00+00:00,LONG,1821.3,1818.89,1818.89,1825.15,17.25,2.09,4.17,-1.16,-4159.99,0,SL_HIT,1,22.3,0.0,NY_AM,BULLISH,SELL_SIDE,10.0,3.5,1.75,0.4,2.0,0.57,1,TRENDING_ORDERFLOW,2,0.83
717394,XAUUSD,2022-01-09 14:58:00+00:00,2022-01-09 14:59:00+00:00,SHORT,1823.69,1821.85,1825.11,1821.85,22.5,1.09,2.17,1.7,4152.22,1,TP_HIT,1,0.0,26.69,NY_AM,BEARISH,BUY_SIDE,0.0,5.25,1.75,0.833,2.0,0.57,1,TRENDING_ORDERFLOW,3,0.968
719826,XAUUSD,2022-01-11 07:30:00+00:00,2022-01-11 07:31:00+00:00,SHORT,1834.78,1833.04,1836.13,1833.04,17.25,1.03,2.06,1.69,3000.17,1,TP_HIT,1,0.0,23.78,LONDON_OPEN,BEARISH,BUY_SIDE,0.02,4.67,4.67,0.5,2.0,0.21,1,NORMAL_EXPANSION,2,0.918
721372,XAUUSD,2022-01-12 09:16:00+00:00,2022-01-12 09:17:00+00:00,LONG,1846.48,1845.07,1845.07,1848.33,15.0,1.09,2.17,-1.3,-2117.23,0,SL_HIT,1,23.48,0.0,LONDON_OPEN,BULLISH,SELL_SIDE,10.0,1.75,1.75,0.334,2.0,0.57,1,TRENDING_ORDERFLOW,3,0.806
732826,XAUUSD,2022-01-20 08:10:00+00:00,2022-01-20 08:11:00+00:00,SHORT,1871.21,1867.3,1873.65,1867.3,17.25,2.12,4.23,1.85,6744.6,1,TP_HIT,1,0.0,25.21,LONDON_OPEN,BEARISH,BUY_SIDE,0.01,2.55,2.55,0.5,2.0,0.79,1,NORMAL_EXPANSION,2,0.86
732863,XAUUSD,2022-01-20 08:47:00+00:00,2022-01-20 08:48:00+00:00,SHORT,1871.21,1867.22,1873.7,1867.22,22.5,2.16,4.32,1.85,8990.77,1,TP_HIT,1,0.0,28.21,LONDON_OPEN,BEARISH,BUY_SIDE,0.01,3.73,0.93,0.667,2.0,1.07,1,TRENDING_ORDERFLOW,3,0.908
736029,XAUUSD,2022-01-22 13:33:00+00:00,2022-01-22 13:34:00+00:00,LONG,1866.97,1866.46,1866.46,1867.01,17.25,0.18,0.37,-2.78,-875.69,0,SL_HIT,1,22.97,0.0,NY_AM,BULLISH,SELL_SIDE,20.0,1.65,0.82,0.0,2.0,1.21,1,NORMAL_EXPANSION,2,0.855
737436,XAUUSD,2022-01-23 13:00:00+00:00,2022-01-23 13:01:00+00:00,SHORT,1861.37,1859.54,1862.77,1859.54,17.25,1.07,2.15,1.7,3144.9,1,TP_HIT,1,0.0,25.37,NY_AM,BEARISH,BUY_SIDE,0.01,2.0,2.0,0.5,2.0,0.5,1,NORMAL_EXPANSION,2,0.825
743321,XAUUSD,2022-01-27 15:05:00+00:00,2022-01-27 15:06:00+00:00,SHORT,1842.56,1840.63,1844.02,1840.63,22.5,1.13,2.26,1.71,4345.37,1,TP_HIT,1,0.0,26.56,NY_AM,BEARISH,BUY_SIDE,0.01,2.33,1.17,0.75,2.0,0.86,1,TRENDING_ORDERFLOW,3,0.911
743400,XAUUSD,2022-01-27 16:24:00+00:00,2022-01-27 16:25:00+00:00,SHORT,1830.57,1826.68,1833.0,1826.68,22.5,2.11,4.21,1.85,8750.75,1,TP_HIT,1,0.0,26.57,NY_AM,BEARISH,BUY_SIDE,0.0,4.2,1.4,0.6,2.0,0.71,1,TRENDING_ORDERFLOW,3,0.906
753020,XAUUSD,2022-02-03 08:44:00+00:00,2022-02-03 08:45:00+00:00,SHORT,1833.89,1832.13,1835.26,1832.13,17.25,1.04,2.09,1.69,3037.13,1,TP_HIT,1,0.0,26.89,LONDON_OPEN,BEARISH,BUY_SIDE,0.01,3.5,3.5,0.5,2.0,0.29,1,NORMAL_EXPANSION,2,0.896
754361,XAUUSD,2022-02-04 07:05:00+00:00,2022-02-04 07:06:00+00:00,SHORT,1836.93,1833.06,1839.35,1833.06,17.25,2.1,4.19,1.84,6671.95,1,TP_HIT,1,0.0,25.93,LONDON_OPEN,BEARISH,BUY_SIDE,0.0,1.56,3.11,0.5,2.0,0.64,1,NORMAL_EXPANSION,2,0.846
756194,XAUUSD,2022-02-05 13:38:00+00:00,2022-02-05 13:39:00+00:00,LONG,1840.64,1839.24,1839.24,1842.47,22.5,1.08,2.15,-1.3,-3150.99,0,SL_HIT,1,23.64,0.0,NY_AM,BULLISH,SELL_SIDE,10.0,4.0,2.0,0.333,2.0,0.5,1,TRENDING_ORDERFLOW,3,0.882
757356,XAUUSD,2022-02-06 09:00:00+00:00,2022-02-06 09:01:00+00:00,SHORT,1839.03,1837.08,1840.5,1837.08,22.5,1.14,2.28,1.71,4394.8,1,TP_HIT,1,0.0,28.03,LONDON_OPEN,BEARISH,BUY_SIDE,0.01,2.15,1.08,0.75,2.0,0.93,1,TRENDING_ORDERFLOW,3,0.906
757610,XAUUSD,2022-02-06 13:14:00+00:00,2022-02-06 13:15:00+00:00,SHORT,1839.04,1837.17,1840.46,1837.17,22.5,1.1,2.19,1.7,4201.79,1,TP_HIT,1,0.0,28.04,NY_AM,BEARISH,BUY_SIDE,0.01,3.11,3.11,0.667,2.0,0.64,1,TRENDING_ORDERFLOW,3,0.935
762045,XAUUSD,2022-02-09 15:09:00+00:00,2022-02-09 15:10:00+00:00,SHORT,1859.19,1857.41,1860.57,1857.41,17.25,1.05,2.11,1.69,3073.52,1,TP_HIT,1,0.0,26.19,NY_AM,BEARISH,BUY_SIDE,0.0,2.8,2.8,0.5,2.0,0.36,1,NORMAL_EXPANSION,2,0.874
770759,XAUUSD,2022-02-15 16:23:00+00:00,2022-02-15 16:24:00+00:00,SHORT,1876.48,1872.53,1878.95,1872.53,22.5,2.14,4.28,1.85,8891.78,1,TP_HIT,1,0.0,26.48,NY_AM,BEARISH,BUY_SIDE,0.0,2.15,1.08,0.667,2.0,0.93,1,TRENDING_ORDERFLOW,3,0.876
796594,XAUUSD,2022-03-05 14:58:00+00:00,2022-03-05 14:59:00+00:00,SHORT,1999.35,1995.46,2001.78,1995.46,17.25,2.11,4.21,1.85,6708.91,1,TP_HIT,1,0.0,27.35,NY_AM,BEARISH,BUY_SIDE,0.01,2.8,1.4,0.5,2.0,0.71,1,NORMAL_EXPANSION,2,0.829
804903,XAUUSD,2022-03-11 09:27:00+00:00,2022-03-11 09:28:00+00:00,SHORT,2025.62,2021.67,2028.09,2021.67,22.5,2.14,4.28,1.85,8895.4,1,TP_HIT,1,0.0,32.62,LONDON_OPEN,BEARISH,BUY_SIDE,0.0,3.23,1.08,0.714,2.0,0.93,1,TRENDING_ORDERFLOW,3,0.915
812355,XAUUSD,2022-03-16 13:39:00+00:00,2022-03-16 13:40:00+00:00,SHORT,1954.87,1950.81,1957.39,1950.81,15.0,2.19,4.38,1.85,6089.47,1,TP_HIT,1,0.0,29.87,NY_AM,BEARISH,BUY_SIDE,0.0,2.33,0.78,0.6,2.0,1.29,1,TRENDING_ORDERFLOW,3,0.843
812391,XAUUSD,2022-03-16 14:15:00+00:00,2022-03-16 14:16:00+00:00,SHORT,1948.88,1940.62,1953.49,1940.62,22.5,4.29,8.58,1.92,18569.94,1,TP_HIT,1,0.0,38.88,NY_AM,BEARISH,BUY_SIDE,10.01,3.63,1.04,0.733,2.0,1.93,1,TRENDING_ORDERFLOW,3,0.872
819661,XAUUSD,2022-03-21 15:25:00+00:00,2022-03-21 15:26:00+00:00,SHORT,1965.12,1961.14,1967.59,1961.14,22.5,2.15,4.3,1.85,8943.61,1,TP_HIT,1,0.0,33.12,NY_AM,BEARISH,BUY_SIDE,0.0,2.0,2.0,0.778,2.0,1.0,1,TRENDING_ORDERFLOW,3,0.929
821019,XAUUSD,2022-03-22 14:03:00+00:00,2022-03-22 14:04:00+00:00,SHORT,1951.16,1949.25,1952.61,1949.25,22.5,1.12,2.23,1.71,4297.46,1,TP_HIT,1,0.0,29.16,NY_AM,BEARISH,BUY_SIDE,0.0,2.55,1.27,0.75,2.0,0.79,1,TRENDING_ORDERFLOW,3,0.917
823560,XAUUSD,2022-03-24 08:24:00+00:00,2022-03-24 08:25:00+00:00,SHORT,1969.25,1967.34,1970.69,1967.34,22.5,1.12,2.24,1.71,4297.92,1,TP_HIT,1,0.0,29.25,LONDON_OPEN,BEARISH,BUY_SIDE,0.01,2.55,1.27,0.75,2.0,0.79,1,TRENDING_ORDERFLOW,3,0.917
832129,XAUUSD,2022-03-30 07:13:00+00:00,2022-03-30 07:14:00+00:00,SHORT,1949.54,1947.65,1950.97,1947.65,22.5,1.11,2.21,1.71,4249.85,1,TP_HIT,1,0.0,30.54,LONDON_OPEN,BEARISH,BUY_SIDE,0.0,2.8,1.4,0.667,2.0,0.71,1,TRENDING_ORDERFLOW,3,0.899
840963,XAUUSD,2022-04-05 10:27:00+00:00,2022-04-05 10:28:00+00:00,SHORT,1954.83,1953.09,1956.19,1953.09,17.25,1.03,2.06,1.68,2997.74,1,TP_HIT,1,0.0,28.83,LONDON_OPEN,BEARISH,BUY_SIDE,0.01,4.67,4.67,0.5,2.0,0.21,1,NORMAL_EXPANSION,2,0.919
845554,XAUUSD,2022-04-08 14:58:00+00:00,2022-04-08 14:59:00+00:00,SHORT,1971.99,1970.03,1973.45,1970.03,22.5,1.14,2.28,1.71,4395.39,1,TP_HIT,1,0.0,29.99,NY_AM,BEARISH,BUY_SIDE,0.01,2.15,1.08,0.667,2.0,0.93,1,TRENDING_ORDERFLOW,3,0.876
856971,XAUUSD,2022-04-16 13:15:00+00:00,2022-04-16 13:16:00+00:00,SHORT,2007.37,2005.65,2008.71,2005.65,17.25,1.02,2.04,1.68,2961.12,1,TP_HIT,1,0.0,28.37,NY_AM,BEARISH,BUY_SIDE,0.0,7.0,7.0,0.5,2.0,0.14,1,NORMAL_EXPANSION,2,0.924
859848,XAUUSD,2022-04-18 13:12:00+00:00,2022-04-18 13:13:00+00:00,SHORT,2025.46,2021.47,2027.95,2021.47,22.5,2.16,4.32,1.85,8990.17,1,TP_HIT,1,0.0,29.46,NY_AM,BEARISH,BUY_SIDE,0.01,1.87,0.93,0.667,2.0,1.07,1,TRENDING_ORDERFLOW,3,0.865
869653,XAUUSD,2022-04-25 08:37:00+00:00,2022-04-25 08:38:00+00:00,LONG,1952.44,1947.89,1947.89,1960.57,15.0,4.23,8.45,-1.08,-6825.36,0,SL_HIT,1,25.44,0.0,LONDON_OPEN,BULLISH,SELL_SIDE,9.99,2.67,0.67,0.308,2.0,1.5,1,TRENDING_ORDERFLOW,3,0.811
870055,XAUUSD,2022-04-25 15:19:00+00:00,2022-04-25 15:20:00+00:00,LONG,1932.46,1928.99,1928.99,1938.41,15.0,3.14,6.28,-1.1,-5197.29,0,SL_HIT,1,26.46,0.0,NY_AM,BULLISH,SELL_SIDE,9.99,3.23,1.08,0.375,2.0,0.93,1,TRENDING_ORDERFLOW,3,0.809
875844,XAUUSD,2022-04-29 15:48:00+00:00,2022-04-29 15:49:00+00:00,LONG,1941.65,1941.23,1941.23,1941.52,22.5,0.1,0.19,-4.34,-949.96,0,SL_HIT,1,29.65,0.0,NY_AM,BULLISH,SELL_SIDE,10.0,1.56,1.56,0.001,2.0,0.64,1,TRENDING_ORDERFLOW,3,0.927
885606,XAUUSD,2022-05-06 10:30:00+00:00,2022-05-06 10:31:00+00:00,SHORT,1912.33,1908.5,1914.73,1908.5,17.25,2.07,4.15,1.84,6597.79,1,TP_HIT,1,0.0,29.33,LONDON_OPEN,BEARISH,BUY_SIDE,0.0,2.0,2.0,0.5,2.0,0.5,1,NORMAL_EXPANSION,2,0.825
891582,XAUUSD,2022-05-10 14:06:00+00:00,2022-05-10 14:07:00+00:00,LONG,1887.18,1884.68,1884.68,1891.2,22.5,2.17,4.34,-1.15,-5617.12,0,SL_HIT,1,26.18,0.0,NY_AM,BULLISH,SELL_SIDE,10.0,3.5,0.88,0.286,2.0,1.14,1,TRENDING_ORDERFLOW,3,0.856
901268,XAUUSD,2022-05-17 07:32:00+00:00,2022-05-17 07:33:00+00:00,LONG,1858.5,1857.07,1857.07,1860.39,22.5,1.11,2.22,-1.29,-3223.84,0,SL_HIT,1,28.5,0.0,LONDON_OPEN,BULLISH,SELL_SIDE,10.0,2.8,1.4,0.25,2.0,0.71,1,TRENDING_ORDERFLOW,3,0.868
911425,XAUUSD,2022-05-24 08:49:00+00:00,2022-05-24 08:50:00+00:00,SHORT,1892.19,1890.37,1893.59,1890.37,22.5,1.07,2.15,1.7,4104.76,1,TP_HIT,1,0.0,34.19,LONDON_OPEN,BEARISH,BUY_SIDE,0.0,8.0,2.0,0.8,2.0,0.5,1,TRENDING_ORDERFLOW,3,0.966
915705,XAUUSD,2022-05-27 08:09:00+00:00,2022-05-27 08:10:00+00:00,LONG,1889.98,1889.51,1889.51,1889.96,22.5,0.15,0.3,-3.16,-1069.43,0,SL_HIT,1,28.98,0.0,LONDON_OPEN,BULLISH,SELL_SIDE,9.99,2.0,1.0,0.0,2.0,1.0,1,TRENDING_ORDERFLOW,3,0.925
918882,XAUUSD,2022-05-29 13:06:00+00:00,2022-05-29 13:07:00+00:00,LONG,1889.09,1887.67,1887.67,1890.96,15.0,1.1,2.19,-1.3,-2132.3,0,SL_HIT,1,33.09,0.0,NY_AM,BULLISH,SELL_SIDE,9.99,1.56,1.56,0.25,2.0,0.64,1,TRENDING_ORDERFLOW,3,0.837
934489,XAUUSD,2022-06-09 09:13:00+00:00,2022-06-09 09:14:00+00:00,SHORT,1883.96,1880.18,1886.34,1880.18,17.25,2.05,4.11,1.84,6521.09,1,TP_HIT,1,0.0,30.96,LONDON_OPEN,BEARISH,BUY_SIDE,0.0,5.6,2.8,0.5,2.0,0.36,1,NORMAL_EXPANSION,2,0.92
935936,XAUUSD,2022-06-10 09:20:00+00:00,2022-06-10 09:21:00+00:00,SHORT,1877.01,1875.17,1878.42,1875.17,22.5,1.09,2.17,1.7,4154.33,1,TP_HIT,1,0.0,34.01,LONDON_OPEN,BEARISH,BUY_SIDE,0.01,5.25,1.75,0.75,2.0,0.57,1,TRENDING_ORDERFLOW,3,0.957
953625,XAUUSD,2022-06-22 16:09:00+00:00,2022-06-22 16:10:00+00:00,SHORT,1873.6,1869.35,1876.22,1869.35,22.5,2.29,4.58,1.86,9570.39,1,TP_HIT,1,0.0,35.6,NY_AM,BEARISH,BUY_SIDE,0.01,2.59,0.52,0.714,2.0,1.93,1,TRENDING_ORDERFLOW,3,0.89
955074,XAUUSD,2022-06-23 16:18:00+00:00,2022-06-23 16:19:00+00:00,SHORT,1868.65,1866.85,1870.04,1866.85,17.25,1.06,2.13,1.69,3109.67,1,TP_HIT,1,0.0,32.65,NY_AM,BEARISH,BUY_SIDE,0.01,2.33,2.33,0.5,2.0,0.43,1,NORMAL_EXPANSION,2,0.847
964724,XAUUSD,2022-06-30 09:08:00+00:00,2022-06-30 09:09:00+00:00,SHORT,1852.98,1849.17,1855.37,1849.17,17.25,2.06,4.13,1.84,6560.71,1,TP_HIT,1,0.0,34.98,LONDON_OPEN,BEARISH,BUY_SIDE,0.0,4.67,2.33,0.5,2.0,0.43,1,NORMAL_EXPANSION,2,0.905
966574,XAUUSD,2022-07-01 15:58:00+00:00,2022-07-01 15:59:00+00:00,SHORT,1843.04,1841.19,1844.45,1841.19,17.25,1.08,2.17,1.7,3182.32,1,TP_HIT,1,0.0,34.04,NY_AM,BEARISH,BUY_SIDE,0.0,1.75,1.75,0.5,2.0,0.57,1,NORMAL_EXPANSION,2,0.807
970411,XAUUSD,2022-07-04 07:55:00+00:00,2022-07-04 07:56:00+00:00,SHORT,1845.17,1843.38,1846.55,1843.38,17.25,1.05,2.11,1.69,3074.09,1,TP_HIT,1,0.0,32.17,LONDON_OPEN,BEARISH,BUY_SIDE,0.0,2.8,2.8,0.5,2.0,0.36,1,NORMAL_EXPANSION,2,0.874
976549,XAUUSD,2022-07-08 14:13:00+00:00,2022-07-08 14:14:00+00:00,LONG,1776.02,1774.58,1774.58,1777.93,22.5,1.12,2.24,-1.29,-3248.55,0,SL_HIT,1,32.02,0.0,NY_AM,BULLISH,SELL_SIDE,9.99,2.55,2.55,0.334,2.0,0.79,1,TRENDING_ORDERFLOW,3,0.86
982261,XAUUSD,2022-07-12 13:25:00+00:00,2022-07-12 13:26:00+00:00,SHORT,1768.56,1766.74,1769.96,1766.74,17.25,1.07,2.15,1.7,3148.02,1,TP_HIT,1,0.0,33.56,NY_AM,BEARISH,BUY_SIDE,0.0,2.0,2.0,0.5,2.0,0.5,1,NORMAL_EXPANSION,2,0.825
982282,XAUUSD,2022-07-12 13:46:00+00:00,2022-07-12 13:47:00+00:00,SHORT,1766.56,1760.65,1770.01,1760.65,22.5,3.12,6.24,1.9,13298.52,1,TP_HIT,1,0.0,35.56,NY_AM,BEARISH,BUY_SIDE,0.01,5.09,2.55,0.625,2.0,0.79,1,TRENDING_ORDERFLOW,3,0.945
983328,XAUUSD,2022-07-13 07:12:00+00:00,2022-07-13 07:13:00+00:00,SHORT,1758.6,1754.77,1761.0,1754.77,17.25,2.07,4.15,1.84,6597.56,1,TP_HIT,1,0.0,34.6,LONDON_OPEN,BEARISH,BUY_SIDE,0.02,2.0,4.0,0.5,2.0,0.5,1,NORMAL_EXPANSION,2,0.859
985278,XAUUSD,2022-07-14 15:42:00+00:00,2022-07-14 15:43:00+00:00,LONG,1743.31,1739.8,1739.8,1749.38,15.0,3.19,6.39,-1.1,-5276.94,0,SL_HIT,1,29.31,0.0,NY_AM,BULLISH,SELL_SIDE,10.0,3.89,0.78,0.375,2.0,1.29,1,TRENDING_ORDERFLOW,3,0.82
999632,XAUUSD,2022-07-24 14:56:00+00:00,2022-07-24 14:57:00+00:00,SHORT,1758.14,1756.38,1759.51,1756.38,17.25,1.04,2.09,1.69,3036.78,1,TP_HIT,1,0.0,32.14,NY_AM,BEARISH,BUY_SIDE,0.02,3.5,3.5,0.5,2.0,0.29,1,NORMAL_EXPANSION,2,0.896
999716,XAUUSD,2022-07-24 16:20:00+00:00,2022-07-24 16:21:00+00:00,SHORT,1758.15,1756.37,1759.53,1756.37,17.25,1.05,2.11,1.69,3071.67,1,TP_HIT,1,0.0,33.15,NY_AM,BEARISH,BUY_SIDE,0.0,2.8,2.8,0.5,2.0,0.36,1,NORMAL_EXPANSION,2,0.874
1000670,XAUUSD,2022-07-25 08:14:00+00:00,2022-07-25 08:15:00+00:00,SHORT,1758.18,1756.4,1759.56,1756.4,22.5,1.05,2.11,1.69,4008.18,1,TP_HIT,1,0.0,35.18,LONDON_OPEN,BEARISH,BUY_SIDE,0.02,5.6,2.8,0.667,2.0,0.36,1,TRENDING_ORDERFLOW,3,0.955
1004018,XAUUSD,2022-07-27 16:02:00+00:00,2022-07-27 16:03:00+00:00,SHORT,1748.29,1746.53,1749.66,1746.53,17.25,1.04,2.08,1.69,3035.4,1,TP_HIT,1,0.0,34.29,NY_AM,BEARISH,BUY_SIDE,0.0,3.5,3.5,0.5,2.0,0.29,1,NORMAL_EXPANSION,2,0.896
1010811,XAUUSD,2022-08-01 09:15:00+00:00,2022-08-01 09:16:00+00:00,SHORT,1796.52,1794.65,1797.94,1794.65,22.5,1.1,2.19,1.7,4200.28,1,TP_HIT,1,0.0,34.52,LONDON_OPEN,BEARISH,BUY_SIDE,0.0,1.56,1.56,0.75,2.0,0.64,1,TRENDING_ORDERFLOW,3,0.905
1016934,XAUUSD,2022-08-05 15:18:00+00:00,2022-08-05 15:19:00+00:00,SHORT,1804.72,1802.86,1806.15,1802.86,22.5,1.1,2.19,1.7,4202.24,1,TP_HIT,1,0.0,34.72,NY_AM,BEARISH,BUY_SIDE,0.01,1.56,1.56,0.667,2.0,0.64,1,TRENDING_ORDERFLOW,3,0.875
1024014,XAUUSD,2022-08-10 13:18:00+00:00,2022-08-10 13:19:00+00:00,LONG,1825.61,1823.16,1823.16,1829.54,17.25,2.13,4.26,-1.15,-4232.59,0,SL_HIT,1,31.61,0.0,NY_AM,BULLISH,SELL_SIDE,10.0,3.5,1.17,0.4,2.0,0.86,1,TRENDING_ORDERFLOW,2,0.808
1032336,XAUUSD,2022-08-16 08:00:00+00:00,2022-08-16 08:01:00+00:00,SHORT,1807.24,1805.46,1808.62,1805.46,17.25,1.05,2.11,1.69,3073.05,1,TP_HIT,1,0.0,35.24,LONDON_OPEN,BEARISH,BUY_SIDE,0.0,2.8,2.8,0.5,2.0,0.36,1,NORMAL_EXPANSION,2,0.874
1039495,XAUUSD,2022-08-21 07:19:00+00:00,2022-08-21 07:20:00+00:00,SHORT,1772.48,1770.7,1773.86,1770.7,17.25,1.05,2.11,1.69,3072.01,1,TP_HIT,1,0.0,34.48,LONDON_OPEN,BEARISH,BUY_SIDE,0.01,2.8,2.8,0.5,2.0,0.36,1,NORMAL_EXPANSION,2,0.874
1039903,XAUUSD,2022-08-21 14:07:00+00:00,2022-08-21 14:08:00+00:00,SHORT,1773.49,1771.63,1774.91,1771.63,22.5,1.1,2.19,1.7,4202.54,1,TP_HIT,1,0.0,35.49,NY_AM,BEARISH,BUY_SIDE,0.01,3.11,1.56,0.667,2.0,0.64,1,TRENDING_ORDERFLOW,3,0.909
1042372,XAUUSD,2022-08-23 07:16:00+00:00,2022-08-23 07:17:00+00:00,LONG,1765.23,1763.84,1763.84,1767.03,15.0,1.06,2.13,-1.31,-2084.39,0,SL_HIT,1,34.23,0.0,LONDON_OPEN,BULLISH,SELL_SIDE,9.99,2.33,2.33,0.333,2.0,0.43,1,TRENDING_ORDERFLOW,3,0.847
1047097,XAUUSD,2022-08-26 14:01:00+00:00,2022-08-26 14:02:00+00:00,SHORT,1778.73,1772.8,1782.19,1772.8,17.25,3.13,6.26,1.9,10230.76,1,TP_HIT,1,0.0,40.73,NY_AM,BEARISH,BUY_SIDE,0.0,3.5,1.17,0.5,2.0,0.86,1,NORMAL_EXPANSION,2,0.843
1054376,XAUUSD,2022-08-31 15:20:00+00:00,2022-08-31 15:21:00+00:00,LONG,1746.63,1746.22,1746.22,1746.48,22.5,0.09,0.17,-4.77,-925.47,0,SL_HIT,1,35.63,0.0,NY_AM,BULLISH,SELL_SIDE,10.0,1.75,1.75,0.001,2.0,0.57,1,TRENDING_ORDERFLOW,3,0.934
1062932,XAUUSD,2022-09-06 13:56:00+00:00,2022-09-06 13:57:00+00:00,SHORT,1735.26,1733.38,1736.7,1733.38,22.5,1.11,2.21,1.71,4250.15,1,TP_HIT,1,0.0,37.26,NY_AM,BEARISH,BUY_SIDE,0.01,2.8,1.4,0.667,2.0,0.71,1,TRENDING_ORDERFLOW,3,0.899
1064144,XAUUSD,2022-09-07 10:08:00+00:00,2022-09-07 10:09:00+00:00,SHORT,1732.3,1730.46,1733.72,1730.46,22.5,1.09,2.17,1.7,4153.27,1,TP_HIT,1,0.0,37.3,LONDON_OPEN,BEARISH,BUY_SIDE,0.01,3.5,1.75,0.667,2.0,0.57,1,TRENDING_ORDERFLOW,3,0.92
1064346,XAUUSD,2022-09-07 13:30:00+00:00,2022-09-07 13:31:00+00:00,SHORT,1728.31,1726.51,1729.7,1726.51,22.5,1.06,2.13,1.69,4057.9,1,TP_HIT,1,0.0,37.31,NY_AM,BEARISH,BUY_SIDE,0.0,2.33,2.33,0.75,2.0,0.43,1,TRENDING_ORDERFLOW,3,0.933
1071552,XAUUSD,2022-09-12 13:36:00+00:00,2022-09-12 13:37:00+00:00,SHORT,1758.55,1756.62,1760.01,1756.62,22.5,1.13,2.26,1.71,4345.82,1,TP_HIT,1,0.0,37.55,NY_AM,BEARISH,BUY_SIDE,0.01,2.33,1.17,0.75,2.0,0.86,1,TRENDING_ORDERFLOW,3,0.911
1074169,XAUUSD,2022-09-14 09:13:00+00:00,2022-09-14 09:14:00+00:00,SHORT,1730.64,1728.9,1732.0,1728.9,17.25,1.03,2.06,1.68,2997.63,1,TP_HIT,1,0.0,34.64,LONDON_OPEN,BEARISH,BUY_SIDE,0.01,4.67,4.67,0.5,2.0,0.21,1,NORMAL_EXPANSION,2,0.919
1075523,XAUUSD,2022-09-15 07:47:00+00:00,2022-09-15 07:48:00+00:00,SHORT,1716.69,1714.76,1718.14,1714.76,22.5,1.13,2.26,1.71,4343.57,1,TP_HIT,1,0.0,40.69,LONDON_OPEN,BEARISH,BUY_SIDE,0.01,4.67,1.17,0.833,2.0,0.86,1,TRENDING_ORDERFLOW,3,0.96
1085717,XAUUSD,2022-09-22 09:41:00+00:00,2022-09-22 09:42:00+00:00,SHORT,1700.03,1698.2,1701.43,1698.2,22.5,1.07,2.15,1.7,4101.89,1,TP_HIT,1,0.0,37.03,LONDON_OPEN,BEARISH,BUY_SIDE,0.0,2.0,2.0,0.667,2.0,0.5,1,TRENDING_ORDERFLOW,3,0.897
1088873,XAUUSD,2022-09-24 14:17:00+00:00,2022-09-24 14:18:00+00:00,SHORT,1673.13,1671.31,1674.53,1671.31,17.25,1.07,2.15,1.7,3147.21,1,TP_HIT,1,0.0,37.13,NY_AM,BEARISH,BUY_SIDE,0.01,2.0,2.0,0.5,2.0,0.5,1,NORMAL_EXPANSION,2,0.825
1093276,XAUUSD,2022-09-27 15:40:00+00:00,2022-09-27 15:41:00+00:00,LONG,1662.93,1662.51,1662.51,1662.8,22.5,0.1,0.19,-4.35,-949.43,0,SL_HIT,1,36.93,0.0,NY_AM,BULLISH,SELL_SIDE,9.99,1.56,1.56,0.001,2.0,0.64,1,TRENDING_ORDERFLOW,3,0.927
1101796,XAUUSD,2022-10-03 13:40:00+00:00,2022-10-03 13:41:00+00:00,SHORT,1699.57,1699.81,1699.93,1699.81,22.5,0.04,0.08,-5.76,-542.75,0,TP_HIT,1,0.0,37.57,NY_AM,BEARISH,BUY_SIDE,0.02,3.5,3.5,1.001,2.0,0.29,1,TRENDING_ORDERFLOW,3,0.982
1101910,XAUUSD,2022-10-03 15:34:00+00:00,2022-10-03 15:35:00+00:00,SHORT,1720.57,1718.72,1721.98,1718.72,22.5,1.08,2.17,1.7,4150.11,1,TP_HIT,1,0.0,38.57,NY_AM,BEARISH,BUY_SIDE,0.01,3.5,1.75,0.667,2.0,0.57,1,TRENDING_ORDERFLOW,3,0.92
1105797,XAUUSD,2022-10-06 08:21:00+00:00,2022-10-06 08:22:00+00:00,SHORT,1750.7,1748.92,1752.08,1748.92,17.25,1.05,2.11,1.69,3073.17,1,TP_HIT,1,0.0,38.7,LONDON_OPEN,BEARISH,BUY_SIDE,0.02,2.8,2.8,0.5,2.0,0.36,1,NORMAL_EXPANSION,2,0.874
1108643,XAUUSD,2022-10-08 07:47:00+00:00,2022-10-08 07:48:00+00:00,SHORT,1724.79,1723.01,1726.17,1723.01,22.5,1.05,2.11,1.69,4005.62,1,TP_HIT,1,0.0,38.79,LONDON_OPEN,BEARISH,BUY_SIDE,0.0,5.6,2.8,0.667,2.0,0.36,1,TRENDING_ORDERFLOW,3,0.955
1109030,XAUUSD,2022-10-08 14:14:00+00:00,2022-10-08 14:15:00+00:00,SHORT,1725.81,1724.07,1727.16,1724.07,17.25,1.03,2.06,1.68,2998.66,1,TP_HIT,1,0.0,37.81,NY_AM,BEARISH,BUY_SIDE,0.01,4.67,4.67,0.5,2.0,0.21,1,NORMAL_EXPANSION,2,0.918
1124935,XAUUSD,2022-10-19 15:19:00+00:00,2022-10-19 15:20:00+00:00,SHORT,1665.34,1661.45,1667.77,1661.45,22.5,2.11,4.21,1.85,8748.5,1,TP_HIT,1,0.0,39.34,NY_AM,BEARISH,BUY_SIDE,0.0,2.8,1.4,0.714,2.0,0.71,1,TRENDING_ORDERFLOW,3,0.914
1127330,XAUUSD,2022-10-21 07:14:00+00:00,2022-10-21 07:15:00+00:00,SHORT,1653.42,1651.57,1654.83,1651.57,22.5,1.09,2.17,1.7,4153.12,1,TP_HIT,1,0.0,40.42,LONDON_OPEN,BEARISH,BUY_SIDE,0.01,3.5,1.75,0.75,2.0,0.57,1,TRENDING_ORDERFLOW,3,0.94
1134668,XAUUSD,2022-10-26 09:32:00+00:00,2022-10-26 09:33:00+00:00,SHORT,1703.67,1701.88,1705.04,1701.88,17.25,1.05,2.11,1.69,3073.75,1,TP_HIT,1,0.0,38.67,LONDON_OPEN,BEARISH,BUY_SIDE,0.0,2.8,2.8,0.5,2.0,0.36,1,NORMAL_EXPANSION,2,0.874
1137490,XAUUSD,2022-10-28 08:34:00+00:00,2022-10-28 08:35:00+00:00,SHORT,1682.76,1680.96,1684.15,1680.96,17.25,1.06,2.13,1.69,3108.51,1,TP_HIT,1,0.0,38.76,LONDON_OPEN,BEARISH,BUY_SIDE,0.01,2.33,2.33,0.5,2.0,0.43,1,NORMAL_EXPANSION,2,0.847
1143555,XAUUSD,2022-11-01 13:39:00+00:00,2022-11-01 13:40:00+00:00,SHORT,1684.96,1683.23,1686.32,1683.23,17.25,1.03,2.06,1.68,2997.74,1,TP_HIT,1,0.0,38.96,NY_AM,BEARISH,BUY_SIDE,0.01,4.67,4.67,0.5,2.0,0.21,1,NORMAL_EXPANSION,2,0.918
1145130,XAUUSD,2022-11-02 15:54:00+00:00,2022-11-02 15:55:00+00:00,SHORT,1679.02,1677.19,1680.42,1677.19,17.25,1.07,2.15,1.7,3147.33,1,TP_HIT,1,0.0,39.02,NY_AM,BEARISH,BUY_SIDE,0.0,2.0,2.0,0.5,2.0,0.5,1,NORMAL_EXPANSION,2,0.825
1147516,XAUUSD,2022-11-04 07:40:00+00:00,2022-11-04 07:41:00+00:00,SHORT,1680.1,1678.27,1681.5,1678.27,22.5,1.07,2.15,1.7,4104.31,1,TP_HIT,1,0.0,41.1,LONDON_OPEN,BEARISH,BUY_SIDE,0.0,6.0,2.0,0.8,2.0,0.5,1,TRENDING_ORDERFLOW,3,0.966
1155189,XAUUSD,2022-11-09 15:33:00+00:00,2022-11-09 15:34:00+00:00,SHORT,1746.35,1744.17,1747.93,1744.17,22.5,1.26,2.51,1.74,4922.13,1,TP_HIT,1,0.0,43.35,NY_AM,BEARISH,BUY_SIDE,0.0,1.75,0.58,0.75,2.0,1.71,1,TRENDING_ORDERFLOW,3,0.885
1159522,XAUUSD,2022-11-12 15:46:00+00:00,2022-11-12 15:47:00+00:00,LONG,1764.15,1762.65,1762.65,1766.17,22.5,1.17,2.34,-1.28,-3368.7,0,SL_HIT,1,34.15,0.0,NY_AM,BULLISH,SELL_SIDE,9.99,3.5,0.88,0.125,2.0,1.14,1,TRENDING_ORDERFLOW,3,0.914
1162286,XAUUSD,2022-11-14 13:50:00+00:00,2022-11-14 13:51:00+00:00,SHORT,1771.59,1765.4,1775.17,1765.4,22.5,3.26,6.51,1.9,13921.38,1,TP_HIT,1,0.0,50.59,NY_AM,BEARISH,BUY_SIDE,0.01,5.83,2.33,0.769,2.0,1.71,1,TRENDING_ORDERFLOW,3,0.965
1170586,XAUUSD,2022-11-20 08:10:00+00:00,2022-11-20 08:11:00+00:00,SHORT,1783.87,1782.05,1785.27,1782.05,17.25,1.07,2.15,1.7,3144.67,1,TP_HIT,1,0.0,38.87,LONDON_OPEN,BEARISH,BUY_SIDE,0.01,2.0,2.0,0.5,2.0,0.5,1,NORMAL_EXPANSION,2,0.825
1176713,XAUUSD,2022-11-24 14:17:00+00:00,2022-11-24 14:18:00+00:00,SHORT,1788.07,1786.29,1789.45,1786.29,22.5,1.05,2.11,1.69,4007.28,1,TP_HIT,1,0.0,42.07,NY_AM,BEARISH,BUY_SIDE,0.01,8.4,2.8,0.75,2.0,0.36,1,TRENDING_ORDERFLOW,3,0.967
1177794,XAUUSD,2022-11-25 08:18:00+00:00,2022-11-25 08:19:00+00:00,SHORT,1786.11,1784.31,1787.5,1784.31,17.25,1.06,2.13,1.69,3109.32,1,TP_HIT,1,0.0,40.11,LONDON_OPEN,BEARISH,BUY_SIDE,0.01,2.33,2.33,0.5,2.0,0.43,1,NORMAL_EXPANSION,2,0.847
1179330,XAUUSD,2022-11-26 09:54:00+00:00,2022-11-26 09:55:00+00:00,SHORT,1798.16,1796.34,1799.56,1796.34,22.5,1.07,2.15,1.7,4106.12,1,TP_HIT,1,0.0,43.16,LONDON_OPEN,BEARISH,BUY_SIDE,0.01,4.0,2.0,0.75,2.0,0.5,1,TRENDING_ORDERFLOW,3,0.949
1187998,XAUUSD,2022-12-02 10:22:00+00:00,2022-12-02 10:23:00+00:00,SHORT,1829.45,1825.43,1831.95,1825.43,22.5,2.17,4.34,1.85,9038.68,1,TP_HIT,1,0.0,42.45,LONDON_OPEN,BEARISH,BUY_SIDE,0.01,2.62,1.75,0.833,2.0,1.14,1,TRENDING_ORDERFLOW,3,0.945
1190860,XAUUSD,2022-12-04 10:04:00+00:00,2022-12-04 10:05:00+00:00,SHORT,1830.55,1828.72,1831.95,1828.72,22.5,1.07,2.15,1.7,4104.16,1,TP_HIT,1,0.0,43.55,LONDON_OPEN,BEARISH,BUY_SIDE,0.0,8.0,2.0,0.833,2.0,0.5,1,TRENDING_ORDERFLOW,3,0.97
1196529,XAUUSD,2022-12-08 08:33:00+00:00,2022-12-08 08:34:00+00:00,SHORT,1825.74,1823.85,1827.17,1823.85,22.5,1.11,2.21,1.71,4249.71,1,TP_HIT,1,0.0,42.74,LONDON_OPEN,BEARISH,BUY_SIDE,0.0,4.2,1.4,0.875,2.0,0.71,1,TRENDING_ORDERFLOW,3,0.964
1204135,XAUUSD,2022-12-13 15:19:00+00:00,2022-12-13 15:20:00+00:00,SHORT,1849.99,1841.91,1854.52,1841.91,17.25,4.2,8.41,1.92,13938.46,1,TP_HIT,1,0.0,43.99,NY_AM,BEARISH,BUY_SIDE,0.01,2.95,0.74,0.5,2.0,1.36,1,NORMAL_EXPANSION,2,0.809
1216992,XAUUSD,2022-12-22 13:36:00+00:00,2022-12-22 13:37:00+00:00,SHORT,1858.42,1854.58,1860.83,1854.58,17.25,2.09,4.17,1.84,6634.41,1,TP_HIT,1,0.0,41.42,NY_AM,BEARISH,BUY_SIDE,0.0,1.75,1.75,0.5,2.0,0.57,1,NORMAL_EXPANSION,2,0.807
1235796,XAUUSD,2023-01-04 15:00:00+00:00,2023-01-04 15:01:00+00:00,SHORT,1898.05,1896.27,1899.43,1896.27,17.25,1.05,2.11,1.69,3073.52,1,TP_HIT,1,0.0,42.05,NY_AM,BEARISH,BUY_SIDE,0.01,2.8,2.8,0.5,2.0,0.36,1,NORMAL_EXPANSION,2,0.874
1239800,XAUUSD,2023-01-07 09:44:00+00:00,2023-01-07 09:45:00+00:00,SHORT,1898.19,1896.45,1899.54,1896.45,17.25,1.03,2.06,1.68,2997.97,1,TP_HIT,1,0.0,41.19,LONDON_OPEN,BEARISH,BUY_SIDE,0.01,4.67,4.67,0.5,2.0,0.21,1,NORMAL_EXPANSION,2,0.918
1252664,XAUUSD,2023-01-16 08:08:00+00:00,2023-01-16 08:09:00+00:00,SHORT,1935.62,1933.75,1937.04,1933.75,22.5,1.1,2.19,1.7,4202.09,1,TP_HIT,1,0.0,45.62,LONDON_OPEN,BEARISH,BUY_SIDE,0.01,3.11,1.56,0.75,2.0,0.64,1,TRENDING_ORDERFLOW,3,0.931
1260332,XAUUSD,2023-01-21 15:56:00+00:00,2023-01-21 15:57:00+00:00,SHORT,1950.87,1951.11,1951.24,1951.11,22.5,0.04,0.08,-5.74,-542.29,0,TP_HIT,1,0.0,41.87,NY_AM,BEARISH,BUY_SIDE,0.01,3.5,3.5,1.001,2.0,0.29,1,TRENDING_ORDERFLOW,3,0.982
1262780,XAUUSD,2023-01-23 08:44:00+00:00,2023-01-23 08:45:00+00:00,LONG,1950.61,1948.18,1948.18,1954.47,17.25,2.1,4.19,-1.16,-4177.09,0,SL_HIT,1,41.61,0.0,LONDON_OPEN,BULLISH,SELL_SIDE,9.99,3.11,1.56,0.4,2.0,0.64,1,TRENDING_ORDERFLOW,2,0.809
1265612,XAUUSD,2023-01-25 07:56:00+00:00,2023-01-25 07:57:00+00:00,SHORT,1948.05,1946.25,1949.44,1946.25,22.5,1.06,2.13,1.69,4056.4,1,TP_HIT,1,0.0,44.05,LONDON_OPEN,BEARISH,BUY_SIDE,0.01,4.67,2.33,0.667,2.0,0.43,1,TRENDING_ORDERFLOW,3,0.946
1266000,XAUUSD,2023-01-25 14:24:00+00:00,2023-01-25 14:25:00+00:00,SHORT,1946.06,1944.26,1947.45,1944.26,22.5,1.06,2.13,1.69,4057.3,1,TP_HIT,1,0.0,45.06,NY_AM,BEARISH,BUY_SIDE,0.01,7.0,2.33,0.75,2.0,0.43,1,TRENDING_ORDERFLOW,3,0.963
1272846,XAUUSD,2023-01-30 08:30:00+00:00,2023-01-30 08:31:00+00:00,SHORT,1949.29,1947.45,1950.7,1947.45,17.25,1.09,2.17,1.7,3184.75,1,TP_HIT,1,0.0,43.29,LONDON_OPEN,BEARISH,BUY_SIDE,0.02,1.75,1.75,0.5,2.0,0.57,1,NORMAL_EXPANSION,2,0.806
1274271,XAUUSD,2023-01-31 08:15:00+00:00,2023-01-31 08:16:00+00:00,SHORT,1930.34,1922.45,1934.77,1922.45,17.25,4.11,8.21,1.92,13607.3,1,TP_HIT,1,0.0,45.34,LONDON_OPEN,BEARISH,BUY_SIDE,0.0,4.2,1.4,0.5,2.0,0.71,1,NORMAL_EXPANSION,2,0.87
1278906,XAUUSD,2023-02-03 13:30:00+00:00,2023-02-03 13:31:00+00:00,SHORT,1940.5,1932.48,1944.99,1932.48,22.5,4.17,8.34,1.92,18038.68,1,TP_HIT,1,0.0,49.5,NY_AM,BEARISH,BUY_SIDE,0.0,1.75,1.75,0.636,2.0,1.14,1,TRENDING_ORDERFLOW,3,0.873
1283258,XAUUSD,2023-02-06 14:02:00+00:00,2023-02-06 14:03:00+00:00,SHORT,1910.64,1908.8,1912.05,1908.8,22.5,1.09,2.17,1.7,4153.57,1,TP_HIT,1,0.0,44.64,NY_AM,BEARISH,BUY_SIDE,0.01,3.5,1.75,0.667,2.0,0.57,1,TRENDING_ORDERFLOW,3,0.92
1287621,XAUUSD,2023-02-09 14:45:00+00:00,2023-02-09 14:46:00+00:00,SHORT,1911.79,1907.94,1914.2,1907.94,17.25,2.09,4.17,1.84,6634.06,1,TP_HIT,1,0.0,43.79,NY_AM,BEARISH,BUY_SIDE,0.03,3.5,1.75,0.5,2.0,0.57,1,NORMAL_EXPANSION,2,0.862
1288790,XAUUSD,2023-02-10 10:14:00+00:00,2023-02-10 10:15:00+00:00,LONG,1878.48,1876.96,1876.96,1880.54,15.0,1.19,2.39,-1.27,-2277.84,0,SL_HIT,1,45.48,0.0,LONDON_OPEN,BULLISH,SELL_SIDE,9.99,2.33,0.78,0.25,2.0,1.29,1,TRENDING_ORDERFLOW,3,0.834
1289087,XAUUSD,2023-02-10 15:11:00+00:00,2023-02-10 15:12:00+00:00,SHORT,1878.84,1874.82,1881.33,1874.82,22.5,2.17,4.34,1.85,9040.04,1,TP_HIT,1,0.0,44.84,NY_AM,BEARISH,BUY_SIDE,0.0,2.62,1.75,0.6,2.0,1.14,1,TRENDING_ORDERFLOW,3,0.88
1292969,XAUUSD,2023-02-13 07:53:00+00:00,2023-02-13 07:54:00+00:00,SHORT,1858.97,1859.14,1859.37,1859.14,22.5,0.07,0.15,-2.39,-397.8,0,TP_HIT,1,0.0,46.97,LONDON_OPEN,BEARISH,BUY_SIDE,0.02,8.0,2.0,1.0,2.0,0.5,1,TRENDING_ORDERFLOW,3,0.983
1295938,XAUUSD,2023-02-15 09:22:00+00:00,2023-02-15 09:23:00+00:00,LONG,1862.72,1861.19,1861.19,1864.8,22.5,1.2,2.41,-1.27,-3439.37,0,SL_HIT,1,42.72,0.0,LONDON_OPEN,BULLISH,SELL_SIDE,10.0,2.95,0.74,0.1,2.0,1.36,1,TRENDING_ORDERFLOW,3,0.909
1298700,XAUUSD,2023-02-17 07:24:00+00:00,2023-02-17 07:25:00+00:00,SHORT,1852.16,1850.36,1853.55,1850.36,17.25,1.06,2.13,1.69,3110.13,1,TP_HIT,1,0.0,43.16,LONDON_OPEN,BEARISH,BUY_SIDE,0.01,2.33,2.33,0.5,2.0,0.43,1,NORMAL_EXPANSION,2,0.847
1303185,XAUUSD,2023-02-20 10:09:00+00:00,2023-02-20 10:10:00+00:00,SHORT,1867.31,1867.16,1867.87,1867.16,22.5,0.23,0.47,0.62,325.11,1,TP_HIT,1,0.0,51.31,LONDON_OPEN,BEARISH,BUY_SIDE,0.02,4.45,1.27,1.0,2.0,1.57,1,TRENDING_ORDERFLOW,3,0.977
1307423,XAUUSD,2023-02-23 08:47:00+00:00,2023-02-23 08:48:00+00:00,SHORT,1857.45,1855.63,1858.85,1855.63,17.25,1.07,2.15,1.7,3148.02,1,TP_HIT,1,0.0,44.45,LONDON_OPEN,BEARISH,BUY_SIDE,0.02,2.0,2.0,0.5,2.0,0.5,1,NORMAL_EXPANSION,2,0.825
1316087,XAUUSD,2023-03-01 09:11:00+00:00,2023-03-01 09:12:00+00:00,SHORT,1864.74,1862.89,1866.15,1862.89,17.25,1.09,2.17,1.7,3184.18,1,TP_HIT,1,0.0,44.74,LONDON_OPEN,BEARISH,BUY_SIDE,0.02,1.75,1.75,0.5,2.0,0.57,1,NORMAL_EXPANSION,2,0.806
1322271,XAUUSD,2023-03-05 16:15:00+00:00,2023-03-05 16:16:00+00:00,SHORT,1891.95,1888.08,1894.37,1888.08,22.5,2.1,4.19,1.84,8702.54,1,TP_HIT,1,0.0,45.95,NY_AM,BEARISH,BUY_SIDE,0.01,3.11,1.56,0.6,2.0,0.64,1,TRENDING_ORDERFLOW,3,0.887
1324625,XAUUSD,2023-03-07 07:29:00+00:00,2023-03-07 07:30:00+00:00,SHORT,1880.03,1878.2,1881.43,1878.2,17.25,1.07,2.15,1.7,3146.17,1,TP_HIT,1,0.0,45.03,LONDON_OPEN,BEARISH,BUY_SIDE,0.0,2.0,2.0,0.5,2.0,0.5,1,NORMAL_EXPANSION,2,0.825
1324735,XAUUSD,2023-03-07 09:19:00+00:00,2023-03-07 09:20:00+00:00,SHORT,1881.03,1879.21,1882.43,1879.21,22.5,1.07,2.15,1.7,4105.67,1,TP_HIT,1,0.0,46.03,LONDON_OPEN,BEARISH,BUY_SIDE,0.0,4.0,2.0,0.667,2.0,0.5,1,TRENDING_ORDERFLOW,3,0.932
1330842,XAUUSD,2023-03-11 15:06:00+00:00,2023-03-11 15:07:00+00:00,LONG,1958.88,1955.93,1955.93,1963.82,22.5,2.63,5.27,-1.12,-6654.55,0,SL_HIT,1,36.88,0.0,NY_AM,BULLISH,SELL_SIDE,10.0,2.14,0.95,0.154,2.0,4.21,1,TRENDING_ORDERFLOW,3,0.877
1333391,XAUUSD,2023-03-13 09:35:00+00:00,2023-03-13 09:36:00+00:00,SHORT,1949.32,1943.26,1952.84,1943.26,17.25,3.19,6.38,1.9,10451.97,1,TP_HIT,1,0.0,48.32,LONDON_OPEN,BEARISH,BUY_SIDE,0.0,3.11,0.78,0.571,2.0,1.29,1,TRENDING_ORDERFLOW,2,0.853
1344815,XAUUSD,2023-03-21 07:59:00+00:00,2023-03-21 08:00:00+00:00,SHORT,2023.7,2017.64,2027.22,2017.64,17.25,3.19,6.38,1.9,10451.61,1,TP_HIT,1,0.0,47.7,LONDON_OPEN,BEARISH,BUY_SIDE,0.01,2.33,0.78,0.572,2.0,1.29,1,TRENDING_ORDERFLOW,2,0.829
1346746,XAUUSD,2023-03-22 16:10:00+00:00,2023-03-22 16:11:00+00:00,SHORT,1992.77,1984.75,1997.26,1984.75,17.25,4.17,8.34,1.92,13830.12,1,TP_HIT,1,0.0,45.77,NY_AM,BEARISH,BUY_SIDE,0.01,1.75,0.87,0.556,2.0,1.14,1,TRENDING_ORDERFLOW,2,0.803
1356710,XAUUSD,2023-03-29 15:34:00+00:00,2023-03-29 15:35:00+00:00,LONG,2031.75,2029.32,2029.32,2035.64,17.25,2.11,4.21,-1.15,-4195.8,0,SL_HIT,1,45.75,0.0,NY_AM,BULLISH,SELL_SIDE,9.99,4.2,1.4,0.4,2.0,0.71,1,TRENDING_ORDERFLOW,2,0.84
1359598,XAUUSD,2023-03-31 15:42:00+00:00,2023-03-31 15:43:00+00:00,LONG,2028.85,2028.44,2028.44,2028.7,22.5,0.09,0.17,-4.75,-926.23,0,SL_HIT,1,45.85,0.0,NY_AM,BULLISH,SELL_SIDE,10.0,1.75,3.5,0.001,2.0,0.57,1,TRENDING_ORDERFLOW,3,0.951
1363504,XAUUSD,2023-04-03 08:48:00+00:00,2023-04-03 08:49:00+00:00,SHORT,2016.33,2014.48,2017.74,2014.48,22.5,1.09,2.17,1.7,4151.77,1,TP_HIT,1,0.0,46.33,LONDON_OPEN,BEARISH,BUY_SIDE,0.0,3.5,1.75,0.667,2.0,0.57,1,TRENDING_ORDERFLOW,3,0.92
1380864,XAUUSD,2023-04-15 10:08:00+00:00,2023-04-15 10:09:00+00:00,SHORT,2065.91,2064.0,2067.35,2064.0,22.5,1.12,2.24,1.71,4298.97,1,TP_HIT,1,0.0,46.91,LONDON_OPEN,BEARISH,BUY_SIDE,0.02,2.55,1.27,0.75,2.0,0.79,1,TRENDING_ORDERFLOW,3,0.917
1394078,XAUUSD,2023-04-24 14:22:00+00:00,2023-04-24 14:23:00+00:00,SHORT,2031.35,2029.48,2032.77,2029.48,22.5,1.1,2.19,1.7,4202.54,1,TP_HIT,1,0.0,46.35,NY_AM,BEARISH,BUY_SIDE,0.01,3.11,1.56,0.667,2.0,0.64,1,TRENDING_ORDERFLOW,3,0.909
1395187,XAUUSD,2023-04-25 08:51:00+00:00,2023-04-25 08:52:00+00:00,SHORT,2039.39,2037.56,2040.79,2037.56,17.25,1.07,2.15,1.7,3147.21,1,TP_HIT,1,0.0,47.39,LONDON_OPEN,BEARISH,BUY_SIDE,0.0,2.0,2.0,0.5,2.0,0.5,1,NORMAL_EXPANSION,2,0.825
1399798,XAUUSD,2023-04-28 13:42:00+00:00,2023-04-28 13:43:00+00:00,SHORT,2032.54,2030.61,2034.0,2030.61,22.5,1.13,2.26,1.71,4347.18,1,TP_HIT,1,0.0,48.54,NY_AM,BEARISH,BUY_SIDE,0.02,3.5,2.33,0.75,2.0,0.86,1,TRENDING_ORDERFLOW,3,0.948
1404133,XAUUSD,2023-05-01 13:57:00+00:00,2023-05-01 13:58:00+00:00,SHORT,2044.69,2040.67,2047.18,2040.67,22.5,2.17,4.34,1.85,9038.83,1,TP_HIT,1,0.0,48.69,NY_AM,BEARISH,BUY_SIDE,0.01,1.75,0.87,0.667,2.0,1.14,1,TRENDING_ORDERFLOW,3,0.86
1412378,XAUUSD,2023-05-07 07:22:00+00:00,2023-05-07 07:23:00+00:00,SHORT,2064.96,2063.16,2066.35,2063.16,22.5,1.06,2.13,1.69,4056.85,1,TP_HIT,1,0.0,47.96,LONDON_OPEN,BEARISH,BUY_SIDE,0.01,2.33,2.33,0.667,2.0,0.43,1,TRENDING_ORDERFLOW,3,0.911
1418207,XAUUSD,2023-05-11 08:31:00+00:00,2023-05-11 08:32:00+00:00,SHORT,2079.16,2077.12,2080.67,2077.12,22.5,1.18,2.36,1.73,4587.2,1,TP_HIT,1,0.0,50.16,LONDON_OPEN,BEARISH,BUY_SIDE,0.01,3.29,0.82,0.889,2.0,1.21,1,TRENDING_ORDERFLOW,3,0.951
1420093,XAUUSD,2023-05-12 15:57:00+00:00,2023-05-12 15:58:00+00:00,SHORT,2067.22,2065.31,2068.67,2065.31,22.5,1.12,2.24,1.71,4298.22,1,TP_HIT,1,0.0,50.22,NY_AM,BEARISH,BUY_SIDE,0.01,3.82,1.27,0.833,2.0,0.79,1,TRENDING_ORDERFLOW,3,0.953
1424039,XAUUSD,2023-05-15 09:43:00+00:00,2023-05-15 09:44:00+00:00,SHORT,2072.36,2070.51,2073.77,2070.51,17.25,1.09,2.17,1.7,3184.29,1,TP_HIT,1,0.0,47.36,LONDON_OPEN,BEARISH,BUY_SIDE,0.01,1.75,1.75,0.5,2.0,0.57,1,NORMAL_EXPANSION,2,0.806
1451282,XAUUSD,2023-06-03 07:46:00+00:00,2023-06-03 07:47:00+00:00,SHORT,2001.27,1999.51,2002.63,1999.51,22.5,1.04,2.08,1.69,3959.52,1,TP_HIT,1,0.0,50.27,LONDON_OPEN,BEARISH,BUY_SIDE,0.04,7.0,3.5,0.667,2.0,0.29,1,TRENDING_ORDERFLOW,3,0.957
1451615,XAUUSD,2023-06-03 13:19:00+00:00,2023-06-03 13:20:00+00:00,SHORT,1999.28,1997.48,2000.67,1997.48,17.25,1.06,2.13,1.69,3108.17,1,TP_HIT,1,0.0,49.28,NY_AM,BEARISH,BUY_SIDE,0.02,2.33,2.33,0.5,2.0,0.43,1,NORMAL_EXPANSION,2,0.847
1460333,XAUUSD,2023-06-09 14:37:00+00:00,2023-06-09 14:38:00+00:00,SHORT,1971.57,1969.79,1972.95,1969.79,17.25,1.05,2.11,1.69,3071.09,1,TP_HIT,1,0.0,50.57,NY_AM,BEARISH,BUY_SIDE,0.0,2.8,2.8,0.5,2.0,0.36,1,NORMAL_EXPANSION,2,0.874
1461801,XAUUSD,2023-06-10 15:05:00+00:00,2023-06-10 15:06:00+00:00,SHORT,1965.62,1963.82,1967.01,1963.82,17.25,1.06,2.13,1.69,3110.83,1,TP_HIT,1,0.0,49.62,NY_AM,BEARISH,BUY_SIDE,0.0,2.33,2.33,0.5,2.0,0.43,1,NORMAL_EXPANSION,2,0.847
1461840,XAUUSD,2023-06-10 15:44:00+00:00,2023-06-10 15:45:00+00:00,LONG,1963.27,1961.81,1961.81,1965.22,22.5,1.14,2.28,-1.29,-3295.25,0,SL_HIT,1,42.27,0.0,NY_AM,BULLISH,SELL_SIDE,9.99,7.54,1.08,0.111,2.0,0.93,1,TRENDING_ORDERFLOW,3,0.944
1464263,XAUUSD,2023-06-12 08:07:00+00:00,2023-06-12 08:08:00+00:00,LONG,1972.35,1968.83,1968.83,1978.41,15.0,3.19,6.39,-1.1,-5277.34,0,SL_HIT,1,45.35,0.0,LONDON_OPEN,BULLISH,SELL_SIDE,9.99,3.11,0.78,0.333,2.0,1.29,1,TRENDING_ORDERFLOW,3,0.816
1474407,XAUUSD,2023-06-19 09:11:00+00:00,2023-06-19 09:12:00+00:00,SHORT,1976.04,1972.24,1978.43,1972.24,17.25,2.06,4.13,1.84,6559.79,1,TP_HIT,1,0.0,51.04,LONDON_OPEN,BEARISH,BUY_SIDE,0.0,4.67,2.33,0.5,2.0,0.43,1,NORMAL_EXPANSION,2,0.905
1477570,XAUUSD,2023-06-21 13:54:00+00:00,2023-06-21 13:55:00+00:00,LONG,1968.8,1964.23,1964.23,1976.97,22.5,4.25,8.49,-1.08,-10285.8,0,SL_HIT,1,42.8,0.0,NY_AM,BULLISH,SELL_SIDE,9.98,4.87,1.22,0.308,2.0,1.64,1,TRENDING_ORDERFLOW,3,0.891
1480497,XAUUSD,2023-06-23 14:41:00+00:00,2023-06-23 14:42:00+00:00,SHORT,1963.25,1961.42,1964.65,1961.42,22.5,1.07,2.15,1.7,4105.36,1,TP_HIT,1,0.0,52.25,NY_AM,BEARISH,BUY_SIDE,0.0,4.0,2.0,0.667,2.0,0.5,1,TRENDING_ORDERFLOW,3,0.932
1491691,XAUUSD,2023-07-01 09:15:00+00:00,2023-07-01 09:16:00+00:00,SHORT,1950.62,1948.82,1952.01,1948.82,22.5,1.06,2.13,1.69,4057.3,1,TP_HIT,1,0.0,50.62,LONDON_OPEN,BEARISH,BUY_SIDE,0.0,2.33,2.33,0.667,2.0,0.43,1,TRENDING_ORDERFLOW,3,0.911
1492012,XAUUSD,2023-07-01 14:36:00+00:00,2023-07-01 14:37:00+00:00,SHORT,1948.63,1946.83,1950.02,1946.83,17.25,1.06,2.13,1.69,3109.44,1,TP_HIT,1,0.0,49.63,NY_AM,BEARISH,BUY_SIDE,0.01,2.33,2.33,0.5,2.0,0.43,1,NORMAL_EXPANSION,2,0.847
1503223,XAUUSD,2023-07-09 09:27:00+00:00,2023-07-09 09:28:00+00:00,SHORT,1952.01,1950.16,1953.42,1950.16,17.25,1.09,2.17,1.7,3184.64,1,TP_HIT,1,0.0,51.01,LONDON_OPEN,BEARISH,BUY_SIDE,0.0,1.75,1.75,0.5,2.0,0.57,1,NORMAL_EXPANSION,2,0.807
1517958,XAUUSD,2023-07-19 15:02:00+00:00,2023-07-19 15:03:00+00:00,SHORT,1987.5,1985.72,1988.88,1985.72,22.5,1.05,2.11,1.69,4007.58,1,TP_HIT,1,0.0,52.5,NY_AM,BEARISH,BUY_SIDE,0.01,5.6,2.8,0.667,2.0,0.36,1,TRENDING_ORDERFLOW,3,0.955
1523290,XAUUSD,2023-07-23 07:54:00+00:00,2023-07-23 07:55:00+00:00,SHORT,1975.68,1973.88,1977.07,1973.88,17.25,1.06,2.13,1.69,3110.48,1,TP_HIT,1,0.0,51.68,LONDON_OPEN,BEARISH,BUY_SIDE,0.01,2.33,2.33,0.5,2.0,0.43,1,NORMAL_EXPANSION,2,0.847
1533436,XAUUSD,2023-07-30 09:00:00+00:00,2023-07-30 09:01:00+00:00,SHORT,2000.02,1996.22,2002.41,1996.22,22.5,2.06,4.13,1.84,8554.74,1,TP_HIT,1,0.0,52.02,LONDON_OPEN,BEARISH,BUY_SIDE,0.0,7.0,2.33,0.667,2.0,0.43,1,TRENDING_ORDERFLOW,3,0.95
1535133,XAUUSD,2023-07-31 13:17:00+00:00,2023-07-31 13:18:00+00:00,SHORT,2005.07,2003.23,2006.49,2003.23,22.5,1.09,2.17,1.7,4154.33,1,TP_HIT,1,0.0,53.07,NY_AM,BEARISH,BUY_SIDE,0.01,3.5,1.75,0.667,2.0,0.57,1,TRENDING_ORDERFLOW,3,0.92
1545329,XAUUSD,2023-08-07 15:13:00+00:00,2023-08-07 15:14:00+00:00,SHORT,1989.42,1987.66,1990.78,1987.66,17.25,1.04,2.08,1.69,3034.36,1,TP_HIT,1,0.0,52.42,NY_AM,BEARISH,BUY_SIDE,0.0,3.5,3.5,0.5,2.0,0.29,1,NORMAL_EXPANSION,2,0.896
1550642,XAUUSD,2023-08-11 07:46:00+00:00,2023-08-11 07:47:00+00:00,SHORT,1972.59,1970.83,1973.96,1970.83,17.25,1.04,2.09,1.69,3037.13,1,TP_HIT,1,0.0,53.59,LONDON_OPEN,BEARISH,BUY_SIDE,0.0,3.5,3.5,0.5,2.0,0.29,1,NORMAL_EXPANSION,2,0.896
1552234,XAUUSD,2023-08-12 10:18:00+00:00,2023-08-12 10:19:00+00:00,SHORT,1954.65,1952.76,1956.08,1952.76,22.5,1.11,2.21,1.71,4250.76,1,TP_HIT,1,0.0,53.65,LONDON_OPEN,BEARISH,BUY_SIDE,0.01,4.2,1.4,0.75,2.0,0.71,1,TRENDING_ORDERFLOW,3,0.944
1580936,XAUUSD,2023-09-01 08:40:00+00:00,2023-09-01 08:41:00+00:00,SHORT,1974.61,1972.85,1975.98,1972.85,17.25,1.04,2.09,1.69,3036.55,1,TP_HIT,1,0.0,53.61,LONDON_OPEN,BEARISH,BUY_SIDE,0.01,3.5,3.5,0.5,2.0,0.29,1,NORMAL_EXPANSION,2,0.896
1588428,XAUUSD,2023-09-06 13:32:00+00:00,2023-09-06 13:33:00+00:00,SHORT,1961.86,1960.1,1963.23,1960.1,17.25,1.04,2.09,1.69,3036.21,1,TP_HIT,1,0.0,52.86,NY_AM,BEARISH,BUY_SIDE,0.0,3.5,3.5,0.5,2.0,0.29,1,NORMAL_EXPANSION,2,0.896
1589525,XAUUSD,2023-09-07 07:49:00+00:00,2023-09-07 07:50:00+00:00,SHORT,1951.9,1950.14,1953.26,1950.14,17.25,1.04,2.09,1.69,3036.21,1,TP_HIT,1,0.0,52.9,LONDON_OPEN,BEARISH,BUY_SIDE,0.0,3.5,3.5,0.5,2.0,0.29,1,NORMAL_EXPANSION,2,0.896
1591379,XAUUSD,2023-09-08 14:43:00+00:00,2023-09-08 14:44:00+00:00,SHORT,1961.96,1960.15,1963.35,1960.15,17.25,1.06,2.13,1.69,3110.48,1,TP_HIT,1,0.0,53.96,NY_AM,BEARISH,BUY_SIDE,0.0,2.33,2.33,0.5,2.0,0.43,1,NORMAL_EXPANSION,2,0.847
1595378,XAUUSD,2023-09-11 09:22:00+00:00,2023-09-11 09:23:00+00:00,SHORT,1957.09,1955.33,1958.46,1955.33,17.25,1.04,2.08,1.69,3035.86,1,TP_HIT,1,0.0,54.09,LONDON_OPEN,BEARISH,BUY_SIDE,0.01,3.5,3.5,0.5,2.0,0.29,1,NORMAL_EXPANSION,2,0.896
1621646,XAUUSD,2023-09-29 15:10:00+00:00,2023-09-29 15:11:00+00:00,LONG,1927.62,1925.12,1925.12,1931.64,22.5,2.17,4.34,-1.15,-5617.95,0,SL_HIT,1,53.62,0.0,NY_AM,BULLISH,SELL_SIDE,10.0,1.75,1.75,0.222,2.0,1.14,1,TRENDING_ORDERFLOW,3,0.862
1622745,XAUUSD,2023-09-30 09:29:00+00:00,2023-09-30 09:30:00+00:00,SHORT,1921.01,1919.21,1922.4,1919.21,22.5,1.06,2.13,1.69,4057.0,1,TP_HIT,1,0.0,56.01,LONDON_OPEN,BEARISH,BUY_SIDE,0.02,4.67,2.33,0.667,2.0,0.43,1,TRENDING_ORDERFLOW,3,0.946
1629820,XAUUSD,2023-10-05 07:24:00+00:00,2023-10-05 07:25:00+00:00,SHORT,1889.25,1885.38,1891.67,1885.38,17.25,2.1,4.19,1.84,6671.25,1,TP_HIT,1,0.0,57.25,LONDON_OPEN,BEARISH,BUY_SIDE,0.01,3.11,1.56,0.5,2.0,0.64,1,NORMAL_EXPANSION,2,0.845
1631349,XAUUSD,2023-10-06 08:53:00+00:00,2023-10-06 08:54:00+00:00,SHORT,1886.3,1884.51,1887.67,1884.51,22.5,1.05,2.11,1.69,4008.18,1,TP_HIT,1,0.0,56.3,LONDON_OPEN,BEARISH,BUY_SIDE,0.02,5.6,2.8,0.667,2.0,0.36,1,TRENDING_ORDERFLOW,3,0.955
1631408,XAUUSD,2023-10-06 09:52:00+00:00,2023-10-06 09:53:00+00:00,SHORT,1884.3,1882.32,1885.77,1882.32,22.5,1.15,2.3,1.72,4442.25,1,TP_HIT,1,0.0,55.3,LONDON_OPEN,BEARISH,BUY_SIDE,0.0,2.0,1.0,0.875,2.0,1.0,1,TRENDING_ORDERFLOW,3,0.935
1634152,XAUUSD,2023-10-08 07:36:00+00:00,2023-10-08 07:37:00+00:00,LONG,1906.04,1903.65,1903.65,1909.85,22.5,2.07,4.13,-1.16,-5377.56,0,SL_HIT,1,53.04,0.0,LONDON_OPEN,BULLISH,SELL_SIDE,9.99,9.33,2.33,0.333,2.0,0.43,1,TRENDING_ORDERFLOW,3,0.911
1644337,XAUUSD,2023-10-15 09:21:00+00:00,2023-10-15 09:22:00+00:00,SHORT,1979.73,1977.86,1981.15,1977.86,22.5,1.1,2.19,1.7,4199.82,1,TP_HIT,1,0.0,56.73,LONDON_OPEN,BEARISH,BUY_SIDE,0.02,3.11,1.56,0.667,2.0,0.64,1,TRENDING_ORDERFLOW,3,0.909
1646161,XAUUSD,2023-10-16 15:45:00+00:00,2023-10-16 15:46:00+00:00,SHORT,1962.79,1954.63,1967.36,1954.63,17.25,4.25,8.49,1.92,14088.29,1,TP_HIT,1,0.0,56.79,NY_AM,BEARISH,BUY_SIDE,0.01,2.43,1.22,0.556,2.0,1.64,1,TRENDING_ORDERFLOW,2,0.839
1648523,XAUUSD,2023-10-18 07:07:00+00:00,2023-10-18 07:08:00+00:00,LONG,1980.52,1979.08,1979.08,1982.43,15.0,1.12,2.24,-1.29,-2164.34,0,SL_HIT,1,54.52,0.0,LONDON_OPEN,BULLISH,SELL_SIDE,9.99,2.55,1.27,0.333,2.0,0.79,1,TRENDING_ORDERFLOW,3,0.816
1649006,XAUUSD,2023-10-18 15:10:00+00:00,2023-10-18 15:11:00+00:00,SHORT,1990.89,1978.83,1997.4,1978.83,17.25,6.19,12.38,1.95,20803.35,1,TP_HIT,1,0.0,57.89,NY_AM,BEARISH,BUY_SIDE,0.0,3.11,1.56,0.5,2.0,1.29,1,NORMAL_EXPANSION,2,0.845
1651929,XAUUSD,2023-10-20 15:53:00+00:00,2023-10-20 15:54:00+00:00,SHORT,2032.99,2031.01,2034.46,2031.01,22.5,1.15,2.3,1.72,4442.86,1,TP_HIT,1,0.0,56.99,NY_AM,BEARISH,BUY_SIDE,0.0,3.0,1.0,0.75,2.0,1.0,1,TRENDING_ORDERFLOW,3,0.92
1652889,XAUUSD,2023-10-21 07:53:00+00:00,2023-10-21 07:54:00+00:00,SHORT,2020.02,2016.04,2022.49,2016.04,22.5,2.15,4.3,1.85,8941.35,1,TP_HIT,1,0.0,58.02,LONDON_OPEN,BEARISH,BUY_SIDE,0.01,3.0,1.0,0.8,2.0,1.0,1,TRENDING_ORDERFLOW,3,0.932
1660548,XAUUSD,2023-10-26 15:32:00+00:00,2023-10-26 15:33:00+00:00,LONG,2014.92,2012.44,2012.44,2018.92,22.5,2.16,4.32,-1.15,-5593.54,0,SL_HIT,1,54.92,0.0,NY_AM,BULLISH,SELL_SIDE,10.0,3.73,1.87,0.333,2.0,1.07,1,TRENDING_ORDERFLOW,3,0.871
1665938,XAUUSD,2023-10-30 09:22:00+00:00,2023-10-30 09:23:00+00:00,SHORT,2034.45,2026.37,2038.98,2026.37,17.25,4.2,8.41,1.92,13940.55,1,TP_HIT,1,0.0,59.45,LONDON_OPEN,BEARISH,BUY_SIDE,0.01,2.95,0.74,0.5,2.0,1.36,1,NORMAL_EXPANSION,2,0.809
1677428,XAUUSD,2023-11-07 08:52:00+00:00,2023-11-07 08:53:00+00:00,SHORT,2003.84,2004.06,2004.22,2004.06,22.5,0.05,0.11,-4.15,-493.48,0,TP_HIT,1,0.0,56.84,LONDON_OPEN,BEARISH,BUY_SIDE,0.0,2.8,2.8,1.001,2.0,0.36,1,TRENDING_ORDERFLOW,3,0.978
1686418,XAUUSD,2023-11-13 14:42:00+00:00,2023-11-13 14:43:00+00:00,LONG,1971.79,1970.33,1970.33,1973.74,15.0,1.14,2.28,-1.29,-2196.48,0,SL_HIT,1,55.79,0.0,NY_AM,BULLISH,SELL_SIDE,10.0,2.15,1.08,0.25,2.0,0.93,1,TRENDING_ORDERFLOW,3,0.839
1712284,XAUUSD,2023-12-01 13:48:00+00:00,2023-12-01 13:49:00+00:00,SHORT,2079.01,2077.23,2080.38,2077.23,17.25,1.05,2.11,1.69,3071.32,1,TP_HIT,1,0.0,57.01,NY_AM,BEARISH,BUY_SIDE,0.01,2.8,2.8,0.5,2.0,0.36,1,NORMAL_EXPANSION,2,0.874
1714825,XAUUSD,2023-12-03 08:09:00+00:00,2023-12-03 08:10:00+00:00,SHORT,2102.09,2100.24,2103.5,2100.24,22.5,1.09,2.17,1.7,4154.33,1,TP_HIT,1,0.0,58.09,LONDON_OPEN,BEARISH,BUY_SIDE,0.0,3.5,1.75,0.667,2.0,0.57,1,TRENDING_ORDERFLOW,3,0.92
1714966,XAUUSD,2023-12-03 10:30:00+00:00,2023-12-03 10:31:00+00:00,SHORT,2101.1,2097.19,2103.54,2097.19,17.25,2.12,4.24,1.85,6745.65,1,TP_HIT,1,0.0,59.1,LONDON_OPEN,BEARISH,BUY_SIDE,0.01,2.55,1.27,0.5,2.0,0.79,1,NORMAL_EXPANSION,2,0.816
1722322,XAUUSD,2023-12-08 13:06:00+00:00,2023-12-08 13:07:00+00:00,SHORT,2072.34,2068.3,2074.85,2068.3,17.25,2.18,4.36,1.85,6966.16,1,TP_HIT,1,0.0,57.34,NY_AM,BEARISH,BUY_SIDE,0.0,1.65,2.47,0.5,2.0,1.21,1,NORMAL_EXPANSION,2,0.831
1735043,XAUUSD,2023-12-17 09:07:00+00:00,2023-12-17 09:08:00+00:00,SHORT,2052.77,2050.9,2054.19,2050.9,22.5,1.1,2.19,1.7,4201.79,1,TP_HIT,1,0.0,58.77,LONDON_OPEN,BEARISH,BUY_SIDE,0.01,3.11,1.56,0.667,2.0,0.64,1,TRENDING_ORDERFLOW,3,0.909
1740728,XAUUSD,2023-12-21 07:52:00+00:00,2023-12-21 07:53:00+00:00,SHORT,2073.96,2070.13,2076.36,2070.13,17.25,2.07,4.15,1.84,6595.71,1,TP_HIT,1,0.0,58.96,LONDON_OPEN,BEARISH,BUY_SIDE,0.0,4.0,4.0,0.5,2.0,0.5,1,NORMAL_EXPANSION,2,0.906
1743687,XAUUSD,2023-12-23 09:11:00+00:00,2023-12-23 09:12:00+00:00,SHORT,2089.06,2087.21,2090.47,2087.21,22.5,1.09,2.17,1.7,4151.61,1,TP_HIT,1,0.0,60.06,LONDON_OPEN,BEARISH,BUY_SIDE,0.01,3.5,1.75,0.667,2.0,0.57,1,TRENDING_ORDERFLOW,3,0.92
1746947,XAUUSD,2023-12-25 15:31:00+00:00,2023-12-25 15:32:00+00:00,SHORT,2084.17,2078.09,2087.69,2078.09,22.5,3.2,6.41,1.9,13680.46,1,TP_HIT,1,0.0,62.17,NY_AM,BEARISH,BUY_SIDE,0.01,2.95,0.74,0.667,2.0,1.36,1,TRENDING_ORDERFLOW,3,0.886
1747961,XAUUSD,2023-12-26 08:25:00+00:00,2023-12-26 08:26:00+00:00,SHORT,2089.2,2087.23,2090.68,2087.23,22.5,1.15,2.3,1.72,4443.01,1,TP_HIT,1,0.0,59.2,LONDON_OPEN,BEARISH,BUY_SIDE,0.0,2.0,2.0,0.667,2.0,1.0,1,TRENDING_ORDERFLOW,3,0.897
1748019,XAUUSD,2023-12-26 09:23:00+00:00,2023-12-26 09:24:00+00:00,LONG,2086.85,2086.37,2086.37,2086.85,22.5,0.16,0.32,-3.01,-1094.75,0,SL_HIT,1,53.85,0.0,LONDON_OPEN,BULLISH,SELL_SIDE,10.0,7.47,0.93,0.0,2.0,1.07,1,TRENDING_ORDERFLOW,3,0.96
1751183,XAUUSD,2023-12-28 14:07:00+00:00,2023-12-28 14:08:00+00:00,SHORT,2111.31,2105.4,2114.75,2105.4,17.25,3.12,6.24,1.9,10195.07,1,TP_HIT,1,0.0,61.31,NY_AM,BEARISH,BUY_SIDE,0.0,3.82,1.27,0.5,2.0,0.79,1,NORMAL_EXPANSION,2,0.856
1758088,XAUUSD,2024-01-02 09:12:00+00:00,2024-01-02 09:13:00+00:00,SHORT,2100.54,2094.11,2104.24,2094.11,22.5,3.37,6.75,1.9,14456.11,1,TP_HIT,1,0.0,64.54,LONDON_OPEN,BEARISH,BUY_SIDE,10.01,2.4,0.4,0.833,2.0,2.5,1,TRENDING_ORDERFLOW,3,0.863
1761270,XAUUSD,2024-01-04 14:14:00+00:00,2024-01-04 14:15:00+00:00,SHORT,2076.65,2070.69,2080.11,2070.69,15.0,3.14,6.28,1.9,8929.06,1,TP_HIT,1,0.0,61.65,NY_AM,BEARISH,BUY_SIDE,10.01,3.23,1.08,0.667,2.0,0.93,1,TRENDING_ORDERFLOW,3,0.831
1762666,XAUUSD,2024-01-05 13:30:00+00:00,2024-01-05 13:31:00+00:00,SHORT,2078.69,2072.63,2082.21,2072.63,17.25,3.19,6.39,1.9,10454.28,1,TP_HIT,1,0.0,64.69,NY_AM,BEARISH,BUY_SIDE,0.01,3.11,0.78,0.571,2.0,1.29,1,TRENDING_ORDERFLOW,2,0.853
1764211,XAUUSD,2024-01-06 15:15:00+00:00,2024-01-06 15:16:00+00:00,SHORT,2079.74,2077.56,2081.33,2077.56,22.5,1.26,2.51,1.74,4925.15,1,TP_HIT,1,0.0,73.74,NY_AM,BEARISH,BUY_SIDE,0.01,4.67,0.58,0.941,2.0,1.71,1,TRENDING_ORDERFLOW,3,0.968
1768130,XAUUSD,2024-01-09 08:34:00+00:00,2024-01-09 08:35:00+00:00,SHORT,2071.88,2068.01,2074.3,2068.01,22.5,2.1,4.19,1.84,8702.24,1,TP_HIT,1,0.0,60.88,LONDON_OPEN,BEARISH,BUY_SIDE,0.0,3.11,1.56,0.667,2.0,0.64,1,TRENDING_ORDERFLOW,3,0.909
1779717,XAUUSD,2024-01-17 09:41:00+00:00,2024-01-17 09:42:00+00:00,SHORT,2074.26,2070.35,2076.71,2070.35,17.25,2.12,4.24,1.85,6745.41,1,TP_HIT,1,0.0,61.26,LONDON_OPEN,BEARISH,BUY_SIDE,0.0,2.55,2.55,0.5,2.0,0.79,1,NORMAL_EXPANSION,2,0.86
1780031,XAUUSD,2024-01-17 14:55:00+00:00,2024-01-17 14:56:00+00:00,SHORT,2072.27,2066.19,2075.8,2066.19,15.0,3.2,6.41,1.9,9122.22,1,TP_HIT,1,0.0,64.27,NY_AM,BEARISH,BUY_SIDE,0.01,2.21,0.74,0.625,2.0,1.36,1,TRENDING_ORDERFLOW,3,0.85
1787194,XAUUSD,2024-01-22 14:18:00+00:00,2024-01-22 14:19:00+00:00,SHORT,2066.51,2062.5,2069.01,2062.5,15.0,2.17,4.34,1.85,6025.99,1,TP_HIT,1,0.0,64.51,NY_AM,BEARISH,BUY_SIDE,0.01,1.75,0.87,0.6,2.0,1.14,1,TRENDING_ORDERFLOW,3,0.828
1790035,XAUUSD,2024-01-24 13:39:00+00:00,2024-01-24 13:40:00+00:00,SHORT,2073.61,2071.81,2075.0,2071.81,22.5,1.06,2.13,1.69,4055.94,1,TP_HIT,1,0.0,61.61,NY_AM,BEARISH,BUY_SIDE,0.0,4.67,2.33,0.667,2.0,0.43,1,TRENDING_ORDERFLOW,3,0.946
1795897,XAUUSD,2024-01-28 15:21:00+00:00,2024-01-28 15:22:00+00:00,SHORT,2059.81,2058.0,2061.19,2058.0,17.25,1.06,2.13,1.69,3110.37,1,TP_HIT,1,0.0,59.81,NY_AM,BEARISH,BUY_SIDE,0.01,2.33,2.33,0.5,2.0,0.43,1,NORMAL_EXPANSION,2,0.847
1797341,XAUUSD,2024-01-29 15:25:00+00:00,2024-01-29 15:26:00+00:00,SHORT,2067.85,2063.99,2070.28,2063.99,22.5,2.1,4.19,1.84,8702.24,1,TP_HIT,1,0.0,59.85,NY_AM,BEARISH,BUY_SIDE,0.0,4.67,1.56,0.6,2.0,0.64,1,TRENDING_ORDERFLOW,3,0.918
1804518,XAUUSD,2024-02-03 15:02:00+00:00,2024-02-03 15:03:00+00:00,SHORT,2084.09,2082.27,2085.49,2082.27,22.5,1.07,2.15,1.7,4104.61,1,TP_HIT,1,0.0,63.09,NY_AM,BEARISH,BUY_SIDE,0.01,4.0,2.0,0.667,2.0,0.5,1,TRENDING_ORDERFLOW,3,0.932
1809984,XAUUSD,2024-02-07 10:08:00+00:00,2024-02-07 10:09:00+00:00,SHORT,2076.28,2072.39,2078.71,2072.39,17.25,2.11,4.21,1.85,6707.76,1,TP_HIT,1,0.0,61.28,LONDON_OPEN,BEARISH,BUY_SIDE,0.0,2.8,1.4,0.5,2.0,0.71,1,NORMAL_EXPANSION,2,0.829
1814309,XAUUSD,2024-02-10 10:13:00+00:00,2024-02-10 10:14:00+00:00,SHORT,2062.42,2060.64,2063.8,2060.64,17.25,1.05,2.11,1.69,3073.17,1,TP_HIT,1,0.0,61.42,LONDON_OPEN,BEARISH,BUY_SIDE,0.0,2.8,2.8,0.5,2.0,0.36,1,NORMAL_EXPANSION,2,0.874
1827485,XAUUSD,2024-02-19 13:49:00+00:00,2024-02-19 13:50:00+00:00,SHORT,2054.86,2053.06,2056.25,2053.06,17.25,1.06,2.13,1.69,3111.06,1,TP_HIT,1,0.0,61.86,NY_AM,BEARISH,BUY_SIDE,0.0,2.33,2.33,0.5,2.0,0.43,1,NORMAL_EXPANSION,2,0.847
1831908,XAUUSD,2024-02-22 15:32:00+00:00,2024-02-22 15:33:00+00:00,LONG,2061.66,2060.24,2060.24,2063.53,15.0,1.1,2.19,-1.3,-2132.95,0,SL_HIT,1,60.66,0.0,NY_AM,BULLISH,SELL_SIDE,10.0,3.11,1.56,0.333,2.0,0.64,1,TRENDING_ORDERFLOW,3,0.844
1833033,XAUUSD,2024-02-23 10:17:00+00:00,2024-02-23 10:18:00+00:00,SHORT,2058.05,2056.16,2059.48,2056.16,22.5,1.11,2.21,1.71,4250.76,1,TP_HIT,1,0.0,63.05,LONDON_OPEN,BEARISH,BUY_SIDE,0.01,2.8,2.8,0.667,2.0,0.71,1,TRENDING_ORDERFLOW,3,0.928
1836213,XAUUSD,2024-02-25 15:17:00+00:00,2024-02-25 15:18:00+00:00,SHORT,2067.16,2063.12,2069.66,2063.12,22.5,2.18,4.36,1.85,9085.85,1,TP_HIT,1,0.0,65.16,NY_AM,BEARISH,BUY_SIDE,0.01,2.47,1.65,0.75,2.0,1.21,1,TRENDING_ORDERFLOW,3,0.923
1839017,XAUUSD,2024-02-27 14:01:00+00:00,2024-02-27 14:02:00+00:00,SHORT,2068.25,2066.4,2069.66,2066.4,22.5,1.09,2.17,1.7,4154.33,1,TP_HIT,1,0.0,63.25,NY_AM,BEARISH,BUY_SIDE,0.02,3.5,1.75,0.667,2.0,0.57,1,TRENDING_ORDERFLOW,3,0.92
1840478,XAUUSD,2024-02-28 14:22:00+00:00,2024-02-28 14:23:00+00:00,SHORT,2076.3,2074.26,2077.8,2074.26,22.5,1.18,2.36,1.72,4585.99,1,TP_HIT,1,0.0,66.3,NY_AM,BEARISH,BUY_SIDE,0.0,3.29,0.82,0.8,2.0,1.21,1,TRENDING_ORDERFLOW,3,0.934
1853055,XAUUSD,2024-03-08 07:59:00+00:00,2024-03-08 08:00:00+00:00,SHORT,2202.72,2202.72,2203.2,2202.72,22.5,0.16,0.32,-0.03,-9.84,0,TP_HIT,1,0.0,64.72,LONDON_OPEN,BEARISH,BUY_SIDE,0.01,1.87,0.93,1.0,2.0,1.07,1,TRENDING_ORDERFLOW,3,0.956
1853458,XAUUSD,2024-03-08 14:42:00+00:00,2024-03-08 14:43:00+00:00,SHORT,2211.73,2201.16,2217.51,2201.16,15.0,5.45,10.9,1.94,15861.8,1,TP_HIT,1,0.0,71.73,NY_AM,BEARISH,BUY_SIDE,10.01,2.67,0.33,0.75,2.0,3.0,1,TRENDING_ORDERFLOW,3,0.829
1878936,XAUUSD,2024-03-26 07:20:00+00:00,2024-03-26 07:21:00+00:00,SHORT,2232.59,2232.78,2232.97,2232.78,22.5,0.06,0.13,-3.12,-445.57,0,TP_HIT,1,0.0,66.59,LONDON_OPEN,BEARISH,BUY_SIDE,0.01,2.33,2.33,1.001,2.0,0.43,1,TRENDING_ORDERFLOW,3,0.972
1897654,XAUUSD,2024-04-08 07:18:00+00:00,2024-04-08 07:19:00+00:00,SHORT,2377.21,2373.17,2379.72,2373.17,22.5,2.18,4.36,1.85,9088.1,1,TP_HIT,1,0.0,69.21,LONDON_OPEN,BEARISH,BUY_SIDE,0.01,4.12,0.82,0.714,2.0,1.21,1,TRENDING_ORDERFLOW,3,0.926
1925019,XAUUSD,2024-04-27 07:23:00+00:00,2024-04-27 07:24:00+00:00,SHORT,2398.13,2394.26,2400.55,2394.26,17.25,2.1,4.19,1.84,6671.72,1,TP_HIT,1,0.0,66.13,LONDON_OPEN,BEARISH,BUY_SIDE,0.01,3.11,1.56,0.5,2.0,0.64,1,NORMAL_EXPANSION,2,0.845
1928365,XAUUSD,2024-04-29 15:09:00+00:00,2024-04-29 15:10:00+00:00,LONG,2408.89,2407.46,2407.46,2410.78,15.0,1.11,2.21,-1.29,-2148.57,0,SL_HIT,1,62.89,0.0,NY_AM,BULLISH,SELL_SIDE,10.0,2.8,1.4,0.333,2.0,0.71,1,TRENDING_ORDERFLOW,3,0.829
1929405,XAUUSD,2024-04-30 08:29:00+00:00,2024-04-30 08:30:00+00:00,SHORT,2393.28,2385.28,2397.76,2385.28,17.25,4.16,8.32,1.92,13791.88,1,TP_HIT,1,0.0,68.28,LONDON_OPEN,BEARISH,BUY_SIDE,0.0,2.8,2.8,0.556,2.0,1.07,1,TRENDING_ORDERFLOW,2,0.895
1936595,XAUUSD,2024-05-05 08:19:00+00:00,2024-05-05 08:20:00+00:00,SHORT,2345.52,2343.54,2346.99,2343.54,22.5,1.15,2.3,1.72,4442.86,1,TP_HIT,1,0.0,67.52,LONDON_OPEN,BEARISH,BUY_SIDE,0.01,4.0,1.0,0.833,2.0,1.0,1,TRENDING_ORDERFLOW,3,0.952
1936661,XAUUSD,2024-05-05 09:25:00+00:00,2024-05-05 09:26:00+00:00,SHORT,2343.52,2337.52,2347.0,2337.52,17.25,3.16,6.32,1.9,10342.58,1,TP_HIT,1,0.0,65.52,LONDON_OPEN,BEARISH,BUY_SIDE,0.0,1.87,1.87,0.571,2.0,1.07,1,TRENDING_ORDERFLOW,2,0.852
1938090,XAUUSD,2024-05-06 09:14:00+00:00,2024-05-06 09:15:00+00:00,SHORT,2364.57,2358.59,2368.04,2358.59,22.5,3.15,6.3,1.9,13442.86,1,TP_HIT,1,0.0,66.57,LONDON_OPEN,BEARISH,BUY_SIDE,0.01,2.0,1.0,0.625,2.0,1.0,1,TRENDING_ORDERFLOW,3,0.852
1957132,XAUUSD,2024-05-19 14:36:00+00:00,2024-05-19 14:37:00+00:00,LONG,2452.85,2451.3,2451.3,2454.98,15.0,1.23,2.45,-1.27,-2325.41,0,SL_HIT,1,63.85,0.0,NY_AM,BULLISH,SELL_SIDE,9.99,2.0,0.67,0.25,2.0,1.5,1,TRENDING_ORDERFLOW,3,0.819
1961429,XAUUSD,2024-05-22 14:13:00+00:00,2024-05-22 14:14:00+00:00,SHORT,2450.35,2430.01,2461.0,2430.01,15.0,10.33,20.66,1.97,30507.13,1,TP_HIT,1,0.0,73.35,NY_AM,BEARISH,BUY_SIDE,0.0,2.71,0.45,0.6,2.0,2.21,1,TRENDING_ORDERFLOW,3,0.843
1962465,XAUUSD,2024-05-23 07:29:00+00:00,2024-05-23 07:30:00+00:00,SHORT,2436.38,2434.3,2437.91,2434.3,22.5,1.2,2.41,1.73,4682.57,1,TP_HIT,1,0.0,70.38,LONDON_OPEN,BEARISH,BUY_SIDE,0.0,2.21,0.74,0.8,2.0,1.36,1,TRENDING_ORDERFLOW,3,0.915
1966886,XAUUSD,2024-05-26 09:10:00+00:00,2024-05-26 09:11:00+00:00,LONG,2415.18,2412.76,2412.76,2419.05,17.25,2.1,4.19,-1.15,-4177.72,0,SL_HIT,1,65.18,0.0,LONDON_OPEN,BULLISH,SELL_SIDE,10.0,3.11,4.67,0.4,2.0,0.64,1,TRENDING_ORDERFLOW,2,0.86
1975818,XAUUSD,2024-06-01 14:02:00+00:00,2024-06-01 14:03:00+00:00,SHORT,2397.83,2396.05,2399.21,2396.05,17.25,1.05,2.11,1.69,3070.86,1,TP_HIT,1,0.0,64.83,NY_AM,BEARISH,BUY_SIDE,0.01,2.8,2.8,0.5,2.0,0.36,1,NORMAL_EXPANSION,2,0.874
1977006,XAUUSD,2024-06-02 09:50:00+00:00,2024-06-02 09:51:00+00:00,SHORT,2407.87,2405.96,2409.31,2405.96,22.5,1.12,2.24,1.71,4297.92,1,TP_HIT,1,0.0,72.87,LONDON_OPEN,BEARISH,BUY_SIDE,0.0,7.64,1.27,0.857,2.0,0.79,1,TRENDING_ORDERFLOW,3,0.967
1978650,XAUUSD,2024-06-03 13:14:00+00:00,2024-06-03 13:15:00+00:00,SHORT,2402.92,2399.04,2405.36,2399.04,17.25,2.11,4.21,1.85,6707.87,1,TP_HIT,1,0.0,67.92,NY_AM,BEARISH,BUY_SIDE,0.0,2.8,1.4,0.5,2.0,0.71,1,NORMAL_EXPANSION,2,0.829
1981702,XAUUSD,2024-06-05 16:06:00+00:00,2024-06-05 16:07:00+00:00,SHORT,2420.03,2417.86,2421.6,2417.86,22.5,1.25,2.49,1.74,4876.93,1,TP_HIT,1,0.0,68.03,NY_AM,BEARISH,BUY_SIDE,0.01,1.83,1.83,0.833,2.0,1.64,1,TRENDING_ORDERFLOW,3,0.936
1984099,XAUUSD,2024-06-07 08:03:00+00:00,2024-06-07 08:04:00+00:00,SHORT,2434.11,2428.18,2437.56,2428.18,17.25,3.13,6.26,1.9,10231.8,1,TP_HIT,1,0.0,74.11,LONDON_OPEN,BEARISH,BUY_SIDE,0.0,3.5,2.33,0.5,2.0,0.86,1,NORMAL_EXPANSION,2,0.879
1991411,XAUUSD,2024-06-12 09:55:00+00:00,2024-06-12 09:56:00+00:00,LONG,2387.0,2385.55,2385.55,2388.94,15.0,1.13,2.26,-1.29,-2181.16,0,SL_HIT,1,66.0,0.0,LONDON_OPEN,BULLISH,SELL_SIDE,10.0,2.33,1.17,0.333,2.0,0.86,1,TRENDING_ORDERFLOW,3,0.804
1998863,XAUUSD,2024-06-17 14:07:00+00:00,2024-06-17 14:08:00+00:00,LONG,2377.25,2373.66,2373.66,2383.46,15.0,3.27,6.54,-1.1,-5389.79,0,SL_HIT,1,67.25,0.0,NY_AM,BULLISH,SELL_SIDE,10.0,3.36,0.56,0.333,2.0,1.79,1,TRENDING_ORDERFLOW,3,0.816
2007558,XAUUSD,2024-06-23 15:02:00+00:00,2024-06-23 15:03:00+00:00,SHORT,2380.89,2377.0,2383.32,2377.0,17.25,2.11,4.21,1.85,6708.57,1,TP_HIT,1,0.0,67.89,NY_AM,BEARISH,BUY_SIDE,0.0,2.8,1.4,0.5,2.0,0.71,1,NORMAL_EXPANSION,2,0.829
2014306,XAUUSD,2024-06-28 07:30:00+00:00,2024-06-28 07:31:00+00:00,SHORT,2376.12,2374.25,2377.54,2374.25,22.5,1.1,2.19,1.7,4201.79,1,TP_HIT,1,0.0,69.12,LONDON_OPEN,BEARISH,BUY_SIDE,0.01,3.11,1.56,0.75,2.0,0.64,1,TRENDING_ORDERFLOW,3,0.931
2015766,XAUUSD,2024-06-29 07:50:00+00:00,2024-06-29 07:51:00+00:00,SHORT,2375.17,2373.41,2376.53,2373.41,17.25,1.04,2.08,1.69,3034.7,1,TP_HIT,1,0.0,66.17,LONDON_OPEN,BEARISH,BUY_SIDE,0.02,3.5,3.5,0.5,2.0,0.29,1,NORMAL_EXPANSION,2,0.896
2020065,XAUUSD,2024-07-02 07:29:00+00:00,2024-07-02 07:30:00+00:00,LONG,2384.96,2384.57,2384.57,2384.77,17.25,0.06,0.13,-6.01,-672.56,0,SL_HIT,1,66.96,0.0,LONDON_OPEN,BULLISH,SELL_SIDE,29.99,2.33,2.33,0.001,2.0,0.43,1,NORMAL_EXPANSION,2,0.846
2023045,XAUUSD,2024-07-04 09:09:00+00:00,2024-07-04 09:10:00+00:00,SHORT,2403.41,2401.37,2404.92,2401.37,22.5,1.18,2.36,1.72,4586.6,1,TP_HIT,1,0.0,67.41,LONDON_OPEN,BEARISH,BUY_SIDE,0.0,1.65,0.82,0.667,2.0,1.21,1,TRENDING_ORDERFLOW,3,0.855
2023486,XAUUSD,2024-07-04 16:30:00+00:00,2024-07-04 16:31:00+00:00,SHORT,2402.43,2398.3,2404.98,2398.3,15.0,2.22,4.45,1.85,6186.7,1,TP_HIT,1,0.0,68.43,NY_AM,BEARISH,BUY_SIDE,0.01,2.0,0.67,0.6,2.0,1.5,1,TRENDING_ORDERFLOW,3,0.828
2024483,XAUUSD,2024-07-05 09:07:00+00:00,2024-07-05 09:08:00+00:00,LONG,2397.11,2395.59,2395.59,2399.17,22.5,1.19,2.39,-1.27,-3415.94,0,SL_HIT,1,67.11,0.0,LONDON_OPEN,BULLISH,SELL_SIDE,10.0,2.33,0.78,0.143,2.0,1.29,1,TRENDING_ORDERFLOW,3,0.882
2033398,XAUUSD,2024-07-11 13:42:00+00:00,2024-07-11 13:43:00+00:00,SHORT,2449.76,2437.44,2456.4,2437.44,17.25,6.32,12.64,1.95,21247.03,1,TP_HIT,1,0.0,73.76,NY_AM,BEARISH,BUY_SIDE,0.01,2.33,0.93,0.538,2.0,2.14,1,NORMAL_EXPANSION,2,0.817
2053609,XAUUSD,2024-07-25 14:33:00+00:00,2024-07-25 14:34:00+00:00,SHORT,2432.43,2426.25,2436.02,2426.25,22.5,3.26,6.51,1.9,13925.6,1,TP_HIT,1,0.0,74.43,NY_AM,BEARISH,BUY_SIDE,0.01,3.5,0.58,0.727,2.0,1.71,1,TRENDING_ORDERFLOW,3,0.914
2056177,XAUUSD,2024-07-27 09:21:00+00:00,2024-07-27 09:22:00+00:00,LONG,2458.17,2454.69,2454.69,2464.15,17.25,3.15,6.3,-1.1,-5995.36,0,SL_HIT,1,65.17,0.0,LONDON_OPEN,BULLISH,SELL_SIDE,10.0,4.0,1.0,0.429,2.0,1.0,1,TRENDING_ORDERFLOW,2,0.803
2060475,XAUUSD,2024-07-30 08:59:00+00:00,2024-07-30 09:00:00+00:00,SHORT,2459.66,2457.86,2461.05,2457.86,17.25,1.06,2.13,1.69,3109.21,1,TP_HIT,1,0.0,69.66,LONDON_OPEN,BEARISH,BUY_SIDE,0.0,2.33,2.33,0.5,2.0,0.43,1,NORMAL_EXPANSION,2,0.847
2060869,XAUUSD,2024-07-30 15:33:00+00:00,2024-07-30 15:34:00+00:00,LONG,2460.33,2457.85,2457.85,2464.3,17.25,2.15,4.3,-1.15,-4269.84,0,SL_HIT,1,68.33,0.0,NY_AM,BULLISH,SELL_SIDE,10.0,3.0,2.0,0.4,2.0,1.0,1,TRENDING_ORDERFLOW,2,0.823
2062237,XAUUSD,2024-07-31 14:21:00+00:00,2024-07-31 14:22:00+00:00,SHORT,2489.72,2489.73,2490.21,2489.73,22.5,0.16,0.32,-0.03,-11.19,0,TP_HIT,1,0.0,70.72,NY_AM,BEARISH,BUY_SIDE,0.0,1.87,0.93,1.0,2.0,1.07,1,TRENDING_ORDERFLOW,3,0.956
2063665,XAUUSD,2024-08-01 14:09:00+00:00,2024-08-01 14:10:00+00:00,SHORT,2508.77,2508.45,2509.42,2508.45,22.5,0.32,0.64,0.99,711.87,1,TP_HIT,1,0.0,69.77,NY_AM,BEARISH,BUY_SIDE,0.01,1.87,1.4,1.0,2.0,2.14,1,TRENDING_ORDERFLOW,3,0.961
2088214,XAUUSD,2024-08-18 15:18:00+00:00,2024-08-18 15:19:00+00:00,SHORT,2579.59,2577.58,2581.09,2577.58,22.5,1.17,2.34,1.72,4540.04,1,TP_HIT,1,0.0,71.59,NY_AM,BEARISH,BUY_SIDE,0.0,1.75,0.87,0.857,2.0,1.14,1,TRENDING_ORDERFLOW,3,0.925
2090992,XAUUSD,2024-08-20 13:36:00+00:00,2024-08-20 13:37:00+00:00,SHORT,2586.69,2578.63,2591.2,2578.63,17.25,4.19,8.39,1.92,13904.16,1,TP_HIT,1,0.0,73.69,NY_AM,BEARISH,BUY_SIDE,0.01,3.11,0.78,0.5,2.0,1.29,1,NORMAL_EXPANSION,2,0.817
2095336,XAUUSD,2024-08-23 14:00:00+00:00,2024-08-23 14:01:00+00:00,LONG,2568.48,2564.89,2564.89,2574.69,15.0,3.27,6.54,-1.1,-5390.45,0,SL_HIT,1,67.48,0.0,NY_AM,BULLISH,SELL_SIDE,10.0,2.8,1.68,0.333,2.0,1.79,1,TRENDING_ORDERFLOW,3,0.839
2100735,XAUUSD,2024-08-27 07:59:00+00:00,2024-08-27 08:00:00+00:00,SHORT,2571.01,2568.95,2572.53,2568.95,22.5,1.19,2.39,1.73,4636.47,1,TP_HIT,1,0.0,73.01,LONDON_OPEN,BEARISH,BUY_SIDE,0.01,1.56,0.78,0.667,2.0,1.29,1,TRENDING_ORDERFLOW,3,0.851
2116653,XAUUSD,2024-09-07 09:17:00+00:00,2024-09-07 09:18:00+00:00,SHORT,2572.55,2568.62,2575.0,2568.62,17.25,2.13,4.26,1.85,6779.72,1,TP_HIT,1,0.0,73.55,LONDON_OPEN,BEARISH,BUY_SIDE,0.0,2.33,1.17,0.5,2.0,0.86,1,NORMAL_EXPANSION,2,0.804
2128099,XAUUSD,2024-09-15 08:03:00+00:00,2024-09-15 08:04:00+00:00,SHORT,2646.93,2645.15,2648.31,2645.15,17.25,1.05,2.11,1.69,3071.2,1,TP_HIT,1,0.0,71.93,LONDON_OPEN,BEARISH,BUY_SIDE,0.02,2.8,2.8,0.5,2.0,0.36,1,NORMAL_EXPANSION,2,0.874
2128447,XAUUSD,2024-09-15 13:51:00+00:00,2024-09-15 13:52:00+00:00,SHORT,2647.94,2646.09,2649.35,2646.09,17.25,1.09,2.17,1.7,3184.64,1,TP_HIT,1,0.0,71.94,NY_AM,BEARISH,BUY_SIDE,0.02,1.75,1.75,0.5,2.0,0.57,1,NORMAL_EXPANSION,2,0.806
2131106,XAUUSD,2024-09-17 10:10:00+00:00,2024-09-17 10:11:00+00:00,LONG,2663.68,2660.2,2660.2,2669.65,17.25,3.15,6.3,-1.1,-5994.55,0,SL_HIT,1,67.68,0.0,LONDON_OPEN,BULLISH,SELL_SIDE,10.0,4.0,1.0,0.429,2.0,1.0,1,TRENDING_ORDERFLOW,2,0.803
2132719,XAUUSD,2024-09-18 13:03:00+00:00,2024-09-18 13:04:00+00:00,LONG,2659.73,2656.33,2656.33,2665.56,17.25,3.08,6.15,-1.11,-5865.99,0,SL_HIT,1,69.73,0.0,NY_AM,BULLISH,SELL_SIDE,10.0,4.0,2.0,0.429,2.0,0.5,1,TRENDING_ORDERFLOW,2,0.84
2133992,XAUUSD,2024-09-19 10:16:00+00:00,2024-09-19 10:17:00+00:00,SHORT,2665.13,2663.0,2666.68,2663.0,22.5,1.22,2.45,1.73,4781.1,1,TP_HIT,1,0.0,75.13,LONDON_OPEN,BEARISH,BUY_SIDE,0.0,2.0,0.67,0.8,2.0,1.5,1,TRENDING_ORDERFLOW,3,0.909
2142441,XAUUSD,2024-09-25 07:05:00+00:00,2024-09-25 07:06:00+00:00,SHORT,2722.41,2718.48,2724.86,2718.48,17.25,2.13,4.26,1.85,6779.83,1,TP_HIT,1,0.0,73.41,LONDON_OPEN,BEARISH,BUY_SIDE,0.0,2.33,1.17,0.5,2.0,0.86,1,NORMAL_EXPANSION,2,0.804
2163025,XAUUSD,2024-10-09 14:09:00+00:00,2024-10-09 14:10:00+00:00,SHORT,2698.1,2692.12,2701.57,2692.12,17.25,3.15,6.3,1.9,10306.31,1,TP_HIT,1,0.0,75.1,NY_AM,BEARISH,BUY_SIDE,0.01,3.0,1.0,0.571,2.0,1.0,1,TRENDING_ORDERFLOW,2,0.856
2164439,XAUUSD,2024-10-10 13:43:00+00:00,2024-10-10 13:44:00+00:00,LONG,2703.8,2703.35,2703.35,2703.71,22.5,0.12,0.24,-3.75,-997.41,0,SL_HIT,1,71.8,0.0,NY_AM,BULLISH,SELL_SIDE,10.0,2.55,1.27,0.0,2.0,0.79,1,TRENDING_ORDERFLOW,3,0.937
2177170,XAUUSD,2024-10-19 09:54:00+00:00,2024-10-19 09:55:00+00:00,SHORT,2807.57,2803.64,2810.02,2803.64,17.25,2.13,4.26,1.85,6782.26,1,TP_HIT,1,0.0,74.57,LONDON_OPEN,BEARISH,BUY_SIDE,0.0,2.33,1.17,0.5,2.0,0.86,1,NORMAL_EXPANSION,2,0.804
2196185,XAUUSD,2024-11-01 14:49:00+00:00,2024-11-01 14:50:00+00:00,SHORT,2831.21,2821.21,2836.69,2821.21,17.25,5.16,10.32,1.94,17242.12,1,TP_HIT,1,0.0,78.21,NY_AM,BEARISH,BUY_SIDE,0.01,4.67,0.93,0.5,2.0,1.07,1,NORMAL_EXPANSION,2,0.869
2199007,XAUUSD,2024-11-03 13:51:00+00:00,2024-11-03 13:52:00+00:00,SHORT,2821.3,2815.09,2824.9,2815.09,17.25,3.27,6.54,1.9,10713.37,1,TP_HIT,1,0.0,74.3,NY_AM,BEARISH,BUY_SIDE,0.0,2.24,0.56,0.571,2.0,1.79,1,TRENDING_ORDERFLOW,2,0.817
2217732,XAUUSD,2024-11-16 13:56:00+00:00,2024-11-16 13:57:00+00:00,SHORT,2645.93,2635.93,2651.41,2635.93,17.25,5.16,10.32,1.94,17241.42,1,TP_HIT,1,0.0,77.93,NY_AM,BEARISH,BUY_SIDE,0.0,2.8,0.93,0.5,2.0,1.07,1,NORMAL_EXPANSION,2,0.812
2223171,XAUUSD,2024-11-20 08:35:00+00:00,2024-11-20 08:36:00+00:00,LONG,2708.76,2704.28,2704.28,2716.76,17.25,4.16,8.32,-1.08,-7739.08,0,SL_HIT,1,74.76,0.0,LONDON_OPEN,BULLISH,SELL_SIDE,10.0,4.67,0.93,0.444,2.0,1.07,1,TRENDING_ORDERFLOW,2,0.815
2223485,XAUUSD,2024-11-20 13:49:00+00:00,2024-11-20 13:50:00+00:00,SHORT,2719.12,2716.98,2720.68,2716.98,22.5,1.24,2.47,1.74,4827.81,1,TP_HIT,1,0.0,74.12,NY_AM,BEARISH,BUY_SIDE,0.01,1.91,0.64,0.75,2.0,1.57,1,TRENDING_ORDERFLOW,3,0.89
2223528,XAUUSD,2024-11-20 14:32:00+00:00,2024-11-20 14:33:00+00:00,SHORT,2719.12,2711.11,2723.62,2711.11,17.25,4.17,8.34,1.92,13828.96,1,TP_HIT,1,0.0,74.12,NY_AM,BEARISH,BUY_SIDE,10.01,4.37,1.75,0.556,2.0,1.14,1,TRENDING_ORDERFLOW,2,0.836
2223532,XAUUSD,2024-11-20 14:36:00+00:00,2024-11-20 14:37:00+00:00,LONG,2721.77,2719.14,2719.14,2726.07,15.0,2.31,4.62,-1.14,-3953.62,0,SL_HIT,1,71.77,0.0,NY_AM,BULLISH,SELL_SIDE,9.99,1.93,0.97,0.286,2.0,2.07,1,TRENDING_ORDERFLOW,3,0.809
2258137,XAUUSD,2024-12-14 15:21:00+00:00,2024-12-14 15:22:00+00:00,LONG,2730.93,2727.36,2727.36,2737.1,15.0,3.25,6.49,-1.1,-5357.5,0,SL_HIT,1,71.93,0.0,NY_AM,BULLISH,SELL_SIDE,10.0,3.04,1.22,0.375,2.0,1.64,1,TRENDING_ORDERFLOW,3,0.808
2273966,XAUUSD,2024-12-25 15:10:00+00:00,2024-12-25 15:11:00+00:00,LONG,2705.46,2704.01,2704.01,2707.4,15.0,1.13,2.26,-1.29,-2180.81,0,SL_HIT,1,77.46,0.0,NY_AM,BULLISH,SELL_SIDE,9.99,2.33,1.17,0.333,2.0,0.86,1,TRENDING_ORDERFLOW,3,0.804
2275304,XAUUSD,2024-12-26 13:28:00+00:00,2024-12-26 13:29:00+00:00,SHORT,2714.86,2714.82,2715.36,2714.82,22.5,0.18,0.36,0.21,84.04,1,TP_HIT,1,0.0,77.86,NY_AM,BEARISH,BUY_SIDE,0.01,1.65,0.82,1.0,2.0,1.21,1,TRENDING_ORDERFLOW,3,0.952
2292623,XAUUSD,2025-01-29 14:07:00+00:00,2025-01-29 14:08:00+00:00,LONG,2783.35,2781.82,2781.82,2785.42,15.0,1.2,2.4,-1.27,-2284.12,0,SL_HIT,1,75.03,0.0,NY_AM,BULLISH,SELL_SIDE,6.4,1.81,0.49,0.266,2.0,1.45,1,TRENDING_ORDERFLOW,3,0.829
2306679,XAUUSD,2025-02-12 08:23:00+00:00,2025-02-12 08:24:00+00:00,SHORT,2699.67,2697.71,2701.14,2697.71,15.0,1.14,2.29,1.72,2940.31,1,TP_HIT,1,0.0,79.85,LONDON_OPEN,BEARISH,BUY_SIDE,3.61,1.69,0.34,0.668,2.0,1.09,1,TRENDING_ORDERFLOW,3,0.81
2309953,XAUUSD,2025-02-14 14:57:00+00:00,2025-02-14 14:58:00+00:00,LONG,2817.64,2815.26,2815.26,2821.41,17.25,2.05,4.1,-1.16,-4097.97,0,SL_HIT,1,75.92,0.0,NY_AM,BULLISH,SELL_SIDE,1.0,2.85,1.34,0.496,2.0,0.67,1,NORMAL_EXPANSION,2,0.822
2378600,XAUUSD,2025-04-23 07:04:00+00:00,2025-04-23 07:05:00+00:00,SHORT,2672.05,2670.54,2673.28,2670.54,22.5,0.91,1.83,1.64,3379.1,1,TP_HIT,1,0.0,82.42,LONDON_OPEN,BEARISH,BUY_SIDE,6.91,2.05,1.09,0.731,2.0,0.96,1,TRENDING_ORDERFLOW,3,0.852
2410794,XAUUSD,2025-05-23 15:38:00+00:00,2025-05-23 15:39:00+00:00,LONG,2777.38,2776.19,2776.19,2778.79,22.5,0.87,1.73,-1.38,-2680.63,0,SL_HIT,1,78.99,0.0,NY_AM,BULLISH,SELL_SIDE,5.2,2.18,0.3,0.24,2.0,0.98,1,TRENDING_ORDERFLOW,3,0.857
2413587,XAUUSD,2025-05-27 14:11:00+00:00,2025-05-27 14:12:00+00:00,SHORT,2713.78,2711.5,2715.4,2711.5,15.0,1.3,2.6,1.75,3415.08,1,TP_HIT,1,0.0,82.87,NY_AM,BEARISH,BUY_SIDE,3.6,1.55,0.34,0.684,2.0,1.47,1,TRENDING_ORDERFLOW,3,0.814
2416475,XAUUSD,2025-05-29 14:19:00+00:00,2025-05-29 14:20:00+00:00,LONG,2768.83,2766.42,2766.42,2772.68,22.5,2.09,4.17,-1.16,-5426.91,0,SL_HIT,1,77.5,0.0,NY_AM,BULLISH,SELL_SIDE,1.8,2.93,0.4,0.325,2.0,1.31,1,TRENDING_ORDERFLOW,3,0.868
2457970,XAUUSD,2025-07-09 09:54:00+00:00,2025-07-09 09:55:00+00:00,LONG,2703.77,2701.01,2701.01,2708.33,22.5,2.44,4.88,-1.13,-6225.98,0,SL_HIT,1,79.19,0.0,LONDON_OPEN,BULLISH,SELL_SIDE,0.9,2.79,0.81,0.39,2.0,1.21,1,TRENDING_ORDERFLOW,3,0.855
2462651,XAUUSD,2025-07-14 15:55:00+00:00,2025-07-14 15:56:00+00:00,LONG,2855.05,2853.66,2853.66,2856.87,15.0,1.07,2.14,-1.3,-2092.61,0,SL_HIT,1,82.27,0.0,NY_AM,BULLISH,SELL_SIDE,3.2,1.68,0.64,0.363,2.0,0.93,1,TRENDING_ORDERFLOW,3,0.807
2506817,XAUUSD,2025-08-26 08:01:00+00:00,2025-08-26 08:02:00+00:00,SHORT,2697.4,2695.92,2698.63,2695.92,15.0,0.9,1.8,1.64,2216.05,1,TP_HIT,1,0.0,85.57,LONDON_OPEN,BEARISH,BUY_SIDE,3.0,1.92,0.25,0.717,2.0,0.88,1,TRENDING_ORDERFLOW,3,0.845
2541485,XAUUSD,2025-09-29 09:49:00+00:00,2025-09-29 09:50:00+00:00,SHORT,2703.73,2703.1,2704.53,2703.1,22.5,0.47,0.95,1.32,1405.94,1,TP_HIT,1,0.0,87.96,LONDON_OPEN,BEARISH,BUY_SIDE,1.5,2.17,0.24,0.898,2.0,1.17,1,TRENDING_ORDERFLOW,3,0.924
2590478,XAUUSD,2025-11-14 10:22:00+00:00,2025-11-14 10:23:00+00:00,SHORT,2663.49,2661.94,2664.75,2661.94,15.0,0.94,1.87,1.65,2321.56,1,TP_HIT,1,0.0,89.43,LONDON_OPEN,BEARISH,BUY_SIDE,9.3,2.37,0.32,0.735,2.0,0.91,1,TRENDING_ORDERFLOW,3,0.817
2633496,XAUUSD,2025-12-26 07:20:00+00:00,2025-12-26 07:21:00+00:00,SHORT,2672.47,2670.45,2673.97,2670.45,15.0,1.17,2.35,1.72,3033.72,1,TP_HIT,1,0.0,90.3,LONDON_OPEN,BEARISH,BUY_SIDE,4.8,2.44,0.21,0.682,2.0,0.89,1,TRENDING_ORDERFLOW,3,0.827
2687302,XAUUSD,2026-02-17 16:06:00+00:00,2026-02-17 16:07:00+00:00,SHORT,2777.14,2773.14,2779.63,2773.14,17.25,2.16,4.33,1.85,6907.92,1,TP_HIT,1,0.0,92.93,NY_AM,BEARISH,BUY_SIDE,2.8,3.41,0.29,0.594,2.0,0.84,1,TRENDING_ORDERFLOW,2,0.833
2784768,XAUUSD,2026-05-04 08:32:00+00:00,2026-05-04 08:33:00+00:00,SHORT,2667.48,2664.92,2669.24,2664.92,15.0,1.44,2.88,1.77,3839.31,1,TP_HIT,1,0.0,95.24,LONDON_OPEN,BEARISH,BUY_SIDE,4.4,2.04,0.63,0.644,2.0,1.08,1,TRENDING_ORDERFLOW,3,0.812
2810652,XAUUSD,2026-05-22 07:56:00+00:00,2026-05-22 07:57:00+00:00,SHORT,2702.04,2701.03,2703.03,2701.03,22.5,0.67,1.33,1.51,2269.94,1,TP_HIT,1,0.0,95.58,LONDON_OPEN,BEARISH,BUY_SIDE,4.61,1.69,0.46,0.783,2.0,1.05,1,TRENDING_ORDERFLOW,3,0.863
2862920,XAUUSD,2026-06-27 15:04:00+00:00,2026-06-27 15:05:00+00:00,LONG,2741.6,2739.5,2739.5,2744.82,22.5,1.77,3.55,-1.18,-4722.5,0,SL_HIT,1,93.26,0.0,NY_AM,BULLISH,SELL_SIDE,1.29,2.03,1.02,0.341,2.0,1.43,1,TRENDING_ORDERFLOW,3,0.86
2888905,XAUUSD,2026-07-15 16:09:00+00:00,2026-07-15 16:10:00+00:00,SHORT,2779.61,2778.03,2780.89,2778.03,22.5,0.95,1.91,1.66,3561.45,1,TP_HIT,1,0.0,98.48,NY_AM,BEARISH,BUY_SIDE,0.21,1.68,0.21,0.724,2.0,1.16,1,TRENDING_ORDERFLOW,3,0.861
2893054,XAUUSD,2026-07-18 13:18:00+00:00,2026-07-18 13:19:00+00:00,LONG,2746.76,2744.81,2744.81,2749.7,15.0,1.63,3.26,-1.2,-2932.23,0,SL_HIT,1,95.31,0.0,NY_AM,BULLISH,SELL_SIDE,0.5,2.09,0.22,0.36,2.0,1.2,1,TRENDING_ORDERFLOW,3,0.832
2923105,XAUUSD,2026-08-12 10:09:00+00:00,2026-08-12 10:10:00+00:00,SHORT,2716.46,2714.9,2717.72,2714.9,15.0,0.94,1.88,1.66,2338.61,1,TP_HIT,1,0.0,99.99,LONDON_OPEN,BEARISH,BUY_SIDE,8.1,2.38,0.6,0.755,2.0,0.95,1,TRENDING_ORDERFLOW,3,0.848
