t_sig,t_in,t_out,d,entry,exit,sl0,risk,pnl,R,mfe,mae,reason,tag,split,day
1740497700000,1740497700000,1740498180000,-1,2907.5849999999996,2905.5550000000003,2911.5849999999996,4.0,2.0299999999992906,0.5074999999998226,4.109999999999218,-3.7500000000004547,trail,runner,0,2025-02-25
1743632100000,1743632100000,1743632300000,1,3145.0450000000005,3140.9650000000006,3141.0450000000005,4.0,-4.079999999999927,-1.0199999999999818,2.252999999999247,-4.230000000000928,sl,runner,0,2025-04-03
1743684000000,1743684000000,1743684340000,-1,3064.845,3068.9249999999997,3068.845,4.0,-4.079999999999927,-1.0199999999999818,2.2429999999994834,-4.710000000000491,sl,runner,0,2025-04-03
1743765300000,1743765300000,1743765360000,1,3134.9950000000003,3130.9150000000004,3130.9950000000003,4.0,-4.079999999999927,-1.0199999999999818,-0.6170000000006439,-5.450000000000728,sl,runner,0,2025-04-04
1743771300000,1743771300000,1743771430000,-1,3069.9849999999997,3074.0649999999996,3073.9849999999997,4.0,-4.079999999999927,-1.0199999999999818,-0.16700000000037107,-5.1570000000006075,sl,runner,0,2025-04-04
1743775800000,1743775800000,1743775910000,-1,3049.548,3053.6279999999997,3053.548,4.0,-4.079999999999927,-1.0199999999999818,-0.3540000000002692,-4.51700000000028,sl,runner,0,2025-04-04
1743778200000,1743778200000,1743778300000,-1,3029.798,3033.8779999999997,3033.798,4.0,-4.079999999999927,-1.0199999999999818,2.295999999999367,-4.807000000000244,sl,runner,0,2025-04-04
1743780600000,1743780600000,1743780640000,-1,3025.8479999999995,3029.9279999999994,3029.8479999999995,4.0,-4.079999999999927,-1.0199999999999818,-0.954000000000633,-4.634000000000469,sl,runner,0,2025-04-04
1743781200000,1743781200000,1743781300000,-1,3022.4049999999997,3026.4849999999997,3026.4049999999997,4.0,-4.079999999999927,-1.0199999999999818,-0.04700000000048021,-4.150000000000546,sl,runner,0,2025-04-04
1743781500000,1743781500000,1743781530000,-1,3017.3379999999997,3021.4179999999997,3021.3379999999997,4.0,-4.079999999999927,-1.0199999999999818,-0.007000000000516593,-4.704000000000633,sl,runner,0,2025-04-04
1743981900000,1743981900000,1743982090000,-1,2991.4249999999997,2989.1150000000002,2995.4249999999997,4.0,2.3099999999994907,0.5774999999998727,4.389999999999418,-3.930000000000291,trail,runner,0,2025-04-07
1743982200000,1743982200000,1743982270000,-1,2984.8749999999995,2988.9549999999995,2988.8749999999995,4.0,-4.079999999999927,-1.0199999999999818,1.9229999999993197,-4.280000000000655,sl,runner,0,2025-04-07
1743982500000,1743982500000,1743982540000,-1,2980.4649999999997,2984.5449999999996,2984.4649999999997,4.0,-4.079999999999927,-1.0199999999999818,-0.930000000000291,-4.037000000000717,sl,runner,0,2025-04-07
1743990000000,1743990000000,1743990010000,1,3049.3350000000005,3045.2550000000006,3045.3350000000005,4.0,-4.079999999999927,-1.0199999999999818,-0.7370000000005348,-7.137000000000626,sl,runner,0,2025-04-07
1743990300000,1743990300000,1743990320000,1,3053.1410000000005,3049.0610000000006,3049.1410000000005,4.0,-4.079999999999927,-1.0199999999999818,-0.31600000000071304,-6.786000000000513,sl,runner,0,2025-04-07
1744033200000,1744033200000,1744033410000,-1,3010.4619999999995,3004.538,3014.4619999999995,4.0,5.923999999999523,1.4809999999998809,8.00399999999945,-3.9760000000005675,trail,runner,0,2025-04-07
1744036800000,1744036800000,1744036850000,-1,2997.8749999999995,3001.9549999999995,3001.8749999999995,4.0,-4.079999999999927,-1.0199999999999818,-0.7900000000004184,-4.140000000000782,sl,runner,0,2025-04-07
1744162500000,1744162500000,1744162650000,1,2995.2050000000004,2995.4249999999997,2991.2050000000004,4.0,0.21999999999934516,0.05499999999983629,4.059999999999491,-1.1800000000007458,trail,runner,0,2025-04-09
1744163100000,1744163100000,1744163510000,1,3000.8650000000002,3005.075,2996.8650000000002,4.0,4.209999999999582,1.0524999999998954,6.289999999999509,-1.4600000000004911,trail,runner,0,2025-04-09
1744294200000,1744294200000,1744294310000,1,3142.655,3138.5750000000003,3138.655,4.0,-4.079999999999927,-1.0199999999999818,2.169999999999618,-4.140000000000327,sl,runner,0,2025-04-10
1744581900000,1744581900000,1744582040000,-1,3221.4549999999995,3218.315,3225.4549999999995,4.0,3.139999999999418,0.7849999999998545,5.219999999999345,-1.6800000000007458,trail,runner,0,2025-04-14
1744854900000,1744854900000,1744855140000,-1,3322.7949999999996,3326.8749999999995,3326.7949999999996,4.0,-4.079999999999927,-1.0199999999999818,1.639999999999418,-4.260000000000673,sl,runner,0,2025-04-17
1744900500000,1744900500000,1744900580000,-1,3292.6649999999995,3286.955,3296.6649999999995,4.0,5.709999999999582,1.4274999999998954,8.169999999999163,-2.2000000000007276,trail,runner,0,2025-04-17
1745326500000,1745326500000,1745326560000,-1,3429.3149999999996,3433.3949999999995,3433.3149999999996,4.0,-4.079999999999927,-1.0199999999999818,-0.37000000000080036,-4.240000000000691,sl,runner,0,2025-04-22
1745329500000,1745329500000,1745329530000,-1,3411.5149999999994,3415.5949999999993,3415.5149999999994,4.0,-4.079999999999927,-1.0199999999999818,2.619999999999436,-5.150000000000546,sl,runner,0,2025-04-22
1745338800000,1745338800000,1745338940000,-1,3400.7549999999997,3395.1150000000002,3404.7549999999997,4.0,5.639999999999418,1.4099999999998545,7.719999999999345,-1.110000000000582,trail,runner,0,2025-04-22
1745339100000,1745339100000,1745339190000,-1,3397.8949999999995,3394.0150000000003,3401.8949999999995,4.0,3.8799999999991996,0.9699999999997999,6.559999999999491,-1.3700000000008004,trail,runner,0,2025-04-22
1745339400000,1745339400000,1745339550000,-1,3386.5649999999996,3384.335,3390.5649999999996,4.0,2.2299999999995634,0.5574999999998909,4.319999999999254,-3.080000000000382,trail,runner,0,2025-04-22
1745340000000,1745340000000,1745340220000,-1,3376.5149999999994,3380.5949999999993,3380.5149999999994,4.0,-4.079999999999927,-1.0199999999999818,3.969999999999345,-4.690000000000964,sl,runner,0,2025-04-22
1745359500000,1745359500000,1745359510000,-1,3325.575,3329.6549999999997,3329.575,4.0,-4.079999999999927,-1.0199999999999818,6.699999999999818,-4.570000000000164,sl,runner,0,2025-04-23
1745372700000,1745372700000,1745372810000,1,3386.3750000000005,3382.2950000000005,3382.3750000000005,4.0,-4.079999999999927,-1.0199999999999818,-0.050000000000636646,-4.040000000000418,sl,runner,0,2025-04-23
1745386800000,1745386800000,1745386880000,-1,3327.345,3324.3250000000003,3331.345,4.0,3.019999999999527,0.7549999999998818,5.099999999999454,-2.4700000000002547,trail,runner,0,2025-04-23
1745387100000,1745387100000,1745387370000,-1,3325.3949999999995,3318.915,3329.3949999999995,4.0,6.479999999999563,1.6199999999998909,9.02999999999929,-1.4200000000005275,trail,runner,0,2025-04-23
1745387400000,1745387400000,1745387540000,-1,3317.7449999999994,3321.8249999999994,3321.7449999999994,4.0,-4.079999999999927,-1.0199999999999818,1.4099999999993997,-4.3200000000006185,sl,runner,0,2025-04-23
1745388300000,1745388300000,1745388380000,-1,3309.845,3313.9249999999997,3313.845,4.0,-4.079999999999927,-1.0199999999999818,-0.48000000000047294,-4.2800000000002,sl,runner,0,2025-04-23
1745391300000,1745391300000,1745391380000,-1,3298.1949999999997,3294.8050000000003,3302.1949999999997,4.0,3.389999999999418,0.8474999999998545,5.999999999999545,-1.2500000000004547,trail,runner,0,2025-04-23
1745415600000,1745415600000,1745415660000,-1,3287.0849999999996,3283.7850000000003,3291.0849999999996,4.0,3.2999999999992724,0.8249999999998181,5.3799999999992,-1.2900000000004184,trail,runner,0,2025-04-23
1745416200000,1745416200000,1745416230000,-1,3278.8749999999995,3282.9549999999995,3282.8749999999995,4.0,-4.079999999999927,-1.0199999999999818,0.489999999999327,-4.660000000000764,sl,runner,0,2025-04-23
1745416500000,1745416500000,1745416550000,-1,3275.2449999999994,3279.3249999999994,3279.2449999999994,4.0,-4.079999999999927,-1.0199999999999818,0.19999999999936335,-4.210000000000946,sl,runner,0,2025-04-23
1745417100000,1745417100000,1745417150000,-1,3265.1849999999995,3269.2649999999994,3269.1849999999995,4.0,-4.079999999999927,-1.0199999999999818,2.6999999999993634,-4.110000000000582,sl,runner,0,2025-04-23
1745457000000,1745457000000,1745457390000,1,3345.5050000000006,3347.4249999999997,3341.5050000000006,4.0,1.9199999999991633,0.4799999999997908,4.339999999999236,-3.990000000000691,trail,runner,0,2025-04-24
1745533800000,1745533800000,1745533820000,1,3364.0150000000003,3366.495,3360.0150000000003,4.0,2.4799999999995634,0.6199999999998909,4.559999999999491,-1.5700000000006185,trail,runner,0,2025-04-25
1745534100000,1745534100000,1745534280000,1,3364.9350000000004,3367.935,3360.9350000000004,4.0,2.9999999999995453,0.7499999999998863,5.0799999999994725,-2.3200000000006185,trail,runner,0,2025-04-25
1745560500000,1745560500000,1745560520000,-1,3290.4649999999997,3294.5449999999996,3294.4649999999997,4.0,-4.079999999999927,-1.0199999999999818,-0.5600000000004002,-5.480000000000473,sl,runner,0,2025-04-25
1745587500000,1745587500000,1745587780000,-1,3270.4049999999997,3274.4849999999997,3274.4049999999997,4.0,-4.079999999999927,-1.0199999999999818,1.7099999999995816,-4.210000000000491,sl,runner,0,2025-04-25
1745803800000,1745803800000,1745803880000,-1,3290.6849999999995,3287.8050000000003,3294.6849999999995,4.0,2.8799999999991996,0.7199999999997999,4.959999999999127,-1.0200000000008913,trail,runner,0,2025-04-28
1745804100000,1745804100000,1745804460000,-1,3288.6849999999995,3283.105,3292.6849999999995,4.0,5.5799999999994725,1.3949999999998681,7.6599999999994,-3.0200000000008913,trail,runner,0,2025-04-28
1745806500000,1745806500000,1745806530000,-1,3270.6849999999995,3274.7649999999994,3274.6849999999995,4.0,-4.079999999999927,-1.0199999999999818,1.0499999999992724,-4.910000000000764,sl,runner,0,2025-04-28
1746059100000,1746059100000,1746059150000,-1,3261.4149999999995,3258.895,3265.4149999999995,4.0,2.519999999999527,0.6299999999998818,5.169999999999163,-1.6400000000007822,trail,runner,0,2025-05-01
1746493800000,1746493800000,1746494100000,1,3359.7250000000004,3362.2349999999997,3355.7250000000004,4.0,2.509999999999309,0.6274999999998272,4.589999999999236,-2.5000000000004547,trail,runner,0,2025-05-06
1746494100000,1746494100000,1746494140000,1,3363.0650000000005,3358.9850000000006,3359.0650000000005,4.0,-4.079999999999927,-1.0199999999999818,-0.6200000000008004,-4.180000000000746,sl,runner,0,2025-05-06
1746495900000,1746495900000,1746496450000,1,3379.3250000000003,3375.2450000000003,3375.3250000000003,4.0,-4.079999999999927,-1.0199999999999818,1.769999999999527,-4.930000000000291,sl,runner,0,2025-05-06
1746569400000,1746569400000,1746569410000,-1,3402.8549999999996,3406.9349999999995,3406.8549999999996,4.0,-4.079999999999927,-1.0199999999999818,-1.8300000000008367,-8.920000000000528,sl,runner,0,2025-05-07
1746570600000,1746570600000,1746570610000,-1,3387.3029999999994,3391.3829999999994,3391.3029999999994,4.0,-4.079999999999927,-1.0199999999999818,-0.2320000000008804,-6.112000000000535,sl,runner,0,2025-05-07
1746572400000,1746572400000,1746572590000,-1,3380.8949999999995,3384.9749999999995,3384.8949999999995,4.0,-4.079999999999927,-1.0199999999999818,3.569999999999254,-5.330000000000837,sl,runner,0,2025-05-07
1746578700000,1746578700000,1746578740000,-1,3364.6849999999995,3368.7649999999994,3368.6849999999995,4.0,-4.079999999999927,-1.0199999999999818,-0.16000000000076398,-5.260000000000673,sl,runner,0,2025-05-07
1746579000000,1746579000000,1746579020000,-1,3361.4349999999995,3365.5149999999994,3365.4349999999995,4.0,-4.079999999999927,-1.0199999999999818,-0.5700000000006185,-5.910000000000764,sl,runner,0,2025-05-07
1746645600000,1746645600000,1746645990000,-1,3369.555,3373.6349999999998,3373.555,4.0,-4.079999999999927,-1.0199999999999818,1.669999999999618,-4.050000000000182,sl,runner,0,2025-05-07
1746684000000,1746684000000,1746684120000,-1,3354.9049999999997,3358.9849999999997,3358.9049999999997,4.0,-4.079999999999927,-1.0199999999999818,3.4299999999993815,-4.790000000000418,sl,runner,0,2025-05-08
1746684900000,1746684900000,1746685010000,-1,3344.7349999999997,3341.355,3348.7349999999997,4.0,3.3799999999996544,0.8449999999999136,5.459999999999582,-2.3400000000006003,trail,runner,0,2025-05-08
1746685200000,1746685200000,1746685500000,-1,3341.6049999999996,3338.5350000000003,3345.6049999999996,4.0,3.069999999999254,0.7674999999998136,5.1499999999991815,-3.2200000000007094,trail,runner,0,2025-05-08
1746686100000,1746686100000,1746686420000,-1,3330.9149999999995,3328.7650000000003,3334.9149999999995,4.0,2.1499999999991815,0.5374999999997954,4.229999999999109,-2.040000000000873,trail,runner,0,2025-05-08
1746687000000,1746687000000,1746687020000,-1,3322.2149999999997,3326.2949999999996,3326.2149999999997,4.0,-4.079999999999927,-1.0199999999999818,-0.7500000000004547,-4.500000000000455,sl,runner,0,2025-05-08
1746719100000,1746719100000,1746719230000,-1,3335.845,3333.5750000000003,3339.845,4.0,2.269999999999527,0.5674999999998818,4.349999999999454,-2.5400000000004184,trail,runner,0,2025-05-08
1746719400000,1746719400000,1746720100000,-1,3330.6249999999995,3328.5150000000003,3334.6249999999995,4.0,2.109999999999218,0.5274999999998045,4.189999999999145,-3.8000000000006366,trail,runner,0,2025-05-08
1746754800000,1746754800000,1746755530000,-1,3291.2349999999997,3289.215,3295.2349999999997,4.0,2.019999999999527,0.5049999999998818,4.099999999999454,-3.3900000000003274,trail,runner,0,2025-05-09
1747012500000,1747012500000,1747012620000,-1,3261.6449999999995,3265.7249999999995,3265.6449999999995,4.0,-4.079999999999927,-1.0199999999999818,2.259999999999309,-4.0900000000006,sl,runner,0,2025-05-12
1747033500000,1747033500000,1747033660000,-1,3254.2449999999994,3249.105,3258.2449999999994,4.0,5.139999999999418,1.2849999999998545,7.449999999999363,-2.610000000000582,trail,runner,0,2025-05-12
1747033800000,1747033800000,1747033830000,-1,3246.095,3250.1749999999997,3250.095,4.0,-4.079999999999927,-1.0199999999999818,-0.5700000000001637,-4.210000000000491,sl,runner,0,2025-05-12
1747034700000,1747034700000,1747034890000,-1,3236.3849999999998,3221.905,3240.3849999999998,4.0,14.479999999999563,3.619999999999891,16.55999999999949,-1.830000000000382,trail,runner,0,2025-05-12
1747035000000,1747035000000,1747035130000,-1,3230.6049999999996,3234.6849999999995,3234.6049999999996,4.0,-4.079999999999927,-1.0199999999999818,1.0399999999995089,-4.650000000000546,sl,runner,0,2025-05-12
1747036200000,1747036200000,1747036260000,-1,3218.6449999999995,3222.7249999999995,3222.6449999999995,4.0,-4.079999999999927,-1.0199999999999818,0.5799999999994725,-4.8500000000008185,sl,runner,0,2025-05-12
1747226400000,1747226400000,1747226460000,-1,3200.2449999999994,3204.3249999999994,3204.2449999999994,4.0,-4.079999999999927,-1.0199999999999818,-0.7700000000008913,-5.860000000000582,sl,runner,0,2025-05-14
1747227000000,1747227000000,1747227290000,-1,3194.4349999999995,3188.3450000000003,3198.4349999999995,4.0,6.089999999999236,1.522499999999809,8.413999999999305,-3.3000000000006366,trail,runner,0,2025-05-14
1747227300000,1747227300000,1747227330000,-1,3185.8949999999995,3189.9749999999995,3189.8949999999995,4.0,-4.079999999999927,-1.0199999999999818,-0.8200000000006185,-4.200000000000728,sl,runner,0,2025-05-14
1747227600000,1747227600000,1747227640000,-1,3184.9449999999997,3189.0249999999996,3188.9449999999997,4.0,-4.079999999999927,-1.0199999999999818,0.23999999999932697,-4.230000000000473,sl,runner,0,2025-05-14
1747392900000,1747392900000,1747392910000,-1,3171.7749999999996,3175.8549999999996,3175.7749999999996,4.0,-4.079999999999927,-1.0199999999999818,-1.0000000000004547,-5.150000000000546,sl,runner,0,2025-05-16
1747605900000,1747605900000,1747605960000,1,3216.9750000000004,3212.8950000000004,3212.9750000000004,4.0,-4.079999999999927,-1.0199999999999818,-0.6700000000005275,-4.645000000000437,sl,runner,0,2025-05-19
1747606800000,1747606800000,1747607530000,1,3234.2650000000003,3230.1850000000004,3230.2650000000003,4.0,-4.079999999999927,-1.0199999999999818,2.1599999999993997,-4.3400000000006,sl,runner,0,2025-05-19
1747749900000,1747749900000,1747750180000,1,3271.175,3276.915,3267.175,4.0,5.739999999999782,1.4349999999999454,7.819999999999709,-1.2200000000002547,trail,runner,0,2025-05-20
1747750200000,1747750200000,1747750480000,1,3276.6150000000002,3278.915,3272.6150000000002,4.0,2.299999999999727,0.5749999999999318,4.379999999999654,-2.880000000000564,trail,runner,0,2025-05-20
1747750800000,1747750800000,1747750830000,1,3282.925,3278.8450000000003,3278.925,4.0,-4.079999999999927,-1.0199999999999818,-0.7500000000004547,-4.760000000000218,sl,runner,0,2025-05-20
1748001000000,1748001000000,1748001120000,1,3347.3350000000005,3343.2550000000006,3343.3350000000005,4.0,-4.079999999999927,-1.0199999999999818,2.0629999999991924,-4.490000000000691,sl,runner,0,2025-05-23
1748474700000,1748474700000,1748475010000,-1,3263.298,3267.3779999999997,3267.298,4.0,-4.079999999999927,-1.0199999999999818,0.17599999999947613,-4.54700000000048,sl,runner,0,2025-05-29
1748607300000,1748607300000,1748607330000,1,3303.452,3299.3720000000003,3299.452,4.0,-4.079999999999927,-1.0199999999999818,-0.014000000000578439,-5.317000000000462,sl,runner,0,2025-05-30
1749135000000,1749135000000,1749135130000,-1,3366.6349999999998,3370.735,3370.6349999999998,4.0,-4.100000000000364,-1.025000000000091,-0.11700000000064392,-4.110000000000582,sl,runner,0,2025-06-05
1749219600000,1749219600000,1749219820000,-1,3323.4749999999995,3320.175,3327.4749999999995,4.0,3.2999999999992724,0.8249999999998181,5.3799999999992,-2.360000000000582,trail,runner,0,2025-06-06
1749219900000,1749219900000,1749220070000,-1,3320.1249999999995,3324.2049999999995,3324.1249999999995,4.0,-4.079999999999927,-1.0199999999999818,1.0729999999994106,-4.007000000000517,sl,runner,0,2025-06-06
1749714300000,1749714300000,1749714770000,-1,3341.865,3345.9449999999997,3345.865,4.0,-4.079999999999927,-1.0199999999999818,1.449999999999818,-4.040000000000418,sl,runner,0,2025-06-12
1749773400000,1749773400000,1749773500000,1,3411.155,3407.0750000000003,3407.155,4.0,-4.079999999999927,-1.0199999999999818,0.7699999999995271,-4.757000000000517,sl,runner,0,2025-06-13
1749774600000,1749774600000,1749774710000,1,3414.242,3410.1620000000003,3410.242,4.0,-4.079999999999927,-1.0199999999999818,1.1559999999994943,-4.997000000000298,sl,runner,0,2025-06-13
1749774900000,1749774900000,1749775020000,1,3416.1020000000003,3412.0220000000004,3412.1020000000003,4.0,-4.079999999999927,-1.0199999999999818,0.30599999999958527,-4.50400000000036,sl,runner,0,2025-06-13
1750082100000,1750082100000,1750082120000,-1,3389.6049999999996,3393.6849999999995,3393.6049999999996,4.0,-4.079999999999927,-1.0199999999999818,0.8029999999994288,-4.8500000000008185,sl,runner,0,2025-06-16
1750082400000,1750082400000,1750082440000,-1,3387.6979999999994,3391.7779999999993,3391.6979999999994,4.0,-4.079999999999927,-1.0199999999999818,-0.18700000000080763,-4.354000000000724,sl,runner,0,2025-06-16
1751236200000,1751236200000,1751236210000,-1,3248.709,3252.7889999999998,3252.709,4.0,-4.079999999999927,-1.0199999999999818,-0.6430000000004839,-4.216000000000349,sl,runner,0,2025-06-30
1751546100000,1751546100000,1751546360000,-1,3327.8149999999996,3318.085,3331.8149999999996,4.0,9.729999999999563,2.432499999999891,11.80999999999949,-2.7200000000007094,trail,runner,0,2025-07-03
1751546400000,1751546400000,1751546630000,-1,3319.5449999999996,3316.025,3323.5449999999996,4.0,3.519999999999527,0.8799999999998818,5.599999999999454,-1.260000000000673,trail,runner,0,2025-07-03
1751546700000,1751546700000,1751546710000,-1,3311.8479999999995,3315.9279999999994,3315.8479999999995,4.0,-4.079999999999927,-1.0199999999999818,-0.704000000000633,-4.937000000000808,sl,runner,0,2025-07-03
1752678300000,1752678300000,1752678590000,1,3345.6850000000004,3351.645,3341.6850000000004,4.0,5.959999999999582,1.4899999999998954,8.039999999999509,-0.9360000000006039,trail,runner,0,2025-07-16
1752678600000,1752678600000,1752678840000,1,3351.8550000000005,3347.7750000000005,3347.8550000000005,4.0,-4.079999999999927,-1.0199999999999818,1.9599999999991269,-4.290000000000873,sl,runner,0,2025-07-16
1752679200000,1752679200000,1752679280000,1,3370.4510000000005,3366.3710000000005,3366.4510000000005,4.0,-4.079999999999927,-1.0199999999999818,0.4969999999993888,-4.392000000000735,sl,runner,0,2025-07-16
1752680100000,1752680100000,1752680110000,1,3374.385,3370.3050000000003,3370.385,4.0,-4.079999999999927,-1.0199999999999818,-0.6760000000003856,-4.010000000000218,sl,runner,0,2025-07-16
1753711200000,1753711200000,1753711240000,-1,3301.9749999999995,3306.0549999999994,3305.9749999999995,4.0,-4.079999999999927,-1.0199999999999818,-0.19000000000050932,-4.027000000000953,sl,runner,0,2025-07-28
1753901400000,1753901400000,1753901650000,-1,3284.7649999999994,3282.0820000000003,3288.7649999999994,4.0,2.6829999999990832,0.6707499999997708,4.7629999999990105,-2.690000000000964,trail,runner,0,2025-07-30
1754052000000,1754052000000,1754052280000,1,3332.6520000000005,3338.435,3328.6520000000005,4.0,5.782999999999447,1.4457499999998618,7.862999999999374,-2.667000000000826,trail,runner,0,2025-08-01
1754052300000,1754052300000,1754052450000,1,3339.702,3342.368,3335.702,4.0,2.6659999999997126,0.6664999999999281,5.095999999999549,-1.1470000000003893,trail,runner,0,2025-08-01
1755872100000,1755872100000,1755872390000,1,3359.2750000000005,3365.258,3355.2750000000005,4.0,5.982999999999265,1.4957499999998163,8.119999999999436,-2.517000000000735,trail,runner,0,2025-08-22
1755872400000,1755872400000,1755872510000,1,3366.2650000000003,3362.165,3362.2650000000003,4.0,-4.100000000000364,-1.025000000000091,0.18299999999953798,-4.730000000000473,sl,runner,0,2025-08-22
1757075700000,1757075700000,1757075760000,1,3577.7350000000006,3573.6550000000007,3573.7350000000006,4.0,-4.079999999999927,-1.0199999999999818,0.01299999999901047,-4.1000000000008185,sl,runner,0,2025-09-05
1757076000000,1757076000000,1757076110000,1,3585.0520000000006,3580.9720000000007,3581.0520000000006,4.0,-4.079999999999927,-1.0199999999999818,1.4729999999990468,-4.32700000000068,sl,runner,0,2025-09-05
1757594100000,1757594100000,1757594300000,1,3639.2850000000003,3641.718,3635.2850000000003,4.0,2.432999999999538,0.6082499999998845,4.512999999999465,-2.630000000000564,trail,runner,0,2025-09-11
1758132300000,1758132300000,1758132520000,1,3692.0620000000004,3698.718,3688.0620000000004,4.0,6.655999999999494,1.6639999999998736,8.735999999999422,-2.587000000000444,trail,runner,0,2025-09-17
1758132600000,1758132600000,1758132620000,1,3706.1150000000002,3702.0350000000003,3702.1150000000002,4.0,-4.079999999999927,-1.0199999999999818,0.13299999999935608,-5.970000000000255,sl,runner,0,2025-09-17
1758135300000,1758135300000,1758135320000,-1,3646.5049999999997,3650.5849999999996,3650.5049999999997,4.0,-4.079999999999927,-1.0199999999999818,-0.9970000000007531,-5.360000000000582,sl,runner,0,2025-09-17
1759220700000,1759220700000,1759220820000,-1,3829.5449999999996,3833.6249999999995,3833.5449999999996,4.0,-4.079999999999927,-1.0199999999999818,-0.35700000000042564,-4.210000000000491,sl,runner,0,2025-09-30
1759221300000,1759221300000,1759221480000,-1,3816.305,3810.625,3820.305,4.0,5.679999999999836,1.419999999999959,7.7599999999997635,-3.3400000000001455,trail,runner,0,2025-09-30
1759221600000,1759221600000,1759221660000,-1,3807.8999999999996,3811.9799999999996,3811.8999999999996,4.0,-4.079999999999927,-1.0199999999999818,-0.3250000000007276,-4.395000000000437,sl,runner,0,2025-09-30
1759321800000,1759321800000,1759322520000,-1,3877.825,3874.445,3881.825,4.0,3.3799999999996544,0.8449999999999136,5.459999999999582,-3.430000000000291,trail,runner,0,2025-10-01
1759416000000,1759416000000,1759416170000,-1,3844.345,3842.155,3848.345,4.0,2.1899999999996,0.5474999999999,4.269999999999527,-1.5700000000001637,trail,runner,0,2025-10-02
1759416300000,1759416300000,1759416420000,-1,3837.548,3834.205,3841.548,4.0,3.342999999999847,0.8357499999999618,5.442999999999756,-3.8570000000004256,trail,runner,0,2025-10-02
1759416600000,1759416600000,1759416680000,-1,3829.4949999999994,3833.5749999999994,3833.4949999999994,4.0,-4.079999999999927,-1.0199999999999818,2.2699999999990723,-4.390000000000782,sl,runner,0,2025-10-02
1759416900000,1759416900000,1759417060000,-1,3828.0849999999996,3832.1649999999995,3832.0849999999996,4.0,-4.079999999999927,-1.0199999999999818,-0.14700000000038926,-4.217000000000553,sl,runner,0,2025-10-02
1759961400000,1759961400000,1759961520000,-1,4019.5679999999998,4023.6479999999997,4023.5679999999998,4.0,-4.079999999999927,-1.0199999999999818,0.2029999999995198,-4.3270000000002256,sl,runner,0,2025-10-09
1760017500000,1760017500000,1760017520000,-1,4030.6949999999997,4034.7749999999996,4034.6949999999997,4.0,-4.079999999999927,-1.0199999999999818,-0.45000000000027285,-4.530000000000655,sl,runner,0,2025-10-09
1760017800000,1760017800000,1760017870000,-1,4026.758,4030.8379999999997,4030.758,4.0,-4.079999999999927,-1.0199999999999818,-0.4570000000003347,-4.027000000000498,sl,runner,0,2025-10-09
1760018400000,1760018400000,1760018510000,-1,4016.6789999999996,4020.7589999999996,4020.6789999999996,4.0,-4.079999999999927,-1.0199999999999818,3.3969999999994798,-5.223000000000411,sl,runner,0,2025-10-09
1760019900000,1760019900000,1760019920000,-1,4009.6749999999997,4013.7549999999997,4013.6749999999997,4.0,-4.079999999999927,-1.0199999999999818,-0.4770000000003165,-5.8770000000004075,sl,runner,0,2025-10-09
1760020200000,1760020200000,1760020300000,-1,4006.2749999999996,4010.3549999999996,4010.2749999999996,4.0,-4.079999999999927,-1.0199999999999818,1.7039999999992688,-5.260000000000673,sl,runner,0,2025-10-09
1760020500000,1760020500000,1760020580000,-1,4005.2949999999996,4009.3749999999995,4009.2949999999996,4.0,-4.079999999999927,-1.0199999999999818,0.49999999999954525,-4.3400000000006,sl,runner,0,2025-10-09
1760028000000,1760028000000,1760028010000,-1,3986.2649999999994,3990.3449999999993,3990.2649999999994,4.0,-4.079999999999927,-1.0199999999999818,-0.6870000000008076,-4.0900000000006,sl,runner,0,2025-10-09
1760028900000,1760028900000,1760029020000,-1,3969.6549999999997,3967.382,3973.6549999999997,4.0,2.2729999999996835,0.5682499999999209,4.70299999999952,-3.5960000000004584,trail,runner,0,2025-10-09
1760029200000,1760029200000,1760029230000,-1,3968.4949999999994,3972.5749999999994,3972.4949999999994,4.0,-4.079999999999927,-1.0199999999999818,-0.6070000000008804,-4.0570000000006985,sl,runner,0,2025-10-09
1760030100000,1760030100000,1760030210000,-1,3951.6749999999997,3947.1820000000002,3955.6749999999997,4.0,4.492999999999483,1.1232499999998709,6.572999999999411,-3.850000000000364,trail,runner,0,2025-10-09
1760105100000,1760105100000,1760105210000,-1,3973.8549999999996,3977.9349999999995,3977.8549999999996,4.0,-4.079999999999927,-1.0199999999999818,2.762999999999465,-5.217000000000553,sl,runner,0,2025-10-10
1760109000000,1760109000000,1760109040000,1,4011.0750000000003,4006.9950000000003,4007.0750000000003,4.0,-4.079999999999927,-1.0199999999999818,-0.19000000000050932,-4.760000000000673,sl,runner,0,2025-10-10
1760109900000,1760109900000,1760110240000,1,4015.8020000000006,4019.5679999999998,4011.8020000000006,4.0,3.765999999999167,0.9414999999997917,5.845999999999094,-1.754000000000815,trail,runner,0,2025-10-10
1760307900000,1760307900000,1760308000000,1,4040.8250000000003,4036.7450000000003,4036.8250000000003,4.0,-4.079999999999927,-1.0199999999999818,3.969999999999345,-4.040000000000418,sl,runner,0,2025-10-13
1760420700000,1760420700000,1760420710000,-1,4118.714999999999,4122.794999999999,4122.714999999999,4.0,-4.079999999999927,-1.0199999999999818,-0.8860000000013315,-6.427000000000589,sl,runner,0,2025-10-14
1760421000000,1760421000000,1760421010000,-1,4115.315,4119.3949999999995,4119.315,4.0,-4.079999999999927,-1.0199999999999818,-1.1370000000006257,-6.676000000000386,sl,runner,0,2025-10-14
1760423100000,1760423100000,1760423120000,-1,4099.147999999999,4103.227999999999,4103.147999999999,4.0,-4.079999999999927,-1.0199999999999818,-0.6370000000006257,-4.054000000000997,sl,runner,0,2025-10-14
1760445300000,1760445300000,1760445620000,-1,4114.884999999999,4112.385,4118.884999999999,4.0,2.4999999999990905,0.6249999999997726,4.579999999999018,-2.1700000000009823,trail,runner,0,2025-10-14
1760445900000,1760445900000,1760445940000,-1,4109.304999999999,4113.384999999999,4113.304999999999,4.0,-4.079999999999927,-1.0199999999999818,-0.12000000000080036,-4.016000000000531,sl,runner,0,2025-10-14
1760592900000,1760592900000,1760592980000,-1,4209.575,4213.655,4213.575,4.0,-4.079999999999927,-1.0199999999999818,0.0,-4.5700000000006185,sl,runner,0,2025-10-16
1760645100000,1760645100000,1760645550000,1,4315.165,4318.199,4311.165,4.0,3.0339999999996508,0.7584999999999127,5.113999999999578,-3.2669999999998254,trail,runner,0,2025-10-16
1760652300000,1760652300000,1760652320000,1,4338.052000000001,4333.972000000001,4334.052000000001,4.0,-4.079999999999927,-1.0199999999999818,-1.467000000000553,-4.537000000001171,sl,runner,0,2025-10-17
1760652600000,1760652600000,1760652630000,1,4352.402,4357.6449999999995,4348.402,4.0,5.242999999999483,1.3107499999998709,7.492999999999483,-1.167000000000371,trail,runner,0,2025-10-17
1760653200000,1760653200000,1760653220000,1,4369.845,4365.765,4365.845,4.0,-4.079999999999927,-1.0199999999999818,0.6499999999996362,-4.5,sl,runner,0,2025-10-17
1760665500000,1760665500000,1760665510000,-1,4289.945,4294.025,4293.945,4.0,-4.079999999999927,-1.0199999999999818,-0.5000000000009095,-5.407000000000153,sl,runner,0,2025-10-17
1760685600000,1760685600000,1760685640000,-1,4341.495,4315.541,4345.495,4.0,25.953999999999724,6.488499999999931,28.03399999999965,-2.33600000000024,trail,runner,0,2025-10-17
1760700900000,1760700900000,1760701010000,-1,4308.165,4312.245,4312.165,4.0,-4.079999999999927,-1.0199999999999818,2.5429999999996653,-4.08600000000024,sl,runner,0,2025-10-17
1760702100000,1760702100000,1760702180000,-1,4301.795,4299.492,4305.795,4.0,2.3029999999998836,0.5757499999999709,5.109999999999673,-3.9600000000000364,trail,runner,0,2025-10-17
1760702400000,1760702400000,1760702440000,-1,4286.674999999999,4290.754999999999,4290.674999999999,4.0,-4.079999999999927,-1.0199999999999818,1.5499999999992724,-5.3700000000008,sl,runner,0,2025-10-17
1760708400000,1760708400000,1760708470000,-1,4280.8949999999995,4284.974999999999,4284.8949999999995,4.0,-4.079999999999927,-1.0199999999999818,3.583999999998923,-5.530000000000655,sl,runner,0,2025-10-17
1760709900000,1760709900000,1760709910000,-1,4238.105,4242.1849999999995,4242.105,4.0,-4.079999999999927,-1.0199999999999818,-0.7970000000004802,-4.426000000000386,sl,runner,0,2025-10-17
1760710500000,1760710500000,1760710510000,-1,4216.768999999999,4220.848999999999,4220.768999999999,4.0,-4.079999999999927,-1.0199999999999818,-1.2160000000012587,-12.11200000000099,sl,runner,0,2025-10-17
1760718600000,1760718600000,1760718660000,-1,4214.535,4218.615,4218.535,4.0,-4.079999999999927,-1.0199999999999818,3.232999999999265,-4.667000000000371,sl,runner,0,2025-10-17
1760718900000,1760718900000,1760718910000,-1,4213.344999999999,4217.424999999999,4217.344999999999,4.0,-4.079999999999927,-1.0199999999999818,-0.5070000000005166,-4.006000000001222,sl,runner,0,2025-10-17
1760720700000,1760720700000,1760720710000,-1,4194.949,4199.0289999999995,4198.949,4.0,-4.079999999999927,-1.0199999999999818,-1.2160000000003492,-5.486000000000786,sl,runner,0,2025-10-17
1760911500000,1760911500000,1760911520000,1,4265.702,4261.622,4261.702,4.0,-4.079999999999927,-1.0199999999999818,-0.5270000000000437,-7.567000000000007,sl,runner,0,2025-10-20
1760940000000,1760940000000,1760940140000,-1,4239.424999999999,4236.785,4243.424999999999,4.0,2.639999999999418,0.6599999999998545,4.719999999999345,-2.5800000000008367,trail,runner,0,2025-10-20
1760940300000,1760940300000,1760940310000,-1,4232.804999999999,4236.884999999999,4236.804999999999,4.0,-4.079999999999927,-1.0199999999999818,-0.7970000000004802,-4.240000000000691,sl,runner,0,2025-10-20
1760963100000,1760963100000,1760963120000,1,4297.3150000000005,4293.235000000001,4293.3150000000005,4.0,-4.079999999999927,-1.0199999999999818,-0.8800000000010186,-4.010000000001128,sl,runner,0,2025-10-20
1760963700000,1760963700000,1760963820000,1,4305.275000000001,4312.105,4301.275000000001,4.0,6.829999999999018,1.7074999999997544,8.909999999998945,-1.0300000000006548,trail,runner,0,2025-10-20
1760964000000,1760964000000,1760964090000,1,4318.822,4314.742,4314.822,4.0,-4.079999999999927,-1.0199999999999818,0.9129999999995562,-4.124000000000706,sl,runner,0,2025-10-20
1760964300000,1760964300000,1760964380000,1,4320.655000000001,4316.575000000001,4316.655000000001,4.0,-4.079999999999927,-1.0199999999999818,-0.6700000000009823,-6.040000000000873,sl,runner,0,2025-10-20
1760970300000,1760970300000,1760970410000,1,4330.085,4326.005,4326.085,4.0,-4.079999999999927,-1.0199999999999818,2.212999999999738,-5.0700000000006185,sl,runner,0,2025-10-20
1761010500000,1761010500000,1761010680000,-1,4345.735,4337.725,4349.735,4.0,8.009999999999309,2.002499999999827,10.089999999999236,-2.110000000000582,trail,runner,0,2025-10-21
1761010800000,1761010800000,1761010840000,-1,4340.115,4344.195,4344.115,4.0,-4.079999999999927,-1.0199999999999818,-0.5700000000006185,-5.3400000000001455,sl,runner,0,2025-10-21
1761032100000,1761032100000,1761032110000,-1,4301.155,4305.235,4305.155,4.0,-4.079999999999927,-1.0199999999999818,-1.1660000000001673,-5.04700000000048,sl,runner,0,2025-10-21
1761032400000,1761032400000,1761032440000,-1,4296.995,4301.075,4300.995,4.0,-4.079999999999927,-1.0199999999999818,0.26999999999952706,-5.436000000000604,sl,runner,0,2025-10-21
1761033900000,1761033900000,1761033910000,-1,4272.348999999999,4276.428999999999,4276.348999999999,4.0,-4.079999999999927,-1.0199999999999818,-0.006000000001222361,-4.343000000000757,sl,runner,0,2025-10-21
1761034500000,1761034500000,1761034510000,-1,4244.245,4248.325,4248.245,4.0,-4.079999999999927,-1.0199999999999818,-1.4660000000003492,-6.0700000000006185,sl,runner,0,2025-10-21
1761048900000,1761048900000,1761048920000,-1,4224.768999999999,4228.848999999999,4228.768999999999,4.0,-4.079999999999927,-1.0199999999999818,-0.283000000001266,-8.173000000000684,sl,runner,0,2025-10-21
1761051900000,1761051900000,1761051980000,-1,4203.105,4207.1849999999995,4207.105,4.0,-4.079999999999927,-1.0199999999999818,0.1499999999996362,-5.920000000000982,sl,runner,0,2025-10-21
1761054600000,1761054600000,1761054630000,-1,4183.855,4179.251,4187.855,4.0,4.60399999999936,1.15099999999984,7.552999999998974,-1.566000000000713,trail,runner,0,2025-10-21
1761056700000,1761056700000,1761056730000,-1,4152.365,4156.445,4156.365,4.0,-4.079999999999927,-1.0199999999999818,-0.22000000000025466,-4.289999999999964,sl,runner,0,2025-10-21
1761057000000,1761057000000,1761057030000,-1,4136.625,4127.6410000000005,4140.625,4.0,8.983999999999469,2.245999999999867,11.153999999999542,-1.4260000000003856,trail,runner,0,2025-10-21
1761057600000,1761057600000,1761057630000,-1,4118.1449999999995,4122.224999999999,4122.1449999999995,4.0,-4.079999999999927,-1.0199999999999818,0.23399999999946886,-4.680000000000291,sl,runner,0,2025-10-21
1761057900000,1761057900000,1761057910000,-1,4100.647999999999,4104.727999999999,4104.647999999999,4.0,-4.079999999999927,-1.0199999999999818,-1.4830000000010841,-6.173000000000684,sl,runner,0,2025-10-21
1761091200000,1761091200000,1761091270000,-1,4092.5179999999996,4084.1150000000002,4096.518,4.000000000000455,8.402999999999338,2.1007499999995956,10.482999999999265,-2.0570000000006985,trail,runner,0,2025-10-22
1761091500000,1761091500000,1761091510000,-1,4059.3949999999995,4063.4749999999995,4063.3949999999995,4.0,-4.079999999999927,-1.0199999999999818,-0.1700000000005275,-4.310000000000855,sl,runner,0,2025-10-22
1761091800000,1761091800000,1761091830000,-1,4036.238,4030.232,4040.238,4.0,6.005999999999858,1.5014999999999645,10.572999999999865,-2.287000000000262,trail,runner,0,2025-10-22
1761104700000,1761104700000,1761105300000,1,4139.775000000001,4135.695000000001,4135.775000000001,4.0,-4.079999999999927,-1.0199999999999818,2.9899999999988722,-6.376000000001113,sl,runner,0,2025-10-22
1761120600000,1761120600000,1761120610000,-1,4102.3949999999995,4106.474999999999,4106.3949999999995,4.0,-4.079999999999927,-1.0199999999999818,1.2249999999994543,-4.450000000000728,sl,runner,0,2025-10-22
1761120900000,1761120900000,1761120940000,-1,4087.298,4073.165,4091.298,4.0,14.13299999999981,3.5332499999999527,20.02699999999959,-2.687000000000353,trail,runner,0,2025-10-22
1761121200000,1761121200000,1761121220000,-1,4080.6789999999996,4084.7589999999996,4084.6789999999996,4.0,-4.079999999999927,-1.0199999999999818,0.4379999999996471,-5.712000000000444,sl,runner,0,2025-10-22
1761129900000,1761129900000,1761129950000,-1,4053.555,4057.6349999999998,4057.555,4.0,-4.079999999999927,-1.0199999999999818,0.15399999999954161,-4.557000000000244,sl,runner,0,2025-10-22
1761130500000,1761130500000,1761130540000,-1,4034.4979999999996,4038.5779999999995,4038.4979999999996,4.0,-4.079999999999927,-1.0199999999999818,1.575999999999567,-4.397000000000389,sl,runner,0,2025-10-22
1761144900000,1761144900000,1761145110000,-1,4012.3949999999995,4016.4749999999995,4016.3949999999995,4.0,-4.079999999999927,-1.0199999999999818,0.7029999999995198,-4.490000000000691,sl,runner,0,2025-10-22
1761161700000,1761161700000,1761162020000,1,4108.215,4104.135,4104.215,4.0,-4.079999999999927,-1.0199999999999818,2.130000000000109,-4.140000000000327,sl,runner,0,2025-10-22
1761179100000,1761179100000,1761179270000,-1,4071.075,4075.1549999999997,4075.075,4.0,-4.079999999999927,-1.0199999999999818,3.169999999999618,-5.040000000000418,sl,runner,0,2025-10-23
1761199800000,1761199800000,1761200000000,1,4127.585,4130.3949999999995,4123.585,4.0,2.8099999999994907,0.7024999999998727,4.889999999999418,-1.287000000000262,trail,runner,0,2025-10-23
1761200100000,1761200100000,1761200370000,1,4130.425,4126.345,4126.425,4.0,-4.079999999999927,-1.0199999999999818,1.75,-4.829999999999927,sl,runner,0,2025-10-23
1761225600000,1761225600000,1761225750000,1,4140.495000000001,4142.785,4136.495000000001,4.0,2.289999999999054,0.5724999999997635,4.389999999999418,-0.770000000001346,trail,runner,0,2025-10-23
1761228600000,1761228600000,1761228610000,1,4153.545,4149.465,4149.545,4.0,-4.079999999999927,-1.0199999999999818,-0.8299999999999272,-4.220000000000255,sl,runner,0,2025-10-23
1761286200000,1761286200000,1761286240000,-1,4088.7049999999995,4085.9320000000002,4092.7049999999995,4.0,2.7729999999992287,0.6932499999998072,4.852999999999156,-1.160000000000764,trail,runner,0,2025-10-24
1761286500000,1761286500000,1761286510000,-1,4083.048,4087.1279999999997,4087.048,4.0,-4.079999999999927,-1.0199999999999818,-0.9940000000005966,-4.007000000000517,sl,runner,0,2025-10-24
1761292500000,1761292500000,1761292610000,-1,4071.9449999999997,4076.0249999999996,4075.9449999999997,4.0,-4.079999999999927,-1.0199999999999818,1.6929999999993015,-4.610000000000582,sl,runner,0,2025-10-24
1761293100000,1761293100000,1761293180000,-1,4065.2149999999997,4069.2949999999996,4069.2149999999997,4.0,-4.079999999999927,-1.0199999999999818,1.5299999999992906,-4.6260000000006585,sl,runner,0,2025-10-24
1761293700000,1761293700000,1761293780000,-1,4053.825,4051.311,4057.825,4.0,2.513999999999669,0.6284999999999172,4.593999999999596,-2.6900000000005093,trail,runner,0,2025-10-24
1761309300000,1761309300000,1761309460000,1,4090.1850000000004,4086.1050000000005,4086.1850000000004,4.0,-4.079999999999927,-1.0199999999999818,1.1199999999994361,-6.000000000000455,sl,runner,0,2025-10-24
1761311400000,1761311400000,1761311420000,1,4111.715,4107.635,4107.715,4.0,-4.079999999999927,-1.0199999999999818,-1.0799999999999272,-5.980000000000473,sl,runner,0,2025-10-24
1761312000000,1761312000000,1761312120000,1,4119.035000000001,4114.955000000001,4115.035000000001,4.0,-4.079999999999927,-1.0199999999999818,-0.1360000000013315,-4.5000000000009095,sl,runner,0,2025-10-24
1761315300000,1761315300000,1761315460000,1,4131.775000000001,4127.695000000001,4127.775000000001,4.0,-4.079999999999927,-1.0199999999999818,2.8499999999994543,-4.680000000000291,sl,runner,0,2025-10-24
1761516300000,1761516300000,1761516310000,-1,4082.0589999999997,4086.1389999999997,4086.0589999999997,4.0,-4.079999999999927,-1.0199999999999818,2.343999999999596,-7.043000000000575,sl,runner,0,2025-10-27
1761573900000,1761573900000,1761573950000,-1,4010.865,4014.9449999999997,4014.865,4.0,-4.079999999999927,-1.0199999999999818,1.9129999999995562,-7.3200000000006185,sl,runner,0,2025-10-27
1761574200000,1761574200000,1761574620000,-1,4006.325,3998.011,4010.325,4.0,8.31399999999985,2.0784999999999627,10.393999999999778,-3.5600000000004,trail,runner,0,2025-10-27
1761574800000,1761574800000,1761575070000,-1,3992.785,3989.8050000000003,3996.785,4.0,2.9799999999995634,0.7449999999998909,6.6599999999998545,-3.6900000000005093,trail,runner,0,2025-10-27
1761577500000,1761577500000,1761577660000,-1,3980.3379999999997,3976.882,3984.3379999999997,4.0,3.455999999999676,0.863999999999919,5.5359999999996035,-2.317000000000462,trail,runner,0,2025-10-27
1761577800000,1761577800000,1761577960000,-1,3974.2149999999997,3978.2949999999996,3978.2149999999997,4.0,-4.079999999999927,-1.0199999999999818,2.389999999999418,-4.850000000000364,sl,runner,0,2025-10-27
1761625800000,1761625800000,1761626490000,-1,3971.1749999999997,3975.2549999999997,3975.1749999999997,4.0,-4.079999999999927,-1.0199999999999818,3.6299999999996544,-6.600000000000364,sl,runner,0,2025-10-28
1761630000000,1761630000000,1761630130000,-1,3959.6649999999995,3963.7449999999994,3963.6649999999995,4.0,-4.079999999999927,-1.0199999999999818,0.009999999999308784,-4.770000000000891,sl,runner,0,2025-10-28
1761636300000,1761636300000,1761636410000,-1,3933.2949999999996,3937.3749999999995,3937.2949999999996,4.0,-4.079999999999927,-1.0199999999999818,0.7099999999995816,-4.680000000000746,sl,runner,0,2025-10-28
1761642600000,1761642600000,1761642690000,-1,3889.8749999999995,3893.9549999999995,3893.8749999999995,4.0,-4.079999999999927,-1.0199999999999818,1.3699999999994361,-4.000000000000455,sl,runner,0,2025-10-28
1761659700000,1761659700000,1761659990000,1,3934.5950000000003,3937.9849999999997,3930.5950000000003,4.0,3.389999999999418,0.8474999999998545,5.469999999999345,-3.2070000000003347,trail,runner,0,2025-10-28
1761689400000,1761689400000,1761689410000,-1,3933.3479999999995,3937.4279999999994,3937.3479999999995,4.0,-4.079999999999927,-1.0199999999999818,-1.3870000000006257,-4.854000000000724,sl,runner,0,2025-10-29
1761763200000,1761763200000,1761763250000,-1,3951.2449999999994,3955.3249999999994,3955.2449999999994,4.0,-4.079999999999927,-1.0199999999999818,2.939999999999145,-5.60700000000088,sl,runner,0,2025-10-29
1761767100000,1761767100000,1761767110000,-1,3928.8079999999995,3932.8879999999995,3932.8079999999995,4.0,-4.079999999999927,-1.0199999999999818,-0.8670000000006439,-4.04700000000048,sl,runner,0,2025-10-29
1761793500000,1761793500000,1761793600000,-1,3919.7149999999997,3923.7949999999996,3923.7149999999997,4.0,-4.079999999999927,-1.0199999999999818,-0.8900000000003274,-4.130000000000564,sl,runner,0,2025-10-30
1761799200000,1761799200000,1761799400000,1,3973.5050000000006,3978.005,3969.5050000000006,4.0,4.499999999999545,1.1249999999998863,6.5799999999994725,-1.3000000000006366,trail,runner,0,2025-10-30
1761815700000,1761815700000,1761815770000,1,4005.7350000000006,4007.935,4001.7350000000006,4.0,2.1999999999993634,0.5499999999998408,4.279999999999291,-1.110000000000582,trail,runner,0,2025-10-30
1761829200000,1761829200000,1761829210000,-1,3960.7549999999997,3964.8349999999996,3964.7549999999997,4.0,-4.079999999999927,-1.0199999999999818,-0.44700000000057116,-4.120000000000346,sl,runner,0,2025-10-30
1761833400000,1761833400000,1761833460000,1,4010.2550000000006,4012.505,4006.2550000000006,4.0,2.2499999999995453,0.5624999999998863,4.3299999999994725,-1.6800000000007458,trail,runner,0,2025-10-30
1761876900000,1761876900000,1761876990000,-1,4009.4249999999997,4013.5049999999997,4013.4249999999997,4.0,-4.079999999999927,-1.0199999999999818,0.40999999999939973,-4.600000000000364,sl,runner,0,2025-10-31
1761878700000,1761878700000,1761878730000,-1,4002.6249999999995,4006.7049999999995,4006.6249999999995,4.0,-4.079999999999927,-1.0199999999999818,-0.9000000000005457,-5.3200000000006185,sl,runner,0,2025-10-31
1761880500000,1761880500000,1761880650000,-1,3993.8549999999996,3997.9349999999995,3997.8549999999996,4.0,-4.079999999999927,-1.0199999999999818,0.35999999999921783,-4.210000000000491,sl,runner,0,2025-10-31
1761927000000,1761927000000,1761927100000,-1,3998.1249999999995,3995.985,4002.1249999999995,4.0,2.139999999999418,0.5349999999998545,4.219999999999345,-1.3800000000005639,trail,runner,0,2025-10-31
1761927300000,1761927300000,1761927320000,-1,3978.5249999999996,3982.6049999999996,3982.5249999999996,4.0,-4.079999999999927,-1.0199999999999818,2.139999999999418,-4.160000000000764,sl,runner,0,2025-10-31
1761927600000,1761927600000,1761927650000,-1,3978.095,3982.1749999999997,3982.095,4.0,-4.079999999999927,-1.0199999999999818,0.04999999999972715,-4.9200000000005275,sl,runner,0,2025-10-31
1762211700000,1762211700000,1762211760000,-1,3987.4449999999997,3991.5249999999996,3991.4449999999997,4.0,-4.079999999999927,-1.0199999999999818,-1.0300000000006548,-5.597000000000662,sl,runner,0,2025-11-04
1762266900000,1762266900000,1762267030000,-1,3938.0449999999996,3942.1249999999995,3942.0449999999996,4.0,-4.079999999999927,-1.0199999999999818,3.7429999999994834,-4.550000000000637,sl,runner,0,2025-11-04
1762267500000,1762267500000,1762267520000,-1,3930.8849999999998,3934.9649999999997,3934.8849999999998,4.0,-4.079999999999927,-1.0199999999999818,-0.4200000000005275,-6.3400000000006,sl,runner,0,2025-11-04
1762441500000,1762441500000,1762441530000,-1,3978.785,3982.865,3982.785,4.0,-4.079999999999927,-1.0199999999999818,-0.6170000000001892,-4.120000000000346,sl,runner,0,2025-11-06
1762738200000,1762738200000,1762738670000,1,4048.2950000000005,4050.995,4044.2950000000005,4.0,2.6999999999993634,0.6749999999998408,4.779999999999291,-3.0800000000008367,trail,runner,0,2025-11-10
1762875000000,1762875000000,1762875550000,-1,4101.165,4105.245,4105.165,4.0,-4.079999999999927,-1.0199999999999818,3.563000000000102,-5.030000000000655,sl,runner,0,2025-11-11
1762960500000,1762960500000,1762960600000,1,4162.415,4165.695,4158.415,4.0,3.2799999999997453,0.8199999999999363,5.359999999999673,-2.98700000000008,trail,runner,0,2025-11-12
1762960800000,1762960800000,1762960870000,1,4167.765,4163.685,4163.765,4.0,-4.079999999999927,-1.0199999999999818,-0.6260000000002037,-4.407000000000153,sl,runner,0,2025-11-12
1763045100000,1763045100000,1763045120000,-1,4187.379,4191.459,4191.379,4.0,-4.079999999999927,-1.0199999999999818,1.683999999999287,-4.716000000000349,sl,runner,0,2025-11-13
1763058900000,1763058900000,1763058940000,-1,4165.335,4156.785,4169.335,4.0,8.550000000000182,2.1375000000000455,11.173999999999978,-1.0870000000004438,trail,runner,0,2025-11-13
1763059200000,1763059200000,1763059220000,-1,4148.014999999999,4152.094999999999,4152.014999999999,4.0,-4.079999999999927,-1.0199999999999818,0.7999999999992724,-4.710000000000946,sl,runner,0,2025-11-13
1763119200000,1763119200000,1763119320000,-1,4148.245,4145.495,4152.245,4.0,2.75,0.6875,5.1799999999993815,-0.8000000000001819,trail,runner,0,2025-11-14
1763121600000,1763121600000,1763121770000,-1,4132.625,4136.705,4136.625,4.0,-4.079999999999927,-1.0199999999999818,1.800000000000182,-4.440000000000509,sl,runner,0,2025-11-14
1763122500000,1763122500000,1763122720000,-1,4125.724999999999,4121.775000000001,4129.724999999999,4.0,3.9499999999989086,0.9874999999997272,6.029999999998836,-3.290000000000873,trail,runner,0,2025-11-14
1763122800000,1763122800000,1763122890000,-1,4118.134999999999,4115.3150000000005,4122.134999999999,4.0,2.8199999999987995,0.7049999999996999,4.899999999998727,-3.3700000000008004,trail,runner,0,2025-11-14
1763125800000,1763125800000,1763125950000,-1,4107.1849999999995,4092.475,4111.1849999999995,4.0,14.709999999999582,3.6774999999998954,17.24999999999909,-1.2700000000004366,trail,runner,0,2025-11-14
1763126100000,1763126100000,1763126120000,-1,4086.1049999999996,4090.1849999999995,4090.1049999999996,4.0,-4.079999999999927,-1.0199999999999818,-0.760000000000673,-4.0900000000006,sl,runner,0,2025-11-14
1763126400000,1763126400000,1763126410000,-1,4076.865,4080.9449999999997,4080.865,4.0,-4.079999999999927,-1.0199999999999818,-0.1700000000005275,-4.910000000000309,sl,runner,0,2025-11-14
1763126700000,1763126700000,1763126730000,-1,4070.9349999999995,4069.875,4074.9349999999995,4.0,1.0599999999994907,0.26499999999987267,5.082999999999174,-1.147000000000844,trail,runner,0,2025-11-14
1763127000000,1763127000000,1763127010000,-1,4055.1449999999995,4059.2249999999995,4059.1449999999995,4.0,-4.079999999999927,-1.0199999999999818,0.5539999999991778,-5.560000000000855,sl,runner,0,2025-11-14
1763408400000,1763408400000,1763408540000,-1,4031.2249999999995,4024.755,4035.2249999999995,4.0,6.469999999999345,1.6174999999998363,8.712999999999283,-1.7500000000009095,trail,runner,0,2025-11-17
1763408700000,1763408700000,1763408730000,-1,4019.035,4023.115,4023.035,4.0,-4.079999999999927,-1.0199999999999818,2.0899999999996908,-4.520000000000437,sl,runner,0,2025-11-17
1763409600000,1763409600000,1763409800000,-1,4010.8849999999998,4014.9649999999997,4014.8849999999998,4.0,-4.079999999999927,-1.0199999999999818,3.632999999999356,-4.0600000000004,sl,runner,0,2025-11-17
1763473200000,1763473200000,1763473340000,1,4066.3550000000005,4062.2750000000005,4062.3550000000005,4.0,-4.079999999999927,-1.0199999999999818,-0.4200000000005275,-4.330000000000837,sl,runner,0,2025-11-18
1763567700000,1763567700000,1763567710000,-1,4091.575,4095.6549999999997,4095.575,4.0,-4.079999999999927,-1.0199999999999818,0.0999999999994543,-4.8400000000001455,sl,runner,0,2025-11-19
1763569800000,1763569800000,1763569840000,-1,4074.0849999999996,4078.1649999999995,4078.0849999999996,4.0,-4.079999999999927,-1.0199999999999818,0.9699999999993452,-4.230000000000473,sl,runner,0,2025-11-19
1763571900000,1763571900000,1763572120000,-1,4060.535,4058.085,4064.535,4.0,2.449999999999818,0.6124999999999545,4.529999999999745,-2.6600000000003092,trail,runner,0,2025-11-19
1763604600000,1763604600000,1763604810000,-1,4063.0849999999996,4067.1649999999995,4067.0849999999996,4.0,-4.079999999999927,-1.0199999999999818,3.419999999999618,-4.130000000000564,sl,runner,0,2025-11-20
1763605200000,1763605200000,1763605230000,-1,4049.555,4045.732,4053.555,4.0,3.8229999999998654,0.9557499999999663,6.0799999999994725,-2.1470000000003893,trail,runner,0,2025-11-20
1763626500000,1763626500000,1763626570000,-1,4046.845,4050.9249999999997,4050.845,4.0,-4.079999999999927,-1.0199999999999818,0.5999999999994543,-4.180000000000291,sl,runner,0,2025-11-20
1763650200000,1763650200000,1763650510000,1,4103.575000000001,4099.495000000001,4099.575000000001,4.0,-4.079999999999927,-1.0199999999999818,3.4299999999993815,-4.590000000001055,sl,runner,0,2025-11-20
1763656200000,1763656200000,1763656340000,-1,4064.9349999999995,4062.545,4068.9349999999995,4.0,2.389999999999418,0.5974999999998545,4.469999999999345,-3.110000000000582,trail,runner,0,2025-11-20
1763657100000,1763657100000,1763657130000,-1,4058.7949999999996,4062.8749999999995,4062.7949999999996,4.0,-4.079999999999927,-1.0199999999999818,0.7099999999995816,-4.5600000000004,sl,runner,0,2025-11-20
1763657700000,1763657700000,1763657930000,-1,4055.615,4052.6220000000003,4059.615,4.0,2.9929999999994834,0.7482499999998709,5.072999999999411,-1.3200000000006185,trail,runner,0,2025-11-20
1763658000000,1763658000000,1763658020000,-1,4048.6649999999995,4052.7449999999994,4052.6649999999995,4.0,-4.079999999999927,-1.0199999999999818,2.939999999999145,-4.106000000000677,sl,runner,0,2025-11-20
1763729400000,1763729400000,1763729450000,1,4068.2050000000004,4064.1250000000005,4064.2050000000004,4.0,-4.079999999999927,-1.0199999999999818,0.989999999999327,-4.350000000000364,sl,runner,0,2025-11-21
1763744100000,1763744100000,1763744160000,1,4094.2450000000003,4096.698,4090.2450000000003,4.0,2.4529999999999745,0.6132499999999936,4.532999999999902,-0.9300000000007458,trail,runner,0,2025-11-21
1763744400000,1763744400000,1763744450000,1,4100.255,4096.175,4096.255,4.0,-4.079999999999927,-1.0199999999999818,0.5339999999996508,-4.9900000000002365,sl,runner,0,2025-11-21
1763757300000,1763757300000,1763757500000,-1,4063.0049999999997,4059.155,4067.0049999999997,4.0,3.8499999999994543,0.9624999999998636,5.9299999999993815,-2.580000000000382,trail,runner,0,2025-11-21
1764082200000,1764082200000,1764082310000,-1,4114.469,4118.549,4118.469,4.0,-4.079999999999927,-1.0199999999999818,2.673999999999978,-4.842999999999847,sl,runner,0,2025-11-25
1764566700000,1764566700000,1764566800000,-1,4222.724999999999,4219.802,4226.724999999999,4.0,2.9229999999997744,0.7307499999999436,6.732999999999265,-1.3570000000008804,trail,runner,0,2025-12-01
1764600000000,1764600000000,1764600150000,-1,4231.174999999999,4227.055,4235.174999999999,4.0,4.119999999998981,1.0299999999997453,6.199999999998909,-2.590000000001055,trail,runner,0,2025-12-01
1764600300000,1764600300000,1764600360000,-1,4224.915,4228.995,4228.915,4.0,-4.079999999999927,-1.0199999999999818,1.569999999999709,-4.220000000000255,sl,runner,0,2025-12-01
1764637800000,1764637800000,1764637810000,-1,4205.665,4209.745,4209.665,4.0,-4.079999999999927,-1.0199999999999818,0.38000000000010914,-4.5600000000004,sl,runner,0,2025-12-02
1764668400000,1764668400000,1764668610000,-1,4189.365,4193.445,4193.365,4.0,-4.079999999999927,-1.0199999999999818,0.32999999999992724,-4.0900000000001455,sl,runner,0,2025-12-02
1764689400000,1764689400000,1764689680000,-1,4187.855,4185.635,4191.855,4.0,2.219999999999345,0.5549999999998363,4.319999999999709,-3.0700000000006185,trail,runner,0,2025-12-02
1764689700000,1764689700000,1764689880000,-1,4182.865,4186.945,4186.865,4.0,-4.079999999999927,-1.0199999999999818,2.2229999999999563,-4.347000000000662,sl,runner,0,2025-12-02
1764691200000,1764691200000,1764691240000,-1,4169.275,4173.355,4173.275,4.0,-4.079999999999927,-1.0199999999999818,1.9999999999990905,-4.280000000000655,sl,runner,0,2025-12-02
1764951300000,1764951300000,1764951310000,-1,4203.134999999999,4207.214999999999,4207.134999999999,4.0,-4.079999999999927,-1.0199999999999818,-0.43000000000120053,-5.007000000000517,sl,runner,0,2025-12-05
1765206300000,1765206300000,1765206390000,-1,4188.214999999999,4183.505,4192.214999999999,4.0,4.709999999999127,1.1774999999997817,6.789999999999054,-0.6800000000012005,trail,runner,0,2025-12-08
1765206600000,1765206600000,1765206670000,-1,4179.924999999999,4184.004999999999,4183.924999999999,4.0,-4.079999999999927,-1.0199999999999818,1.0999999999994543,-6.040000000000873,sl,runner,0,2025-12-08
1765393500000,1765393500000,1765393690000,1,4206.845,4210.735,4202.845,4.0,3.889999999999418,0.9724999999998545,6.119999999999891,-3.4600000000000364,trail,runner,0,2025-12-10
1765393800000,1765393800000,1765393920000,1,4216.841,4212.761,4212.841,4.0,-4.079999999999927,-1.0199999999999818,2.6539999999995416,-4.316000000000713,sl,runner,0,2025-12-10
1765395900000,1765395900000,1765395920000,-1,4187.315,4191.3949999999995,4191.315,4.0,-4.079999999999927,-1.0199999999999818,0.23999999999978172,-4.540000000000873,sl,runner,0,2025-12-10
1765397100000,1765397100000,1765397390000,1,4224.405000000001,4226.625,4220.405000000001,4.0,2.219999999999345,0.5549999999998363,4.299999999999272,-3.8700000000008004,trail,runner,0,2025-12-10
1765397400000,1765397400000,1765397440000,1,4228.3550000000005,4224.275000000001,4224.3550000000005,4.0,-4.079999999999927,-1.0199999999999818,0.589999999999236,-5.180000000000291,sl,runner,0,2025-12-10
1765397700000,1765397700000,1765397770000,1,4235.625,4231.545,4231.625,4.0,-4.079999999999927,-1.0199999999999818,0.6099999999996726,-4.3400000000001455,sl,runner,0,2025-12-10
1765551300000,1765551300000,1765551610000,1,4349.845,4345.765,4345.845,4.0,-4.079999999999927,-1.0199999999999818,3.4299999999993815,-6.350000000000364,sl,runner,0,2025-12-12
1765553100000,1765553100000,1765553110000,-1,4309.174999999999,4313.254999999999,4313.174999999999,4.0,-4.079999999999927,-1.0199999999999818,0.15799999999944703,-4.190000000000509,sl,runner,0,2025-12-12
1765553400000,1765553400000,1765553420000,-1,4300.165,4298.405,4304.165,4.0,1.7600000000002183,0.44000000000005457,4.329999999999927,-5.449999999999818,trail,runner,0,2025-12-12
1765555200000,1765555200000,1765555220000,-1,4289.955,4294.035,4293.955,4.0,-4.079999999999927,-1.0199999999999818,0.7839999999996508,-4.490000000000691,sl,runner,0,2025-12-12
1765555500000,1765555500000,1765555510000,-1,4276.835,4280.915,4280.835,4.0,-4.079999999999927,-1.0199999999999818,-0.21000000000003638,-5.600000000000364,sl,runner,0,2025-12-12
1765557600000,1765557600000,1765557620000,-1,4266.1449999999995,4260.075,4270.1449999999995,4.0,6.069999999999709,1.5174999999999272,8.149999999999636,-1.5100000000002183,trail,runner,0,2025-12-12
1765810500000,1765810500000,1765810630000,-1,4317.945,4322.025,4321.945,4.0,-4.079999999999927,-1.0199999999999818,-0.48000000000047294,-4.160000000000764,sl,runner,0,2025-12-15
1765815900000,1765815900000,1765815940000,-1,4294.9349999999995,4299.014999999999,4298.9349999999995,4.0,-4.079999999999927,-1.0199999999999818,-0.3100000000004002,-5.5000000000009095,sl,runner,0,2025-12-15
1765816500000,1765816500000,1765816670000,-1,4290.545,4287.732,4294.545,4.0,2.813000000000102,0.7032500000000255,4.893000000000029,-2.9700000000002547,trail,runner,0,2025-12-15
1766064900000,1766064900000,1766065320000,1,4330.131,4335.445,4326.131,4.0,5.313999999999396,1.328499999999849,7.393999999999323,-3.206000000000131,trail,runner,0,2025-12-18
1766069100000,1766069100000,1766069160000,-1,4314.014999999999,4311.911,4318.014999999999,4.0,2.1039999999993597,0.5259999999998399,4.1899999999996,-0.7500000000009095,trail,runner,0,2025-12-18
1766074500000,1766074500000,1766074570000,1,4362.765,4365.8679999999995,4358.765,4.0,3.102999999999156,0.775749999999789,6.092999999999847,-1.1170000000001892,trail,runner,0,2025-12-18
1766074800000,1766074800000,1766074950000,1,4372.935,4368.8550000000005,4368.935,4.0,-4.079999999999927,-1.0199999999999818,1.4099999999998545,-4.790000000000873,sl,runner,0,2025-12-18
1766498700000,1766498700000,1766498740000,-1,4471.094999999999,4459.945,4475.094999999999,4.0,11.149999999999636,2.787499999999909,16.54699999999957,-1.1500000000005457,trail,runner,0,2025-12-23
1766499000000,1766499000000,1766499420000,-1,4468.815,4467.082,4472.815,4.0,1.7329999999992651,0.4332499999998163,4.0129999999990105,-2.8300000000008367,trail,runner,0,2025-12-23
1766502000000,1766502000000,1766502050000,-1,4445.355,4449.4349999999995,4449.355,4.0,-4.079999999999927,-1.0199999999999818,0.5299999999997453,-4.420000000000982,sl,runner,0,2025-12-23
1766502300000,1766502300000,1766502360000,-1,4433.745,4437.825,4437.745,4.0,-4.079999999999927,-1.0199999999999818,2.0429999999996653,-5.0,sl,runner,0,2025-12-23
1766545200000,1766545200000,1766545210000,-1,4477.085,4481.165,4481.085,4.0,-4.079999999999927,-1.0199999999999818,-1.3800000000001091,-8.930000000000291,sl,runner,0,2025-12-24
1766587200000,1766587200000,1766587300000,-1,4472.105,4476.1849999999995,4476.105,4.0,-4.079999999999927,-1.0199999999999818,2.2999999999992724,-4.0700000000006185,sl,runner,0,2025-12-24
1766588100000,1766588100000,1766588160000,-1,4465.254999999999,4469.334999999999,4469.254999999999,4.0,-4.079999999999927,-1.0199999999999818,2.3429999999989377,-4.247000000001208,sl,runner,0,2025-12-24
1766704800000,1766704800000,1766705060000,1,4493.702,4496.965,4489.702,4.0,3.26299999999992,0.81574999999998,5.342999999999847,-1.7570000000005166,trail,runner,0,2025-12-26
1766705100000,1766705100000,1766705490000,1,4499.865000000001,4495.785000000001,4495.865000000001,4.0,-4.079999999999927,-1.0199999999999818,-0.410000000000764,-4.470000000001164,sl,runner,0,2025-12-26
1766770500000,1766770500000,1766770630000,-1,4512.344999999999,4516.424999999999,4516.344999999999,4.0,-4.079999999999927,-1.0199999999999818,0.6929999999993015,-4.376000000001113,sl,runner,0,2025-12-26
1766963100000,1766963100000,1766963140000,1,4543.202,4539.122,4539.202,4.0,-4.079999999999927,-1.0199999999999818,2.345999999999549,-4.443000000000211,sl,runner,0,2025-12-29
1766967900000,1766967900000,1766968020000,-1,4494.8009999999995,4491.332,4498.8009999999995,4.0,3.4689999999991414,0.8672499999997854,8.599999999999454,-3.0200000000004366,trail,runner,0,2025-12-29
1766968200000,1766968200000,1766968230000,-1,4486.155,4475.482,4490.155,4.0,10.672999999999774,2.6682499999999436,12.852999999999156,-2.030000000000655,trail,runner,0,2025-12-29
1766991000000,1766991000000,1766991090000,-1,4483.228,4479.735,4487.228,4.0,3.493000000000393,0.8732500000000982,5.57300000000032,-1.2770000000000437,trail,runner,0,2025-12-29
1766991300000,1766991300000,1766991350000,-1,4475.205,4479.285,4479.205,4.0,-4.079999999999927,-1.0199999999999818,1.4529999999995198,-4.367000000000189,sl,runner,0,2025-12-29
1766991900000,1766991900000,1766991920000,-1,4455.344999999999,4457.131,4459.344999999999,4.0,-1.7860000000009677,-0.4465000000002419,6.3729999999995925,-3.3570000000008804,trail,runner,0,2025-12-29
1767015900000,1767015900000,1767015970000,-1,4429.085,4425.932,4433.085,4.0,3.1530000000002474,0.7882500000000618,6.632999999999811,-1.167000000000371,trail,runner,0,2025-12-29
1767016200000,1767016200000,1767016290000,-1,4416.094999999999,4409.8,4420.094999999999,4.0,6.294999999999163,1.5737499999997908,8.37499999999909,-3.0070000000005166,trail,runner,0,2025-12-29
1767016500000,1767016500000,1767016650000,-1,4411.014999999999,4415.094999999999,4415.014999999999,4.0,-4.079999999999927,-1.0199999999999818,3.6129999999993743,-5.79700000000048,sl,runner,0,2025-12-29
1767017100000,1767017100000,1767017130000,-1,4399.625,4403.705,4403.625,4.0,-4.079999999999927,-1.0199999999999818,-0.5270000000000437,-4.027000000000044,sl,runner,0,2025-12-29
1767017400000,1767017400000,1767017410000,-1,4390.674999999999,4394.754999999999,4394.674999999999,4.0,-4.079999999999927,-1.0199999999999818,0.5729999999994106,-4.520000000001346,sl,runner,0,2025-12-29
1767018900000,1767018900000,1767018940000,-1,4380.795,4384.875,4384.795,4.0,-4.079999999999927,-1.0199999999999818,3.643000000000029,-4.907000000000153,sl,runner,0,2025-12-29
1767020700000,1767020700000,1767020710000,-1,4341.205,4345.285,4345.205,4.0,-4.079999999999927,-1.0199999999999818,-0.4970000000002983,-4.697000000000116,sl,runner,0,2025-12-29
1767021900000,1767021900000,1767021910000,-1,4315.474999999999,4319.554999999999,4319.474999999999,4.0,-4.079999999999927,-1.0199999999999818,-0.4500000000007276,-5.050000000001091,sl,runner,0,2025-12-29
1767105900000,1767105900000,1767106080000,-1,4371.025,4358.335,4375.025,4.0,12.6899999999996,3.1724999999999,14.769999999999527,-1.8500000000003638,trail,runner,0,2025-12-30
1767106200000,1767106200000,1767106240000,-1,4360.464999999999,4364.544999999999,4364.464999999999,4.0,-4.079999999999927,-1.0199999999999818,2.3629999999993743,-4.087000000001353,sl,runner,0,2025-12-30
1767159900000,1767159900000,1767160120000,-1,4324.498,4313.282,4328.498,4.0,11.21599999999944,2.80399999999986,15.252999999999702,-3.917000000000371,trail,runner,0,2025-12-31
1767160200000,1767160200000,1767160260000,-1,4310.384999999999,4303.352,4314.384999999999,4.0,7.032999999999447,1.7582499999998618,9.112999999999374,-1.7000000000007276,trail,runner,0,2025-12-31
1767160500000,1767160500000,1767160520000,-1,4286.565,4286.091,4290.565,4.0,0.4739999999992506,0.11849999999981264,9.679999999999382,-1.360000000000582,trail,runner,0,2025-12-31
1767360600000,1767360600000,1767360830000,-1,4374.025,4371.215,4378.025,4.0,2.8099999999994907,0.7024999999998727,4.889999999999418,-3.9770000000007713,trail,runner,1,2026-01-02
1767360900000,1767360900000,1767360980000,-1,4372.665,4370.225,4376.665,4.0,2.4399999999996,0.6099999999999,4.519999999999527,-2.79700000000048,trail,runner,1,2026-01-02
1767364800000,1767364800000,1767364820000,-1,4350.915,4354.995,4354.915,4.0,-4.079999999999927,-1.0199999999999818,-0.4000000000005457,-4.337000000000444,sl,runner,1,2026-01-02
1767366300000,1767366300000,1767366410000,-1,4342.054999999999,4346.134999999999,4346.054999999999,4.0,-4.079999999999927,-1.0199999999999818,2.389999999999418,-6.100000000000364,sl,runner,1,2026-01-02
1767369900000,1767369900000,1767369980000,-1,4327.214999999999,4324.935,4331.214999999999,4.0,2.279999999998836,0.569999999999709,4.359999999998763,-2.8700000000008004,trail,runner,1,2026-01-02
1767370800000,1767370800000,1767370810000,-1,4316.974999999999,4321.054999999999,4320.974999999999,4.0,-4.079999999999927,-1.0199999999999818,-0.6200000000008004,-4.580000000000837,sl,runner,1,2026-01-02
1767568500000,1767568500000,1767568590000,1,4370.915,4366.835,4366.915,4.0,-4.079999999999927,-1.0199999999999818,1.0599999999994907,-6.317000000000007,sl,runner,1,2026-01-05
1767575100000,1767575100000,1767575120000,1,4417.575000000001,4413.495000000001,4413.575000000001,4.0,-4.079999999999927,-1.0199999999999818,3.5699999999987995,-6.967000000000553,sl,runner,1,2026-01-05
1767619800000,1767619800000,1767619810000,-1,4399.214999999999,4403.294999999999,4403.214999999999,4.0,-4.079999999999927,-1.0199999999999818,0.2499999999990905,-4.280000000000655,sl,runner,1,2026-01-05
1767625500000,1767625500000,1767625920000,1,4452.425,4448.345,4448.425,4.0,-4.079999999999927,-1.0199999999999818,2.949999999999818,-4.520000000000437,sl,runner,1,2026-01-05
1767748200000,1767748200000,1767748250000,-1,4475.424999999999,4472.865,4479.424999999999,4.0,2.5599999999994907,0.6399999999998727,4.639999999999418,-1.1700000000009823,trail,runner,1,2026-01-07
1767748500000,1767748500000,1767748540000,-1,4470.634999999999,4474.714999999999,4474.634999999999,4.0,-4.079999999999927,-1.0199999999999818,-0.9800000000004729,-4.530000000000655,sl,runner,1,2026-01-07
1767765000000,1767765000000,1767765400000,-1,4447.625,4451.705,4451.625,4.0,-4.079999999999927,-1.0199999999999818,0.8699999999998909,-4.360000000000582,sl,runner,1,2026-01-07
1767798900000,1767798900000,1767798940000,-1,4426.405,4430.485,4430.405,4.0,-4.079999999999927,-1.0199999999999818,0.2999999999992724,-4.100000000000364,sl,runner,1,2026-01-07
1767799200000,1767799200000,1767799240000,-1,4424.697999999999,4428.777999999999,4428.697999999999,4.0,-4.079999999999927,-1.0199999999999818,-0.28700000000117143,-5.374000000000706,sl,runner,1,2026-01-07
1767851100000,1767851100000,1767851200000,-1,4418.365,4422.445,4422.365,4.0,-4.079999999999927,-1.0199999999999818,1.9899999999997817,-4.039999999999964,sl,runner,1,2026-01-08
1767883800000,1767883800000,1767883860000,1,4436.875,4432.795,4432.875,4.0,-4.079999999999927,-1.0199999999999818,2.2600000000002183,-4.180000000000291,sl,runner,1,2026-01-08
1767965700000,1767965700000,1767965750000,1,4487.465,4483.385,4483.465,4.0,-4.079999999999927,-1.0199999999999818,0.8229999999994106,-4.087000000000444,sl,runner,1,2026-01-09
1767966000000,1767966000000,1767966090000,1,4489.175,4485.095,4485.175,4.0,-4.079999999999927,-1.0199999999999818,2.369999999999891,-5.347000000000662,sl,runner,1,2026-01-09
1768173000000,1768173000000,1768173040000,1,4530.235000000001,4526.155000000001,4526.235000000001,4.0,-4.079999999999927,-1.0199999999999818,-1.340000000001055,-4.410000000000764,sl,runner,1,2026-01-12
1768173300000,1768173300000,1768174000000,1,4531.005,4533.8679999999995,4527.005,4.0,2.8629999999993743,0.7157499999998436,4.9429999999993015,-1.9000000000005457,trail,runner,1,2026-01-12
1768178100000,1768178100000,1768178220000,1,4575.135,4579.015,4571.135,4.0,3.880000000000109,0.9700000000000273,5.960000000000036,-3.0800000000008367,trail,runner,1,2026-01-12
1768178400000,1768178400000,1768178480000,1,4587.245000000001,4583.165000000001,4583.245000000001,4.0,-4.079999999999927,-1.0199999999999818,1.0299999999988358,-4.400000000000546,sl,runner,1,2026-01-12
1768178700000,1768178700000,1768178780000,1,4592.202,4588.122,4588.202,4.0,-4.079999999999927,-1.0199999999999818,1.7329999999992651,-4.467000000000553,sl,runner,1,2026-01-12
1768179000000,1768179000000,1768179140000,1,4596.152,4592.072,4592.152,4.0,-4.079999999999927,-1.0199999999999818,0.6329999999998108,-4.8770000000004075,sl,runner,1,2026-01-12
1768179300000,1768179300000,1768179370000,1,4600.032,4595.952,4596.032,4.0,-4.079999999999927,-1.0199999999999818,0.9659999999994398,-4.977000000000771,sl,runner,1,2026-01-12
1768259700000,1768259700000,1768259720000,-1,4577.905,4581.985,4581.905,4.0,-4.079999999999927,-1.0199999999999818,-1.2600000000002183,-4.5770000000002256,sl,runner,1,2026-01-13
1768311300000,1768311300000,1768311440000,1,4614.165,4610.085,4610.165,4.0,-4.079999999999927,-1.0199999999999818,1.76299999999992,-4.386999999999716,sl,runner,1,2026-01-13
1768311900000,1768311900000,1768312330000,1,4618.325000000001,4614.245000000001,4614.325000000001,4.0,-4.079999999999927,-1.0199999999999818,2.172999999998865,-4.510000000001128,sl,runner,1,2026-01-13
1768315500000,1768315500000,1768315740000,1,4626.505,4631.385,4622.505,4.0,4.880000000000109,1.2200000000000273,6.960000000000036,-2.0570000000006985,trail,runner,1,2026-01-13
1768315800000,1768315800000,1768315840000,1,4634.335,4630.255,4630.335,4.0,-4.079999999999927,-1.0199999999999818,-0.1000000000003638,-4.1469999999999345,sl,runner,1,2026-01-13
1768401600000,1768401600000,1768401640000,-1,4618.295,4622.375,4622.295,4.0,-4.079999999999927,-1.0199999999999818,0.6300000000001091,-5.417000000000371,sl,runner,1,2026-01-14
1768402200000,1768402200000,1768402290000,-1,4607.325,4611.405,4611.325,4.0,-4.079999999999927,-1.0199999999999818,-0.12000000000080036,-4.860000000000582,sl,runner,1,2026-01-14
1768403100000,1768403100000,1768403200000,-1,4605.315,4609.3949999999995,4609.315,4.0,-4.079999999999927,-1.0199999999999818,1.6629999999995562,-5.260000000000218,sl,runner,1,2026-01-14
1768432200000,1768432200000,1768432220000,-1,4611.848,4615.928,4615.848,4.0,-4.079999999999927,-1.0199999999999818,-1.154000000000451,-4.354000000000269,sl,runner,1,2026-01-15
1768440900000,1768440900000,1768440950000,-1,4591.245,4595.325,4595.245,4.0,-4.079999999999927,-1.0199999999999818,0.09000000000014552,-4.957000000000335,sl,runner,1,2026-01-15
1768484400000,1768484400000,1768484690000,-1,4593.485,4590.675,4597.485,4.0,2.8099999999994907,0.7024999999998727,4.889999999999418,-2.2500000000009095,trail,runner,1,2026-01-15
1768484700000,1768484700000,1768484870000,-1,4589.6449999999995,4584.575,4593.6449999999995,4.0,5.069999999999709,1.2674999999999272,7.149999999999636,-1.0400000000008731,trail,runner,1,2026-01-15
1768485000000,1768485000000,1768485030000,-1,4587.655,4591.735,4591.655,4.0,-4.079999999999927,-1.0199999999999818,-0.33000000000083674,-4.490000000000691,sl,runner,1,2026-01-15
1768569600000,1768569600000,1768569780000,-1,4587.165,4591.245,4591.165,4.0,-4.079999999999927,-1.0199999999999818,3.9899999999997817,-4.350000000000364,sl,runner,1,2026-01-16
1768577400000,1768577400000,1768577410000,-1,4564.724999999999,4568.804999999999,4568.724999999999,4.0,-4.079999999999927,-1.0199999999999818,-0.3000000000010914,-6.260000000001128,sl,runner,1,2026-01-16
1768577700000,1768577700000,1768577720000,-1,4543.714999999999,4541.432,4547.714999999999,4.0,2.282999999999447,0.5707499999998618,4.7629999999990105,-1.2200000000011642,trail,runner,1,2026-01-16
1768777500000,1768777500000,1768777510000,1,4650.402,4646.322,4646.402,4.0,-4.079999999999927,-1.0199999999999818,-2.2539999999999054,-4.427000000000589,sl,runner,1,2026-01-19
1768777800000,1768777800000,1768778150000,1,4655.852000000001,4657.575,4651.852000000001,4.0,1.7229999999990468,0.4307499999997617,5.102999999999156,-2.754000000000815,trail,runner,1,2026-01-19
1768778400000,1768778400000,1768778420000,1,4664.402,4660.322,4660.402,4.0,-4.079999999999927,-1.0199999999999818,-1.2269999999998618,-4.137000000000626,sl,runner,1,2026-01-19
1768778700000,1768778700000,1768778950000,1,4673.885,4681.585,4669.885,4.0,7.699999999999818,1.9249999999999545,9.779999999999745,-2.1500000000005457,trail,runner,1,2026-01-19
1768779000000,1768779000000,1768779130000,1,4679.655000000001,4682.875,4675.655000000001,4.0,3.219999999999345,0.8049999999998363,5.299999999999272,-2.090000000001055,trail,runner,1,2026-01-19
1768958100000,1768958100000,1768958400000,1,4808.275000000001,4811.495,4804.275000000001,4.0,3.219999999999345,0.8049999999998363,5.299999999999272,-3.5100000000011278,trail,runner,1,2026-01-21
1768958400000,1768958400000,1768958730000,1,4813.652,4816.6449999999995,4809.652,4.0,2.9929999999994834,0.7482499999998709,5.072999999999411,-3.467000000000553,trail,runner,1,2026-01-21
1768959000000,1768959000000,1768959050000,1,4828.1050000000005,4833.325,4824.1050000000005,4.0,5.219999999999345,1.3049999999998363,8.209999999999127,-1.0700000000006185,trail,runner,1,2026-01-21
1768960500000,1768960500000,1768960510000,1,4844.555,4840.475,4840.555,4.0,-4.079999999999927,-1.0199999999999818,-0.680000000000291,-4.550000000000182,sl,runner,1,2026-01-21
1769004300000,1769004300000,1769004320000,-1,4852.275,4851.075,4856.275,4.0,1.199999999999818,0.2999999999999545,10.489999999999782,-3.410000000000764,trail,runner,1,2026-01-21
1769008800000,1769008800000,1769008910000,-1,4830.974999999999,4825.415,4834.974999999999,4.0,5.559999999999491,1.3899999999998727,8.679999999999382,-2.3770000000004075,trail,runner,1,2026-01-21
1769009100000,1769009100000,1769009120000,-1,4817.105,4821.1849999999995,4821.105,4.0,-4.079999999999927,-1.0199999999999818,0.02999999999974534,-5.604000000000269,sl,runner,1,2026-01-21
1769016900000,1769016900000,1769016950000,-1,4806.884999999999,4810.964999999999,4810.884999999999,4.0,-4.079999999999927,-1.0199999999999818,-0.27000000000043656,-4.8700000000008,sl,runner,1,2026-01-21
1769024400000,1769024400000,1769024440000,-1,4773.155,4777.235,4777.155,4.0,-4.079999999999927,-1.0199999999999818,3.949999999999818,-5.130000000000109,sl,runner,1,2026-01-21
1769024700000,1769024700000,1769024720000,-1,4765.585,4769.665,4769.585,4.0,-4.079999999999927,-1.0199999999999818,1.9329999999999927,-6.400000000000546,sl,runner,1,2026-01-21
1769096100000,1769096100000,1769096420000,1,4864.0650000000005,4859.985000000001,4860.0650000000005,4.0,-4.079999999999927,-1.0199999999999818,1.519999999999527,-4.630000000001019,sl,runner,1,2026-01-22
1769102700000,1769102700000,1769102900000,1,4888.3550000000005,4891.565,4884.3550000000005,4.0,3.209999999999127,0.8024999999997817,5.289999999999054,-2.290000000000873,trail,runner,1,2026-01-22
1769103300000,1769103300000,1769103440000,1,4896.185,4892.1050000000005,4892.185,4.0,-4.079999999999927,-1.0199999999999818,0.819999999999709,-4.430000000000291,sl,runner,1,2026-01-22
1769123400000,1769123400000,1769123520000,1,4956.902,4952.822,4952.902,4.0,-4.079999999999927,-1.0199999999999818,2.6829999999999927,-4.8270000000002256,sl,runner,1,2026-01-23
1769156700000,1769156700000,1769156770000,-1,4920.665,4915.635,4924.665,4.0,5.029999999999745,1.2574999999999363,7.109999999999673,-0.9899999999997817,trail,runner,1,2026-01-23
1769157000000,1769157000000,1769157040000,-1,4913.1849999999995,4917.264999999999,4917.1849999999995,4.0,-4.079999999999927,-1.0199999999999818,-0.6000000000003638,-4.220000000000255,sl,runner,1,2026-01-23
1769179800000,1769179800000,1769180150000,1,4954.125,4950.045,4950.125,4.0,-4.079999999999927,-1.0199999999999818,2.149999999999636,-4.3100000000004,sl,runner,1,2026-01-23
1769185200000,1769185200000,1769185670000,1,4979.965,4984.235,4975.965,4.0,4.269999999999527,1.0674999999998818,6.349999999999454,-2.4000000000005457,trail,runner,1,2026-01-23
1769382300000,1769382300000,1769382310000,1,5015.052000000001,5010.972000000001,5011.052000000001,4.0,-4.079999999999927,-1.0199999999999818,-1.754000000000815,-4.647000000000844,sl,runner,1,2026-01-26
1769383200000,1769383200000,1769383340000,1,5029.602000000001,5025.522000000001,5025.602000000001,4.0,-4.079999999999927,-1.0199999999999818,1.0929999999989377,-4.877000000001317,sl,runner,1,2026-01-26
1769385000000,1769385000000,1769385360000,1,5034.485000000001,5037.565,5030.485000000001,4.0,3.0799999999990177,0.7699999999997544,5.159999999998945,-2.9500000000007276,trail,runner,1,2026-01-26
1769390100000,1769390100000,1769390340000,1,5058.405000000001,5063.855,5054.405000000001,4.0,5.449999999998909,1.3624999999997272,7.529999999998836,-2.0600000000004,trail,runner,1,2026-01-26
1769390400000,1769390400000,1769390740000,1,5063.1050000000005,5071.015,5059.1050000000005,4.0,7.9099999999998545,1.9774999999999636,9.989999999999782,-1.5700000000006185,trail,runner,1,2026-01-26
1769391000000,1769391000000,1769391190000,1,5074.955,5078.405,5070.955,4.0,3.449999999999818,0.8624999999999545,5.529999999999745,-3.300000000000182,trail,runner,1,2026-01-26
1769391300000,1769391300000,1769391390000,1,5084.405000000001,5080.325000000001,5080.405000000001,4.0,-4.079999999999927,-1.0199999999999818,0.8999999999987267,-4.420000000000982,sl,runner,1,2026-01-26
1769394300000,1769394300000,1769394690000,1,5088.0650000000005,5090.655,5084.0650000000005,4.0,2.589999999999236,0.647499999999809,4.669999999999163,-3.600000000000364,trail,runner,1,2026-01-26
1769410200000,1769410200000,1769410330000,1,5107.485000000001,5103.405000000001,5103.485000000001,4.0,-4.079999999999927,-1.0199999999999818,3.3499999999994543,-5.280000000000655,sl,runner,1,2026-01-26
1769432700000,1769432700000,1769432970000,-1,5074.054999999999,5078.134999999999,5078.054999999999,4.0,-4.079999999999927,-1.0199999999999818,2.589999999999236,-4.510000000001128,sl,runner,1,2026-01-26
1769434500000,1769434500000,1769434840000,-1,5063.014999999999,5067.094999999999,5067.014999999999,4.0,-4.079999999999927,-1.0199999999999818,2.8199999999987995,-4.360000000000582,sl,runner,1,2026-01-26
1769453100000,1769453100000,1769453120000,-1,5063.9349999999995,5068.014999999999,5067.9349999999995,4.0,-4.079999999999927,-1.0199999999999818,-0.23000000000047294,-5.867000000001099,sl,runner,1,2026-01-26
1769454300000,1769454300000,1769454330000,-1,5045.554999999999,5049.634999999999,5049.554999999999,4.0,-4.079999999999927,-1.0199999999999818,0.4499999999989086,-4.900000000000546,sl,runner,1,2026-01-26
1769455500000,1769455500000,1769455510000,-1,5021.625,5025.705,5025.625,4.0,-4.079999999999927,-1.0199999999999818,-0.9099999999998545,-5.529999999999745,sl,runner,1,2026-01-26
1769457000000,1769457000000,1769457040000,-1,5017.714999999999,5014.725,5021.714999999999,4.0,2.9899999999988722,0.7474999999997181,5.479999999998654,-2.520000000001346,trail,runner,1,2026-01-26
1769463600000,1769463600000,1769463620000,-1,5000.697999999999,5004.777999999999,5004.697999999999,4.0,-4.079999999999927,-1.0199999999999818,0.6259999999992942,-5.923000000000684,sl,runner,1,2026-01-26
1769476500000,1769476500000,1769476560000,1,5072.125,5068.045,5068.125,4.0,-4.079999999999927,-1.0199999999999818,3.4600000000000364,-4.527000000000044,sl,runner,1,2026-01-27
1769499300000,1769499300000,1769499330000,1,5096.825000000001,5092.745000000001,5092.825000000001,4.0,-4.079999999999927,-1.0199999999999818,-0.590000000001055,-4.660000000000764,sl,runner,1,2026-01-27
1769523600000,1769523600000,1769523630000,-1,5054.6449999999995,5058.724999999999,5058.6449999999995,4.0,-4.079999999999927,-1.0199999999999818,1.2929999999996653,-5.907000000001062,sl,runner,1,2026-01-27
1769544300000,1769544300000,1769544380000,1,5119.495000000001,5115.415000000001,5115.495000000001,4.0,-4.079999999999927,-1.0199999999999818,3.802999999998974,-4.780000000000655,sl,runner,1,2026-01-27
1769544600000,1769544600000,1769544680000,1,5126.045,5135.595,5122.045,4.0,9.550000000000182,2.3875000000000455,12.30999999999949,-2.837000000000444,trail,runner,1,2026-01-27
1769544900000,1769544900000,1769544920000,1,5142.215,5138.135,5138.215,4.0,-4.079999999999927,-1.0199999999999818,-0.21000000000003638,-7.550000000000182,sl,runner,1,2026-01-27
1769547000000,1769547000000,1769547060000,1,5161.272,5157.192,5157.272,4.0,-4.079999999999927,-1.0199999999999818,2.643000000000029,-8.667000000000371,sl,runner,1,2026-01-27
1769547300000,1769547300000,1769547330000,1,5177.375,5178.885,5173.375,4.0,1.5100000000002183,0.37750000000005457,4.220000000000255,-3.4000000000005457,trail,runner,1,2026-01-27
1769550600000,1769550600000,1769550630000,1,5190.125,5186.045,5186.125,4.0,-4.079999999999927,-1.0199999999999818,-1.1400000000003274,-6.0,sl,runner,1,2026-01-27
1769562600000,1769562600000,1769562620000,1,5197.465,5193.385,5193.465,4.0,-4.079999999999927,-1.0199999999999818,-0.7000000000007276,-5.140000000000327,sl,runner,1,2026-01-28
1769564700000,1769564700000,1769564740000,1,5216.035000000001,5218.345,5212.035000000001,4.0,2.3099999999994907,0.5774999999998727,4.519999999998618,-0.840000000001055,trail,runner,1,2026-01-28
1769565000000,1769565000000,1769565120000,1,5221.265,5217.185,5217.265,4.0,-4.079999999999927,-1.0199999999999818,3.6699999999991633,-4.330000000000837,sl,runner,1,2026-01-28
1769569500000,1769569500000,1769569640000,1,5237.165,5239.585,5233.165,4.0,2.4200000000000728,0.6050000000000182,4.5,-0.9899999999997817,trail,runner,1,2026-01-28
1769579100000,1769579100000,1769579130000,1,5265.325000000001,5261.245000000001,5261.325000000001,4.0,-4.079999999999927,-1.0199999999999818,-0.7400000000006912,-4.410000000000764,sl,runner,1,2026-01-28
1769589300000,1769589300000,1769589490000,1,5305.885,5301.805,5301.885,4.0,-4.079999999999927,-1.0199999999999818,0.7599999999993088,-5.100000000000364,sl,runner,1,2026-01-28
1769598300000,1769598300000,1769598310000,-1,5243.3949999999995,5247.474999999999,5247.3949999999995,4.0,-4.079999999999927,-1.0199999999999818,-0.6400000000003274,-6.590000000001055,sl,runner,1,2026-01-28
1769612700000,1769612700000,1769612840000,1,5294.265,5290.185,5290.265,4.0,-4.079999999999927,-1.0199999999999818,3.3799999999991996,-9.86700000000019,sl,runner,1,2026-01-28
1769619600000,1769619600000,1769619640000,1,5300.285000000001,5302.224999999999,5296.285000000001,4.0,1.9399999999986903,0.4849999999996726,4.019999999998618,-0.7500000000009095,trail,runner,1,2026-01-28
1769619900000,1769619900000,1769619990000,1,5302.635,5298.555,5298.635,4.0,-4.079999999999927,-1.0199999999999818,0.8599999999996726,-4.980000000000473,sl,runner,1,2026-01-28
1769624400000,1769624400000,1769624510000,1,5310.885,5317.745,5306.885,4.0,6.859999999999673,1.7149999999999181,8.9399999999996,-0.897000000000844,trail,runner,1,2026-01-28
1769624700000,1769624700000,1769624780000,1,5321.795,5317.715,5317.795,4.0,-4.079999999999927,-1.0199999999999818,1.25,-5.520000000000437,sl,runner,1,2026-01-28
1769630700000,1769630700000,1769630780000,1,5332.675,5336.445,5328.675,4.0,3.769999999999527,0.9424999999998818,5.849999999999454,-2.0399999999999636,trail,runner,1,2026-01-28
1769632200000,1769632200000,1769632240000,1,5355.115000000001,5359.655,5351.115000000001,4.0,4.539999999999054,1.1349999999997635,6.619999999998981,-2.3300000000008367,trail,runner,1,2026-01-28
1769632500000,1769632500000,1769632590000,1,5359.885,5368.075,5355.885,4.0,8.1899999999996,2.0474999999999,10.269999999999527,-1.550000000000182,trail,runner,1,2026-01-28
1769632800000,1769632800000,1769632940000,1,5376.895,5383.9349999999995,5372.895,4.0,7.039999999999054,1.7599999999997635,9.349999999999454,-2.680000000000291,trail,runner,1,2026-01-28
1769633100000,1769633100000,1769633120000,1,5384.475,5380.395,5380.475,4.0,-4.079999999999927,-1.0199999999999818,0.6599999999998545,-4.490000000000691,sl,runner,1,2026-01-28
1769634600000,1769634600000,1769634680000,1,5392.615000000001,5388.535000000001,5388.615000000001,4.0,-4.079999999999927,-1.0199999999999818,1.9499999999989086,-4.830000000000837,sl,runner,1,2026-01-28
1769637000000,1769637000000,1769637020000,1,5399.875,5395.795,5395.875,4.0,-4.079999999999927,-1.0199999999999818,-0.9499999999998181,-5.630000000000109,sl,runner,1,2026-01-28
1769637300000,1769637300000,1769637370000,1,5409.235000000001,5413.305,5405.235000000001,4.0,4.069999999999709,1.0174999999999272,6.149999999999636,-1.8700000000008004,trail,runner,1,2026-01-28
1769641500000,1769641500000,1769641520000,1,5441.982,5437.902,5437.982,4.0,-4.079999999999927,-1.0199999999999818,1.212999999999738,-6.1840000000001965,sl,runner,1,2026-01-29
1769642100000,1769642100000,1769642190000,1,5475.702,5486.3949999999995,5471.702,4.0,10.692999999999302,2.6732499999998254,13.472999999999956,-2.6870000000008076,trail,runner,1,2026-01-29
1769642400000,1769642400000,1769642430000,1,5493.275000000001,5489.195000000001,5489.275000000001,4.0,-4.079999999999927,-1.0199999999999818,0.039999999999054126,-5.960000000000946,sl,runner,1,2026-01-29
1769643300000,1769643300000,1769643390000,1,5502.421,5513.775,5498.421,4.0,11.35399999999936,2.83849999999984,13.813999999999396,-2.6460000000006403,trail,runner,1,2026-01-29
1769643600000,1769643600000,1769643610000,1,5591.402,5587.322,5587.402,4.0,-4.079999999999927,-1.0199999999999818,-1.1170000000001892,-17.317000000000007,sl,runner,1,2026-01-29
1769661300000,1769661300000,1769661690000,1,5562.505,5558.425,5558.505,4.0,-4.079999999999927,-1.0199999999999818,1.7799999999997453,-5.200000000000728,sl,runner,1,2026-01-29
1769666700000,1769666700000,1769666920000,1,5583.505,5585.835,5579.505,4.0,2.3299999999999272,0.5824999999999818,4.4399999999996,-2.2070000000003347,trail,runner,1,2026-01-29
1769667000000,1769667000000,1769667070000,1,5587.4710000000005,5583.3910000000005,5583.4710000000005,4.0,-4.079999999999927,-1.0199999999999818,0.38399999999910506,-4.846000000000458,sl,runner,1,2026-01-29
1769676000000,1769676000000,1769676010000,-1,5511.474999999999,5515.554999999999,5515.474999999999,4.0,-4.079999999999927,-1.0199999999999818,-0.9700000000011642,-4.740000000000691,sl,runner,1,2026-01-29
1769676300000,1769676300000,1769676320000,-1,5482.6849999999995,5481.985,5486.6849999999995,4.0,0.6999999999998181,0.17499999999995453,5.759999999999309,-1.667000000000371,trail,runner,1,2026-01-29
1769697000000,1769697000000,1769697010000,1,5544.225,5540.145,5540.225,4.0,-4.079999999999927,-1.0199999999999818,0.8729999999995925,-5.277000000000953,sl,runner,1,2026-01-29
1769699100000,1769699100000,1769699110000,-1,5458.125,5462.205,5462.125,4.0,-4.079999999999927,-1.0199999999999818,-0.027000000000043656,-8.13000000000011,sl,runner,1,2026-01-29
1769699400000,1769699400000,1769699420000,-1,5414.905,5405.585,5418.905,4.0,9.319999999999709,2.3299999999999272,13.302999999999884,-1.9900000000006912,trail,runner,1,2026-01-29
1769699700000,1769699700000,1769699710000,-1,5383.674999999999,5387.754999999999,5387.674999999999,4.0,-4.079999999999927,-1.0199999999999818,9.522999999999229,-4.637000000000626,sl,runner,1,2026-01-29
1769700000000,1769700000000,1769700010000,-1,5332.048,5336.128,5336.048,4.0,-4.079999999999927,-1.0199999999999818,4.345999999999549,-6.507000000000517,sl,runner,1,2026-01-29
1769700600000,1769700600000,1769700610000,-1,5188.697999999999,5192.777999999999,5192.697999999999,4.0,-4.079999999999927,-1.0199999999999818,13.545999999999367,-10.477000000000771,sl,runner,1,2026-01-29
1769720100000,1769720100000,1769720120000,1,5391.125,5393.075,5387.125,4.0,1.949999999999818,0.4874999999999545,4.949999999999818,-1.949999999999818,trail,runner,1,2026-01-29
1769722200000,1769722200000,1769722210000,1,5412.345,5408.265,5408.345,4.0,-4.079999999999927,-1.0199999999999818,-0.43000000000029104,-10.29700000000048,sl,runner,1,2026-01-29
1769728200000,1769728200000,1769728210000,1,5439.602000000001,5435.522000000001,5435.602000000001,4.0,-4.079999999999927,-1.0199999999999818,-2.3540000000011787,-4.4870000000009895,sl,runner,1,2026-01-30
1769738400000,1769738400000,1769738430000,-1,5299.998,5293.5650000000005,5303.998,4.0,6.432999999999083,1.6082499999997708,16.782999999999447,-2.657000000000153,trail,runner,1,2026-01-30
1769739000000,1769739000000,1769739010000,-1,5272.098999999999,5276.178999999999,5276.098999999999,4.0,-4.079999999999927,-1.0199999999999818,0.6239999999988868,-4.08600000000115,sl,runner,1,2026-01-30
1769739300000,1769739300000,1769739310000,-1,5211.197999999999,5215.277999999999,5215.197999999999,4.0,-4.079999999999927,-1.0199999999999818,9.712999999998829,-4.477000000000771,sl,runner,1,2026-01-30
1769739600000,1769739600000,1769739610000,-1,5145.498,5149.5779999999995,5149.498,4.0,-4.079999999999927,-1.0199999999999818,-2.787000000000262,-20.72700000000077,sl,runner,1,2026-01-30
1769762100000,1769762100000,1769762130000,-1,5077.355,5059.935,5081.355,4.0,17.419999999999163,4.354999999999791,20.102999999999156,-2.4660000000003492,trail,runner,1,2026-01-30
1769764500000,1769764500000,1769764510000,-1,5027.315,5031.3949999999995,5031.315,4.0,-4.079999999999927,-1.0199999999999818,2.662999999999556,-8.637000000000626,sl,runner,1,2026-01-30
1769766300000,1769766300000,1769766310000,-1,4974.777999999999,4978.857999999999,4978.777999999999,4.0,-4.079999999999927,-1.0199999999999818,-1.4740000000010696,-11.85700000000088,sl,runner,1,2026-01-30
1769785500000,1769785500000,1769785510000,-1,4984.525,4988.605,4988.525,4.0,-4.079999999999927,-1.0199999999999818,3.1729999999997744,-5.027000000000953,sl,runner,1,2026-01-30
1769791200000,1769791200000,1769791210000,-1,4972.1849999999995,4976.264999999999,4976.1849999999995,4.0,-4.079999999999927,-1.0199999999999818,-0.7670000000007349,-8.720000000000255,sl,runner,1,2026-01-30
1769793000000,1769793000000,1769793020000,-1,4930.884999999999,4934.964999999999,4934.884999999999,4.0,-4.079999999999927,-1.0199999999999818,1.3329999999987194,-6.300000000001091,sl,runner,1,2026-01-30
1769793300000,1769793300000,1769793310000,-1,4914.545,4918.625,4918.545,4.0,-4.079999999999927,-1.0199999999999818,3.842999999999847,-4.806999999999789,sl,runner,1,2026-01-30
1769794800000,1769794800000,1769794810000,-1,4888.397999999999,4892.477999999999,4892.397999999999,4.0,-4.079999999999927,-1.0199999999999818,-1.7270000000007713,-4.617000000001099,sl,runner,1,2026-01-30
1769795100000,1769795100000,1769795110000,-1,4858.308,4862.388,4862.308,4.0,-4.079999999999927,-1.0199999999999818,-2.3469999999997526,-11.447000000000116,sl,runner,1,2026-01-30
1769795700000,1769795700000,1769795710000,-1,4812.348,4816.428,4816.348,4.0,-4.079999999999927,-1.0199999999999818,-0.5770000000002256,-8.907000000000153,sl,runner,1,2026-01-30
1769797200000,1769797200000,1769797210000,-1,4755.985,4760.065,4759.985,4.0,-4.079999999999927,-1.0199999999999818,-2.587000000000444,-19.2470000000003,sl,runner,1,2026-01-30
1769797500000,1769797500000,1769797510000,-1,4716.665,4720.745,4720.665,4.0,-4.079999999999927,-1.0199999999999818,-1.8270000000002256,-16.800000000000182,sl,runner,1,2026-01-30
1769994600000,1769994600000,1769994610000,-1,4653.855,4658.002,4657.855,4.0,-4.147000000000844,-1.036750000000211,10.662999999999556,-10.227000000000771,sl,runner,1,2026-02-02
1769994900000,1769994900000,1769994910000,-1,4641.695,4646.5650000000005,4645.695,4.0,-4.8700000000008,-1.2175000000002,-3.907000000000153,-23.407000000000153,sl,runner,1,2026-02-02
1770011100000,1770011100000,1770011110000,-1,4573.998,4578.0779999999995,4577.998,4.0,-4.079999999999927,-1.0199999999999818,-1.7140000000008513,-7.1140000000004875,sl,runner,1,2026-02-02
1770011400000,1770011400000,1770011410000,-1,4549.697999999999,4556.595,4553.697999999999,4.0,-6.897000000000844,-1.724250000000211,-4.304000000000997,-14.727000000000771,sl,runner,1,2026-02-02
1770013500000,1770013500000,1770013510000,-1,4466.947999999999,4471.865,4470.947999999999,4.0,-4.917000000000371,-1.2292500000000928,-3.217000000000553,-11.537000000001171,sl,runner,1,2026-02-02
1770014400000,1770014400000,1770014410000,-1,4405.065,4409.1449999999995,4409.065,4.0,-4.079999999999927,-1.0199999999999818,-0.8370000000004438,-8.837000000000444,sl,runner,1,2026-02-02
1770024600000,1770024600000,1770024610000,1,4691.462,4687.3820000000005,4687.462,4.0,-4.079999999999927,-1.0199999999999818,-1.454000000000633,-4.657000000001062,sl,runner,1,2026-02-02
1770025800000,1770025800000,1770025810000,1,4718.465,4714.385,4714.465,4.0,-4.079999999999927,-1.0199999999999818,-2.4470000000001164,-5.5570000000006985,sl,runner,1,2026-02-02
1770030900000,1770030900000,1770030950000,1,4750.285000000001,4746.205000000001,4746.285000000001,4.0,-4.079999999999927,-1.0199999999999818,2.3199999999987995,-9.070000000000618,sl,runner,1,2026-02-02
1770031200000,1770031200000,1770031210000,1,4754.405000000001,4750.325000000001,4750.405000000001,4.0,-4.079999999999927,-1.0199999999999818,-0.5070000000005166,-5.407000000001062,sl,runner,1,2026-02-02
1770031500000,1770031500000,1770031510000,1,4758.435,4754.3550000000005,4754.435,4.0,-4.079999999999927,-1.0199999999999818,-1.9870000000009895,-6.150000000000546,sl,runner,1,2026-02-02
1770032400000,1770032400000,1770032410000,1,4774.585,4770.505,4770.585,4.0,-4.079999999999927,-1.0199999999999818,-1.1370000000006257,-4.360000000000582,sl,runner,1,2026-02-02
1770035100000,1770035100000,1770035130000,1,4783.452,4779.372,4779.452,4.0,-4.079999999999927,-1.0199999999999818,0.76299999999992,-5.017000000000735,sl,runner,1,2026-02-02
1770036300000,1770036300000,1770036340000,1,4799.415,4802.055,4795.415,4.0,2.6400000000003274,0.6600000000000819,5.489999999999782,-3.8299999999999272,trail,runner,1,2026-02-02
1770047700000,1770047700000,1770047730000,-1,4641.764999999999,4643.532,4645.764999999999,4.0,-1.7670000000007349,-0.4417500000001837,5.552999999998974,-3.2870000000011714,trail,runner,1,2026-02-02
1770048000000,1770048000000,1770048020000,-1,4619.134999999999,4623.214999999999,4623.134999999999,4.0,-4.079999999999927,-1.0199999999999818,-0.6170000000010987,-4.017000000000735,sl,runner,1,2026-02-02
1770073800000,1770073800000,1770073810000,1,4719.402,4715.322,4715.402,4.0,-4.079999999999927,-1.0199999999999818,-3.1469999999999345,-4.154000000000451,sl,runner,1,2026-02-03
1770074400000,1770074400000,1770074410000,1,4743.252,4739.1720000000005,4739.252,4.0,-4.079999999999927,-1.0199999999999818,-1.667000000000371,-7.597000000000662,sl,runner,1,2026-02-03
1770074700000,1770074700000,1770074740000,1,4759.755,4755.675,4755.755,4.0,-4.079999999999927,-1.0199999999999818,0.8400000000001455,-5.6599999999998545,sl,runner,1,2026-02-03
1770076500000,1770076500000,1770076570000,1,4764.822,4769.125,4760.822,4.0,4.302999999999884,1.075749999999971,6.382999999999811,-3.537000000000262,trail,runner,1,2026-02-03
1770076800000,1770076800000,1770076830000,1,4775.6050000000005,4779.545,4771.6050000000005,4.0,3.9399999999996,0.9849999999999,6.019999999999527,-2.4000000000005457,trail,runner,1,2026-02-03
1770077100000,1770077100000,1770077110000,1,4795.905000000001,4791.825000000001,4791.905000000001,4.0,-4.079999999999927,-1.0199999999999818,-1.0600000000004002,-9.970000000001164,sl,runner,1,2026-02-03
1770078000000,1770078000000,1770078010000,1,4811.685,4807.6050000000005,4807.685,4.0,-4.079999999999927,-1.0199999999999818,-1.8300000000008367,-7.4870000000009895,sl,runner,1,2026-02-03
1770078300000,1770078300000,1770078350000,1,4816.8550000000005,4819.625,4812.8550000000005,4.0,2.769999999999527,0.6924999999998818,5.989999999999782,-2.9400000000005093,trail,runner,1,2026-02-03
1770081600000,1770081600000,1770081610000,1,4841.602000000001,4837.522000000001,4837.602000000001,4.0,-4.079999999999927,-1.0199999999999818,-2.1240000000007058,-4.614000000001397,sl,runner,1,2026-02-03
1770099300000,1770099300000,1770099490000,1,4843.695000000001,4850.815,4839.695000000001,4.0,7.119999999998981,1.7799999999997453,9.199999999998909,-2.5800000000008367,trail,runner,1,2026-02-03
1770099600000,1770099600000,1770099620000,1,4858.042,4858.625,4854.042,4.0,0.5829999999996289,0.14574999999990723,4.292999999999665,-1.717000000000553,trail,runner,1,2026-02-03
1770099900000,1770099900000,1770099990000,1,4862.081,4866.1449999999995,4858.081,4.0,4.063999999999396,1.015999999999849,6.143999999999323,-2.7960000000002765,trail,runner,1,2026-02-03
1770100200000,1770100200000,1770100220000,1,4872.245000000001,4868.165000000001,4868.245000000001,4.0,-4.079999999999927,-1.0199999999999818,-1.2200000000011642,-4.030000000000655,sl,runner,1,2026-02-03
1770100500000,1770100500000,1770100570000,1,4876.475,4872.395,4872.475,4.0,-4.079999999999927,-1.0199999999999818,1.819999999999709,-5.3400000000001455,sl,runner,1,2026-02-03
1770101100000,1770101100000,1770101210000,1,4892.235000000001,4888.155000000001,4888.235000000001,4.0,-4.079999999999927,-1.0199999999999818,1.2499999999990905,-7.980000000000473,sl,runner,1,2026-02-03
1770103800000,1770103800000,1770103890000,1,4900.875,4906.705,4896.875,4.0,5.829999999999927,1.4574999999999818,7.9099999999998545,-2.4600000000000364,trail,runner,1,2026-02-03
1770104100000,1770104100000,1770104210000,1,4918.505,4922.095,4914.505,4.0,3.5900000000001455,0.8975000000000364,5.670000000000073,-2.0399999999999636,trail,runner,1,2026-02-03
1770104400000,1770104400000,1770104480000,1,4931.735000000001,4927.655000000001,4927.735000000001,4.0,-4.079999999999927,-1.0199999999999818,1.519999999999527,-10.080000000000837,sl,runner,1,2026-02-03
1770106800000,1770106800000,1770106820000,1,4940.475,4936.395,4936.475,4.0,-4.079999999999927,-1.0199999999999818,-0.967000000000553,-6.017000000000735,sl,runner,1,2026-02-03
1770126300000,1770126300000,1770126400000,1,4942.365000000001,4948.705,4938.365000000001,4.0,6.339999999999236,1.584999999999809,8.419999999999163,-0.9900000000006912,trail,runner,1,2026-02-03
1770126600000,1770126600000,1770126640000,1,4946.225,4942.145,4942.225,4.0,-4.079999999999927,-1.0199999999999818,1.3699999999998909,-7.0700000000006185,sl,runner,1,2026-02-03
1770135600000,1770135600000,1770135760000,1,4968.522,4971.315,4964.522,4.0,2.7929999999996653,0.6982499999999163,4.8729999999995925,-3.0070000000005166,trail,runner,1,2026-02-03
1770136800000,1770136800000,1770136820000,1,4994.005,4989.925,4990.005,4.0,-4.079999999999927,-1.0199999999999818,-1.2970000000004802,-4.957000000000335,sl,runner,1,2026-02-03
1770145800000,1770145800000,1770145830000,-1,4880.955,4885.035,4884.955,4.0,-4.079999999999927,-1.0199999999999818,-0.9499999999998181,-10.150000000000546,sl,runner,1,2026-02-03
1770164100000,1770164100000,1770164160000,1,4987.775000000001,4991.265,4983.775000000001,4.0,3.4899999999997817,0.8724999999999454,6.222999999999047,-1.2400000000006912,trail,runner,1,2026-02-04
1770164400000,1770164400000,1770164420000,1,4995.575000000001,4991.495000000001,4991.575000000001,4.0,-4.079999999999927,-1.0199999999999818,-0.7600000000011278,-4.110000000000582,sl,runner,1,2026-02-04
1770166200000,1770166200000,1770166230000,1,5004.035000000001,4999.955000000001,5000.035000000001,4.0,-4.079999999999927,-1.0199999999999818,-0.520000000001346,-5.170000000000982,sl,runner,1,2026-02-04
1770166500000,1770166500000,1770166560000,1,5005.725,5011.865,5001.725,4.0,6.139999999999418,1.5349999999998545,8.399999999999636,-0.930000000000291,trail,runner,1,2026-02-04
1770166800000,1770166800000,1770166810000,1,5016.392000000001,5012.312000000001,5012.392000000001,4.0,-4.079999999999927,-1.0199999999999818,0.6129999999993743,-28.637000000000626,sl,runner,1,2026-02-04
1770167400000,1770167400000,1770167420000,1,5032.635,5035.035,5028.635,4.0,2.399999999999636,0.599999999999909,8.210000000000036,-1.8700000000008004,trail,runner,1,2026-02-04
1770167700000,1770167700000,1770167720000,1,5052.282,5048.202,5048.282,4.0,-4.079999999999927,-1.0199999999999818,0.41299999999955617,-4.923999999999978,sl,runner,1,2026-02-04
1770170700000,1770170700000,1770170750000,1,5059.481000000001,5055.401000000001,5055.481000000001,4.0,-4.079999999999927,-1.0199999999999818,-0.8360000000011496,-4.616000000000895,sl,runner,1,2026-02-04
1770176400000,1770176400000,1770176600000,1,5071.175,5067.095,5067.175,4.0,-4.079999999999927,-1.0199999999999818,0.38400000000001455,-4.3100000000004,sl,runner,1,2026-02-04
1770184200000,1770184200000,1770184400000,1,5089.842000000001,5085.762000000001,5085.842000000001,4.0,-4.079999999999927,-1.0199999999999818,0.2529999999997017,-4.957000000000335,sl,runner,1,2026-02-04
1770197700000,1770197700000,1770197720000,-1,5050.264999999999,5054.344999999999,5054.264999999999,4.0,-4.079999999999927,-1.0199999999999818,-1.186000000000604,-6.720000000001164,sl,runner,1,2026-02-04
1770200700000,1770200700000,1770200740000,-1,5042.275,5046.355,5046.275,4.0,-4.079999999999927,-1.0199999999999818,-0.930000000000291,-4.780000000000655,sl,runner,1,2026-02-04
1770204000000,1770204000000,1770204150000,-1,5029.504999999999,5026.631,5033.504999999999,4.0,2.873999999998887,0.7184999999997217,4.953999999998814,-3.2000000000007276,trail,runner,1,2026-02-04
1770216000000,1770216000000,1770216010000,-1,4981.474999999999,4985.554999999999,4985.474999999999,4.0,-4.079999999999927,-1.0199999999999818,1.7729999999992287,-4.600000000000364,sl,runner,1,2026-02-04
1770218700000,1770218700000,1770218710000,-1,4964.875,4968.955,4968.875,4.0,-4.079999999999927,-1.0199999999999818,-0.8670000000001892,-7.8770000000004075,sl,runner,1,2026-02-04
1770219300000,1770219300000,1770219310000,-1,4919.878,4923.958,4923.878,4.0,-4.079999999999927,-1.0199999999999818,1.3259999999991123,-7.257000000000517,sl,runner,1,2026-02-04
1770219600000,1770219600000,1770219620000,-1,4912.025,4908.1320000000005,4916.025,4.0,3.8929999999991196,0.9732499999997799,5.972999999999047,-8.170000000000982,trail,runner,1,2026-02-04
1770223800000,1770223800000,1770223810000,-1,4870.674999999999,4874.754999999999,4874.674999999999,4.0,-4.079999999999927,-1.0199999999999818,-0.16700000000128057,-7.037000000001171,sl,runner,1,2026-02-04
1770246300000,1770246300000,1770246360000,1,4996.402,4992.322,4992.402,4.0,-4.079999999999927,-1.0199999999999818,1.095999999999549,-7.143000000000029,sl,runner,1,2026-02-05
1770246900000,1770246900000,1770246910000,1,5010.992,5006.912,5006.992,4.0,-4.079999999999927,-1.0199999999999818,-1.8370000000004438,-6.48700000000008,sl,runner,1,2026-02-05
1770247800000,1770247800000,1770247840000,1,5020.675,5016.595,5016.675,4.0,-4.079999999999927,-1.0199999999999818,-1.6000000000003638,-4.360000000000582,sl,runner,1,2026-02-05
1770248700000,1770248700000,1770248910000,1,5023.185,5019.1050000000005,5019.185,4.0,-4.079999999999927,-1.0199999999999818,0.16999999999916326,-4.100000000000364,sl,runner,1,2026-02-05
1770257700000,1770257700000,1770257710000,-1,4913.964999999999,4918.044999999999,4917.964999999999,4.0,-4.079999999999927,-1.0199999999999818,-2.1370000000006257,-9.470000000001164,sl,runner,1,2026-02-05
1770259800000,1770259800000,1770259810000,-1,4850.998,4855.0779999999995,4854.998,4.0,-4.079999999999927,-1.0199999999999818,8.412999999999556,-5.103000000000975,sl,runner,1,2026-02-05
1770279300000,1770279300000,1770279470000,1,4941.365000000001,4937.285000000001,4937.365000000001,4.0,-4.079999999999927,-1.0199999999999818,1.7999999999992724,-4.840000000001055,sl,runner,1,2026-02-05
1770293700000,1770293700000,1770293740000,-1,4839.4349999999995,4843.514999999999,4843.4349999999995,4.0,-4.079999999999927,-1.0199999999999818,0.1999999999989086,-4.477000000000771,sl,runner,1,2026-02-05
1770294000000,1770294000000,1770294020000,-1,4819.589,4823.669,4823.589,4.0,-4.079999999999927,-1.0199999999999818,0.44399999999950523,-6.6159999999999854,sl,runner,1,2026-02-05
1770309900000,1770309900000,1770309930000,1,4879.195000000001,4875.115000000001,4875.195000000001,4.0,-4.079999999999927,-1.0199999999999818,2.889999999999418,-4.220000000001164,sl,runner,1,2026-02-05
1770310200000,1770310200000,1770310230000,1,4885.072,4897.611,4881.072,4.0,12.53899999999976,3.13474999999994,15.353000000000065,-1.4470000000001164,trail,runner,1,2026-02-05
1770310500000,1770310500000,1770310510000,1,4904.275000000001,4900.195000000001,4900.275000000001,4.0,-4.079999999999927,-1.0199999999999818,-1.230000000000473,-8.630000000001019,sl,runner,1,2026-02-05
1770324000000,1770324000000,1770324040000,-1,4809.714999999999,4813.794999999999,4813.714999999999,4.0,-4.079999999999927,-1.0199999999999818,1.409999999998945,-4.780000000000655,sl,runner,1,2026-02-05
1770324600000,1770324600000,1770324610000,-1,4803.474999999999,4807.554999999999,4807.474999999999,4.0,-4.079999999999927,-1.0199999999999818,-0.9800000000004729,-4.380000000001019,sl,runner,1,2026-02-05
1770324900000,1770324900000,1770324920000,-1,4800.795,4796.6050000000005,4804.795,4.0,4.1899999999996,1.0474999999999,7.279999999999745,-0.9899999999997817,trail,runner,1,2026-02-05
1770327300000,1770327300000,1770327310000,-1,4767.674999999999,4771.754999999999,4771.674999999999,4.0,-4.079999999999927,-1.0199999999999818,-0.38000000000101863,-4.040000000000873,sl,runner,1,2026-02-05
1770333900000,1770333900000,1770333910000,-1,4755.075,4759.155,4759.075,4.0,-4.079999999999927,-1.0199999999999818,-1.0399999999999636,-6.880000000000109,sl,runner,1,2026-02-06
1770334200000,1770334200000,1770334410000,-1,4751.315,4755.3949999999995,4755.315,4.0,-4.079999999999927,-1.0199999999999818,2.089999999999236,-5.490000000000691,sl,runner,1,2026-02-06
1770334800000,1770334800000,1770334840000,-1,4738.745,4742.825,4742.745,4.0,-4.079999999999927,-1.0199999999999818,-0.43000000000029104,-4.3100000000004,sl,runner,1,2026-02-06
1770335400000,1770335400000,1770335410000,-1,4713.695,4717.775,4717.695,4.0,-4.079999999999927,-1.0199999999999818,-1.800000000000182,-5.930000000000291,sl,runner,1,2026-02-06
1770336000000,1770336000000,1770336010000,-1,4703.165,4707.245,4707.165,4.0,-4.079999999999927,-1.0199999999999818,-1.050000000000182,-5.0700000000006185,sl,runner,1,2026-02-06
1770336300000,1770336300000,1770336330000,-1,4685.815,4689.8949999999995,4689.815,4.0,-4.079999999999927,-1.0199999999999818,-1.2200000000002547,-4.830000000000837,sl,runner,1,2026-02-06
1770336900000,1770336900000,1770336970000,-1,4681.605,4676.485,4685.605,4.0,5.119999999999891,1.2799999999999727,8.639999999999418,-2.660000000000764,trail,runner,1,2026-02-06
1770337200000,1770337200000,1770337210000,-1,4670.815,4674.8949999999995,4674.815,4.0,-4.079999999999927,-1.0199999999999818,-0.16700000000037107,-8.900000000000546,sl,runner,1,2026-02-06
1770345000000,1770345000000,1770345010000,1,4821.502,4817.4220000000005,4817.502,4.0,-4.079999999999927,-1.0199999999999818,-1.167000000000371,-12.777000000000953,sl,runner,1,2026-02-06
1770345300000,1770345300000,1770345310000,1,4836.975,4832.895,4832.975,4.0,-4.079999999999927,-1.0199999999999818,-0.22000000000025466,-5.970000000000255,sl,runner,1,2026-02-06
1770355800000,1770355800000,1770355810000,1,4852.735000000001,4848.655000000001,4848.735000000001,4.0,-4.079999999999927,-1.0199999999999818,-1.0200000000004366,-10.890000000000327,sl,runner,1,2026-02-06
1770356100000,1770356100000,1770356130000,1,4855.365000000001,4851.285000000001,4851.365000000001,4.0,-4.079999999999927,-1.0199999999999818,-0.8800000000010186,-4.480000000000473,sl,runner,1,2026-02-06
1770356400000,1770356400000,1770356440000,1,4859.405000000001,4863.775,4855.405000000001,4.0,4.369999999998981,1.0924999999997453,8.449999999998909,-1.7900000000008731,trail,runner,1,2026-02-06
1770356700000,1770356700000,1770356710000,1,4866.845,4862.765,4862.845,4.0,-4.079999999999927,-1.0199999999999818,-1.5170000000007349,-4.780000000000655,sl,runner,1,2026-02-06
1770357000000,1770357000000,1770357060000,1,4873.345,4877.235,4869.345,4.0,3.889999999999418,0.9724999999998545,5.969999999999345,-1.660000000000764,trail,runner,1,2026-02-06
1770357300000,1770357300000,1770357480000,1,4886.705,4891.875,4882.705,4.0,5.170000000000073,1.2925000000000182,7.25,-3.75,trail,runner,1,2026-02-06
1770357600000,1770357600000,1770357640000,1,4898.585,4899.025,4894.585,4.0,0.4399999999995998,0.10999999999989996,4.3400000000001455,-1.8270000000002256,trail,runner,1,2026-02-06
1770377100000,1770377100000,1770377120000,1,4890.425,4886.345,4886.425,4.0,-4.079999999999927,-1.0199999999999818,-0.11000000000058208,-7.260000000000218,sl,runner,1,2026-02-06
1770379800000,1770379800000,1770379820000,1,4899.005,4894.925,4895.005,4.0,-4.079999999999927,-1.0199999999999818,-0.930000000000291,-4.180000000000291,sl,runner,1,2026-02-06
1770383100000,1770383100000,1770383110000,1,4926.295,4922.215,4922.295,4.0,-4.079999999999927,-1.0199999999999818,0.47999999999956344,-4.039999999999964,sl,runner,1,2026-02-06
1770384300000,1770384300000,1770384320000,1,4928.005,4923.925,4924.005,4.0,-4.079999999999927,-1.0199999999999818,-0.007000000000516593,-4.230000000000473,sl,runner,1,2026-02-06
1770385200000,1770385200000,1770385350000,1,4931.275000000001,4935.905,4927.275000000001,4.0,4.6299999999992,1.1574999999998,6.709999999999127,-1.4900000000006912,trail,runner,1,2026-02-06
1770390000000,1770390000000,1770390010000,1,4949.255,4945.175,4945.255,4.0,-4.079999999999927,-1.0199999999999818,6.1929999999993015,-4.170000000000073,sl,runner,1,2026-02-06
1770591900000,1770591900000,1770592000000,1,4989.542,4985.462,4985.542,4.0,-4.079999999999927,-1.0199999999999818,0.4559999999992215,-4.874000000000706,sl,runner,1,2026-02-09
1770593100000,1770593100000,1770593140000,1,4998.075000000001,5000.065,4994.075000000001,4.0,1.9899999999988722,0.49749999999971806,4.169999999999163,-1.6000000000012733,trail,runner,1,2026-02-09
1770593400000,1770593400000,1770593420000,1,5025.415,5021.335,5021.415,4.0,-4.079999999999927,-1.0199999999999818,-0.569999999999709,-5.440000000000509,sl,runner,1,2026-02-09
1770593700000,1770593700000,1770593720000,1,5035.735000000001,5031.655000000001,5031.735000000001,4.0,-4.079999999999927,-1.0199999999999818,-0.37000000000080036,-4.4300000000012005,sl,runner,1,2026-02-09
1770594600000,1770594600000,1770594610000,1,5046.005,5041.925,5042.005,4.0,-4.079999999999927,-1.0199999999999818,-0.9200000000000728,-7.280000000000655,sl,runner,1,2026-02-09
1770615600000,1770615600000,1770615750000,1,5034.185,5038.795,5030.185,4.0,4.609999999999673,1.1524999999999181,6.6899999999996,-3.910000000000764,trail,runner,1,2026-02-09
1770617100000,1770617100000,1770617290000,1,5044.705,5040.625,5040.705,4.0,-4.079999999999927,-1.0199999999999818,0.010000000000218279,-4.449999999999818,sl,runner,1,2026-02-09
1770621900000,1770621900000,1770622080000,-1,5003.375,5007.455,5007.375,4.0,-4.079999999999927,-1.0199999999999818,3.6700000000000728,-4.869999999999891,sl,runner,1,2026-02-09
1770633000000,1770633000000,1770633040000,-1,4990.705,4986.955,4994.705,4.0,3.75,0.9375,7.739999999999782,-3.287000000000262,trail,runner,1,2026-02-09
1770647700000,1770647700000,1770647720000,1,5035.805,5031.725,5031.805,4.0,-4.079999999999927,-1.0199999999999818,-0.3400000000001455,-4.467000000000553,sl,runner,1,2026-02-09
1770648300000,1770648300000,1770648430000,1,5037.135,5033.055,5033.135,4.0,-4.079999999999927,-1.0199999999999818,2.4729999999999563,-5.910000000000764,sl,runner,1,2026-02-09
1770648900000,1770648900000,1770649080000,1,5040.8550000000005,5036.775000000001,5036.8550000000005,4.0,-4.079999999999927,-1.0199999999999818,-0.5500000000010914,-4.140000000000327,sl,runner,1,2026-02-09
1770651300000,1770651300000,1770651420000,1,5054.352000000001,5050.215,5050.352000000001,4.0,-4.137000000000626,-1.0342500000001564,-0.22700000000077125,-5.597000000000662,sl,runner,1,2026-02-09
1770652200000,1770652200000,1770652250000,1,5060.825000000001,5056.745000000001,5056.825000000001,4.0,-4.079999999999927,-1.0199999999999818,-0.840000000001055,-4.4300000000012005,sl,runner,1,2026-02-09
1770678900000,1770678900000,1770678910000,-1,5012.048,5016.128,5016.048,4.0,-4.079999999999927,-1.0199999999999818,-1.97400000000016,-4.317000000000007,sl,runner,1,2026-02-10
1770714600000,1770714600000,1770714630000,1,5058.155000000001,5054.075000000001,5054.155000000001,4.0,-4.079999999999927,-1.0199999999999818,-0.6660000000010768,-4.217000000000553,sl,runner,1,2026-02-10
1770733200000,1770733200000,1770733330000,1,5072.435,5068.3550000000005,5068.435,4.0,-4.079999999999927,-1.0199999999999818,0.1499999999996362,-4.150000000000546,sl,runner,1,2026-02-10
1770734100000,1770734100000,1770734130000,1,5076.035000000001,5071.955000000001,5072.035000000001,4.0,-4.079999999999927,-1.0199999999999818,-0.22000000000116415,-6.380000000001019,sl,runner,1,2026-02-10
1770738000000,1770738000000,1770738010000,-1,5007.545,5011.625,5011.545,4.0,-4.079999999999927,-1.0199999999999818,-0.8400000000001455,-4.694000000000415,sl,runner,1,2026-02-10
1770765900000,1770765900000,1770765920000,1,5049.035000000001,5044.955000000001,5045.035000000001,4.0,-4.079999999999927,-1.0199999999999818,-0.8500000000012733,-4.0000000000009095,sl,runner,1,2026-02-11
1770806700000,1770806700000,1770806720000,1,5100.535000000001,5096.455000000001,5096.535000000001,4.0,-4.079999999999927,-1.0199999999999818,-0.030000000000654836,-5.260000000001128,sl,runner,1,2026-02-11
1770816900000,1770816900000,1770816940000,-1,5048.829,5046.225,5052.829,4.0,2.6039999999993597,0.6509999999998399,6.713999999999942,-3.003000000000611,trail,runner,1,2026-02-11
1770851100000,1770851100000,1770851130000,1,5097.002,5092.9220000000005,5093.002,4.0,-4.079999999999927,-1.0199999999999818,-1.5540000000009968,-10.51300000000083,sl,runner,1,2026-02-12
1770851700000,1770851700000,1770851760000,-1,5062.8949999999995,5066.974999999999,5066.8949999999995,4.0,-4.079999999999927,-1.0199999999999818,3.5929999999989377,-4.10700000000088,sl,runner,1,2026-02-12
1770908400000,1770908400000,1770908420000,-1,5043.945,5048.025,5047.945,4.0,-4.079999999999927,-1.0199999999999818,1.3929999999991196,-4.707000000000335,sl,runner,1,2026-02-12
1770912900000,1770912900000,1770912910000,-1,4950.897999999999,4954.977999999999,4954.897999999999,4.0,-4.079999999999927,-1.0199999999999818,4.422999999998865,-9.092000000000553,sl,runner,1,2026-02-12
1770913200000,1770913200000,1770913220000,-1,4934.1849999999995,4930.652,4938.1849999999995,4.0,3.532999999999447,0.8832499999998618,10.182999999999083,-1.9270000000005894,trail,runner,1,2026-02-12
1770913800000,1770913800000,1770913810000,-1,4896.428,4900.508,4900.428,4.0,-4.079999999999927,-1.0199999999999818,1.082999999999629,-10.467000000000553,sl,runner,1,2026-02-12
1770937800000,1770937800000,1770937840000,-1,4908.705,4912.9800000000005,4912.705,4.0,-4.275000000000546,-1.0687500000001364,1.9529999999995198,-4.1950000000006185,sl,runner,1,2026-02-13
1770944700000,1770944700000,1770944760000,1,4957.505,4953.425,4953.505,4.0,-4.079999999999927,-1.0199999999999818,0.6099999999996726,-4.520000000000437,sl,runner,1,2026-02-13
1770945000000,1770945000000,1770945370000,1,4963.775000000001,4968.065,4959.775000000001,4.0,4.289999999999054,1.0724999999997635,6.369999999998981,-2.1900000000005093,trail,runner,1,2026-02-13
1770945600000,1770945600000,1770945820000,1,4972.155000000001,4976.345,4968.155000000001,4.0,4.1899999999996,1.0474999999999,6.779999999998836,-1.7500000000009095,trail,runner,1,2026-02-13
1770947100000,1770947100000,1770947190000,1,4980.731000000001,4976.651000000001,4976.731000000001,4.0,-4.079999999999927,-1.0199999999999818,2.253999999998996,-4.376000000001113,sl,runner,1,2026-02-13
1770947400000,1770947400000,1770947580000,1,4987.512000000001,4983.432000000001,4983.512000000001,4.0,-4.079999999999927,-1.0199999999999818,0.7229999999990468,-6.507000000000517,sl,runner,1,2026-02-13
1770956400000,1770956400000,1770956570000,1,4993.5650000000005,4989.485000000001,4989.5650000000005,4.0,-4.079999999999927,-1.0199999999999818,0.41999999999916326,-4.050000000001091,sl,runner,1,2026-02-13
1770961500000,1770961500000,1770961560000,-1,4963.705,4959.805,4967.705,4.0,3.899999999999636,0.974999999999909,5.979999999999563,-2.7899999999999636,trail,runner,1,2026-02-13
1770962100000,1770962100000,1770962180000,-1,4954.665,4952.665,4958.665,4.0,2.0,0.5,4.079999999999927,-1.75,trail,runner,1,2026-02-13
1770962400000,1770962400000,1770962470000,-1,4946.085,4950.165,4950.085,4.0,-4.079999999999927,-1.0199999999999818,-0.6599999999998545,-4.319999999999709,sl,runner,1,2026-02-13
1770980400000,1770980400000,1770980450000,-1,4949.728999999999,4946.684,4953.728999999999,4.0,3.0449999999991633,0.7612499999997908,5.1249999999990905,-3.136000000000422,trail,runner,1,2026-02-13
1770980700000,1770980700000,1770980710000,-1,4945.884999999999,4949.964999999999,4949.884999999999,4.0,-4.079999999999927,-1.0199999999999818,-0.9500000000007276,-4.100000000001273,sl,runner,1,2026-02-13
1770981900000,1770981900000,1770981930000,-1,4938.775,4942.855,4942.775,4.0,-4.079999999999927,-1.0199999999999818,0.36999999999989086,-4.050000000000182,sl,runner,1,2026-02-13
1770989700000,1770989700000,1770989770000,1,4994.375,4990.295,4990.375,4.0,-4.079999999999927,-1.0199999999999818,1.8800000000001091,-6.779999999999745,sl,runner,1,2026-02-13
1770992400000,1770992400000,1770992440000,1,5003.985000000001,4999.905000000001,4999.985000000001,4.0,-4.079999999999927,-1.0199999999999818,-0.23000000000047294,-4.490000000000691,sl,runner,1,2026-02-13
1771000200000,1771000200000,1771000220000,1,5028.365000000001,5024.285000000001,5024.365000000001,4.0,-4.079999999999927,-1.0199999999999818,-0.36700000000109867,-6.167000000001281,sl,runner,1,2026-02-13
1771196700000,1771196700000,1771196710000,-1,5012.795,5018.1410000000005,5016.795,4.0,-5.346000000000458,-1.3365000000001146,-2.157000000000153,-5.556999999999789,sl,runner,1,2026-02-16
1771200300000,1771200300000,1771200350000,-1,5007.724999999999,5011.804999999999,5011.724999999999,4.0,-4.079999999999927,-1.0199999999999818,-1.730000000000473,-5.450000000000728,sl,runner,1,2026-02-16
1771210200000,1771210200000,1771210310000,-1,4998.268999999999,4994.862,5002.268999999999,4.0,3.4069999999992433,0.8517499999998108,5.4869999999991705,-1.2060000000010405,trail,runner,1,2026-02-16
1771210500000,1771210500000,1771210920000,-1,4994.009,4992.385,4998.009,4.0,1.6239999999997963,0.40599999999994907,4.1840000000001965,-3.3029999999998836,trail,runner,1,2026-02-16
1771213800000,1771213800000,1771213850000,-1,4985.115,4989.195,4989.115,4.0,-4.079999999999927,-1.0199999999999818,-0.24000000000069122,-4.640000000000327,sl,runner,1,2026-02-16
1771290000000,1771290000000,1771290010000,-1,4935.304999999999,4939.384999999999,4939.304999999999,4.0,-4.079999999999927,-1.0199999999999818,-1.0600000000004002,-6.730000000000473,sl,runner,1,2026-02-17
1771305300000,1771305300000,1771305350000,-1,4927.405,4921.085,4931.405,4.0,6.319999999999709,1.5799999999999272,10.55999999999949,-1.430000000000291,trail,runner,1,2026-02-17
1771305600000,1771305600000,1771305640000,-1,4900.615,4897.215,4904.615,4.0,3.399999999999636,0.849999999999909,5.839999999999236,-1.3700000000008004,trail,runner,1,2026-02-17
1771306500000,1771306500000,1771306520000,-1,4884.098999999999,4880.145,4888.098999999999,4.0,3.953999999998814,0.9884999999997035,7.693999999999505,-1.7230000000008658,trail,runner,1,2026-02-17
1771336800000,1771336800000,1771336820000,-1,4870.424999999999,4874.504999999999,4874.424999999999,4.0,-4.079999999999927,-1.0199999999999818,0.8829999999989013,-4.450000000000728,sl,runner,1,2026-02-17
1771354800000,1771354800000,1771354860000,1,4899.555,4895.475,4895.555,4.0,-4.079999999999927,-1.0199999999999818,0.06999999999970896,-4.050000000000182,sl,runner,1,2026-02-17
1771372200000,1771372200000,1771372330000,-1,4864.264999999999,4861.6320000000005,4868.264999999999,4.0,2.6329999999989013,0.6582499999997253,4.979999999999563,-2.4500000000007276,trail,runner,1,2026-02-18
1771372500000,1771372500000,1771372660000,-1,4857.6179999999995,4861.697999999999,4861.6179999999995,4.0,-4.079999999999927,-1.0199999999999818,2.3929999999991196,-4.677000000000589,sl,runner,1,2026-02-18
1771420200000,1771420200000,1771421780000,1,4955.725,4958.815,4951.725,4.0,3.089999999999236,0.772499999999809,5.7499999999990905,-3.6900000000005093,trail,runner,1,2026-02-18
1771425300000,1771425300000,1771425370000,1,4970.665,4975.415,4966.665,4.0,4.75,1.1875,6.829999999999927,-1.3100000000004002,trail,runner,1,2026-02-18
1771425600000,1771425600000,1771425760000,1,4984.265,4980.185,4980.265,4.0,-4.079999999999927,-1.0199999999999818,0.8499999999994543,-4.350000000000364,sl,runner,1,2026-02-18
1771426500000,1771426500000,1771426930000,1,4993.545,4997.8949999999995,4989.545,4.0,4.349999999999454,1.0874999999998636,6.4299999999993815,-3.480000000000473,trail,runner,1,2026-02-18
1771427100000,1771427100000,1771427260000,1,5004.295,5000.215,5000.295,4.0,-4.079999999999927,-1.0199999999999818,1.5429999999996653,-6.25,sl,runner,1,2026-02-18
1771443000000,1771443000000,1771443120000,-1,4978.335,4975.585,4982.335,4.0,2.75,0.6875,4.8400000000001455,-2.0399999999999636,trail,runner,1,2026-02-18
1771510500000,1771510500000,1771510530000,-1,4972.304999999999,4976.384999999999,4976.304999999999,4.0,-4.079999999999927,-1.0199999999999818,-0.16000000000076398,-5.290000000000873,sl,runner,1,2026-02-19
1771512600000,1771512600000,1771512640000,1,4999.942,4995.862,4995.942,4.0,-4.079999999999927,-1.0199999999999818,-0.5270000000000437,-4.264000000000124,sl,runner,1,2026-02-19
1771512900000,1771512900000,1771513240000,1,5006.342000000001,5002.262000000001,5002.342000000001,4.0,-4.079999999999927,-1.0199999999999818,3.782999999999447,-4.017000000000735,sl,runner,1,2026-02-19
1771515000000,1771515000000,1771515330000,1,5016.8820000000005,5019.788,5012.8820000000005,4.0,2.9059999999990396,0.7264999999997599,4.985999999998967,-3.1570000000010623,trail,runner,1,2026-02-19
1771598700000,1771598700000,1771598760000,1,5054.9710000000005,5057.974999999999,5050.9710000000005,4.0,3.003999999998996,0.750999999999749,5.083999999998923,-1.7060000000010405,trail,runner,1,2026-02-20
1771599000000,1771599000000,1771599080000,1,5058.165,5054.085,5054.165,4.0,-4.079999999999927,-1.0199999999999818,0.3599999999996726,-4.199999999999818,sl,runner,1,2026-02-20
1771605300000,1771605300000,1771605440000,1,5068.3150000000005,5064.235000000001,5064.3150000000005,4.0,-4.079999999999927,-1.0199999999999818,0.009999999999308784,-4.050000000001091,sl,runner,1,2026-02-20
1771607400000,1771607400000,1771607460000,1,5071.545,5067.465,5067.545,4.0,-4.079999999999927,-1.0199999999999818,-0.9700000000002547,-4.480000000000473,sl,runner,1,2026-02-20
1771801500000,1771801500000,1771801600000,1,5119.302000000001,5124.228,5115.302000000001,4.0,4.925999999999476,1.231499999999869,7.005999999999403,-2.834000000000742,trail,runner,1,2026-02-23
1771801800000,1771801800000,1771801830000,1,5136.052000000001,5137.705,5132.052000000001,4.0,1.6529999999993379,0.41324999999983447,4.5129999999990105,-1.9840000000003783,trail,runner,1,2026-02-23
1771802100000,1771802100000,1771802130000,1,5147.022,5142.942,5143.022,4.0,-4.079999999999927,-1.0199999999999818,-0.7840000000005602,-4.846999999999753,sl,runner,1,2026-02-23
1771803900000,1771803900000,1771803940000,1,5159.3550000000005,5155.275000000001,5155.3550000000005,4.0,-4.079999999999927,-1.0199999999999818,-1.0500000000010914,-5.260000000000218,sl,runner,1,2026-02-23
1771804500000,1771804500000,1771804710000,1,5166.075000000001,5169.4349999999995,5162.075000000001,4.0,3.359999999998763,0.8399999999996908,5.43999999999869,-2.8800000000010186,trail,runner,1,2026-02-23
1771831800000,1771831800000,1771831940000,-1,5136.125,5133.725,5140.125,4.0,2.399999999999636,0.599999999999909,4.479999999999563,-1.7100000000000364,trail,runner,1,2026-02-23
1771858200000,1771858200000,1771858460000,1,5195.335,5197.8679999999995,5191.335,4.0,2.532999999999447,0.6332499999998618,4.813000000000102,-2.980000000000473,trail,runner,1,2026-02-23
1771863600000,1771863600000,1771864270000,1,5215.525000000001,5211.445000000001,5211.525000000001,4.0,-4.079999999999927,-1.0199999999999818,3.289999999999054,-5.29700000000048,sl,runner,1,2026-02-23
1771887900000,1771887900000,1771887950000,1,5244.795,5240.715,5240.795,4.0,-4.079999999999927,-1.0199999999999818,0.7529999999997017,-4.567000000000007,sl,runner,1,2026-02-24
1771895100000,1771895100000,1771895130000,-1,5212.745,5208.135,5216.745,4.0,4.609999999999673,1.1524999999999181,7.769999999999527,-1.480000000000473,trail,runner,1,2026-02-24
1771895700000,1771895700000,1771895710000,-1,5184.987999999999,5189.067999999999,5188.987999999999,4.0,-4.079999999999927,-1.0199999999999818,-0.9170000000003711,-4.854000000001179,sl,runner,1,2026-02-24
1771896000000,1771896000000,1771896010000,-1,5159.554999999999,5163.634999999999,5163.554999999999,4.0,-4.079999999999927,-1.0199999999999818,0.18299999999908323,-5.0000000000009095,sl,runner,1,2026-02-24
1771940400000,1771940400000,1771940430000,-1,5138.085,5142.165,5142.085,4.0,-4.079999999999927,-1.0199999999999818,0.8530000000000655,-5.569999999999709,sl,runner,1,2026-02-24
1771941000000,1771941000000,1771941100000,-1,5126.105,5130.1849999999995,5130.105,4.0,-4.079999999999927,-1.0199999999999818,2.899999999999636,-4.940000000000509,sl,runner,1,2026-02-24
1771941600000,1771941600000,1771941620000,-1,5114.565,5118.6449999999995,5118.565,4.0,-4.079999999999927,-1.0199999999999818,0.8229999999994106,-7.300000000000182,sl,runner,1,2026-02-24
1771942500000,1771942500000,1771942530000,-1,5104.474999999999,5108.554999999999,5108.474999999999,4.0,-4.079999999999927,-1.0199999999999818,-0.910000000000764,-4.330000000000837,sl,runner,1,2026-02-24
1771982100000,1771982100000,1771982410000,1,5175.145,5182.545,5171.145,4.0,7.399999999999636,1.849999999999909,9.479999999999563,-1.7000000000007276,trail,runner,1,2026-02-25
1772018400000,1772018400000,1772018540000,-1,5159.098,5163.178,5163.098,4.0,-4.079999999999927,-1.0199999999999818,0.47299999999995634,-5.686999999999898,sl,runner,1,2026-02-25
1772031900000,1772031900000,1772032200000,1,5199.245000000001,5195.165000000001,5195.245000000001,4.0,-4.079999999999927,-1.0199999999999818,3.059999999998581,-4.1800000000012005,sl,runner,1,2026-02-25
1772050800000,1772050800000,1772051050000,-1,5184.415,5188.495,5188.415,4.0,-4.079999999999927,-1.0199999999999818,0.9600000000000364,-4.300000000000182,sl,runner,1,2026-02-25
1772052600000,1772052600000,1772052630000,-1,5173.174999999999,5177.254999999999,5177.174999999999,4.0,-4.079999999999927,-1.0199999999999818,0.42299999999886495,-4.1800000000012005,sl,runner,1,2026-02-25
1772053200000,1772053200000,1772053210000,-1,5151.804999999999,5155.884999999999,5155.804999999999,4.0,-4.079999999999927,-1.0199999999999818,-0.5100000000011278,-4.60700000000088,sl,runner,1,2026-02-25
1772121300000,1772121300000,1772121460000,1,5190.235000000001,5186.155000000001,5186.235000000001,4.0,-4.079999999999927,-1.0199999999999818,1.9299999999993815,-4.977000000000771,sl,runner,1,2026-02-26
1772197800000,1772197800000,1772198160000,1,5212.005,5218.095,5208.005,4.0,6.0900000000001455,1.5225000000000364,8.170000000000073,-2.0200000000004366,trail,runner,1,2026-02-27
1772198400000,1772198400000,1772198480000,1,5219.295,5224.965,5215.295,4.0,5.670000000000073,1.4175000000000182,7.75,-2.9470000000001164,trail,runner,1,2026-02-27
1772198700000,1772198700000,1772198830000,1,5235.555,5237.695,5231.555,4.0,2.139999999999418,0.5349999999998545,4.219999999999345,-3.350000000000364,trail,runner,1,2026-02-27
1772208900000,1772208900000,1772209180000,1,5254.395,5250.3150000000005,5250.395,4.0,-4.079999999999927,-1.0199999999999818,2.959999999999127,-4.150000000000546,sl,runner,1,2026-02-27
1772406360000,1772406360000,1772406370000,1,5371.817,5366.768,5367.817,4.0,-5.048999999999978,-1.2622499999999945,-2.029000000000451,-11.072000000000116,sl,runner,1,2026-03-02
1772408700000,1772408700000,1772408720000,1,5383.265,5379.185,5379.265,4.0,-4.079999999999927,-1.0199999999999818,-1.2100000000009459,-5.670000000000073,sl,runner,1,2026-03-02
1772434200000,1772434200000,1772434730000,1,5385.195000000001,5387.375,5381.195000000001,4.0,2.1799999999993815,0.5449999999998454,4.259999999999309,-3.4400000000005093,trail,runner,1,2026-03-02
1772435400000,1772435400000,1772435470000,1,5401.402,5397.322,5397.402,4.0,-4.079999999999927,-1.0199999999999818,-0.556999999999789,-4.556999999999789,sl,runner,1,2026-03-02
1772435700000,1772435700000,1772435900000,1,5406.6050000000005,5416.4349999999995,5402.6050000000005,4.0,9.829999999999018,2.4574999999997544,11.909999999998945,-2.410000000000764,trail,runner,1,2026-03-02
1772436000000,1772436000000,1772436120000,1,5418.125,5414.045,5414.125,4.0,-4.079999999999927,-1.0199999999999818,0.6999999999998181,-4.0900000000001455,sl,runner,1,2026-03-02
1772460600000,1772460600000,1772460630000,-1,5370.8949999999995,5367.412,5374.8949999999995,4.0,3.482999999999265,0.8707499999998163,6.619999999998981,-0.9770000000007713,trail,runner,1,2026-03-02
1772461500000,1772461500000,1772461510000,-1,5347.884999999999,5351.964999999999,5351.884999999999,4.0,-4.079999999999927,-1.0199999999999818,-0.1970000000010259,-4.167000000001281,sl,runner,1,2026-03-02
1772461800000,1772461800000,1772461810000,-1,5333.375,5337.455,5337.375,4.0,-4.079999999999927,-1.0199999999999818,-0.5700000000006185,-7.140000000000327,sl,runner,1,2026-03-02
1772467500000,1772467500000,1772467510000,-1,5272.458,5276.538,5276.458,4.0,-4.079999999999927,-1.0199999999999818,-1.3470000000006621,-9.347000000000662,sl,runner,1,2026-03-02
1772499900000,1772499900000,1772500050000,1,5363.595,5369.615,5359.595,4.0,6.019999999999527,1.5049999999998818,8.209999999999127,-1.9970000000002983,trail,runner,1,2026-03-03
1772500200000,1772500200000,1772500310000,1,5369.075000000001,5364.995000000001,5365.075000000001,4.0,-4.079999999999927,-1.0199999999999818,0.42999999999938154,-4.140000000001237,sl,runner,1,2026-03-03
1772501100000,1772501100000,1772501230000,1,5378.945000000001,5374.865000000001,5374.945000000001,4.0,-4.079999999999927,-1.0199999999999818,0.7599999999993088,-4.710000000000946,sl,runner,1,2026-03-03
1772517000000,1772517000000,1772517020000,-1,5325.754999999999,5329.834999999999,5329.754999999999,4.0,-4.079999999999927,-1.0199999999999818,-0.7800000000006548,-4.050000000001091,sl,runner,1,2026-03-03
1772517300000,1772517300000,1772517350000,-1,5316.625,5311.3150000000005,5320.625,4.0,5.309999999999491,1.3274999999998727,8.699999999999818,-1.5399999999999636,trail,runner,1,2026-03-03
1772518500000,1772518500000,1772518520000,-1,5289.014999999999,5293.094999999999,5293.014999999999,4.0,-4.079999999999927,-1.0199999999999818,-0.050000000001091394,-6.530000000000655,sl,runner,1,2026-03-03
1772530200000,1772530200000,1772530210000,-1,5241.855,5245.9349999999995,5245.855,4.0,-4.079999999999927,-1.0199999999999818,0.159999999998945,-6.6270000000004075,sl,runner,1,2026-03-03
1772536200000,1772536200000,1772536210000,-1,5170.384999999999,5174.464999999999,5174.384999999999,4.0,-4.079999999999927,-1.0199999999999818,7.209999999999127,-6.210000000000946,sl,runner,1,2026-03-03
1772537400000,1772537400000,1772537410000,-1,5125.598,5129.678,5129.598,4.0,-4.079999999999927,-1.0199999999999818,-0.33700000000044383,-13.154000000000451,sl,runner,1,2026-03-03
1772549100000,1772549100000,1772549120000,-1,5070.835,5063.302,5074.835,4.0,7.5330000000003565,1.8832500000000891,11.539999999999964,-3.105999999999767,trail,runner,1,2026-03-03
1772549400000,1772549400000,1772549430000,-1,5056.344999999999,5048.982,5060.344999999999,4.0,7.362999999999374,1.8407499999998436,22.842999999998938,-3.3200000000006185,trail,runner,1,2026-03-03
1772549700000,1772549700000,1772549710000,-1,5047.165,5051.245,5051.165,4.0,-4.079999999999927,-1.0199999999999818,-0.73700000000008,-5.739999999999782,sl,runner,1,2026-03-03
1772564700000,1772564700000,1772564720000,1,5141.035000000001,5136.955000000001,5137.035000000001,4.0,-4.079999999999927,-1.0199999999999818,0.5699999999987995,-4.260000000001128,sl,runner,1,2026-03-03
1772585400000,1772585400000,1772585530000,1,5140.415,5136.335,5136.415,4.0,-4.079999999999927,-1.0199999999999818,-0.47000000000025466,-5.989999999999782,sl,runner,1,2026-03-04
1772586300000,1772586300000,1772586310000,1,5155.462,5151.3820000000005,5151.462,4.0,-4.079999999999927,-1.0199999999999818,-0.1970000000010259,-4.727000000000771,sl,runner,1,2026-03-04
1772586900000,1772586900000,1772586930000,1,5160.145,5156.0650000000005,5156.145,4.0,-4.079999999999927,-1.0199999999999818,-0.9900000000006912,-4.517000000000735,sl,runner,1,2026-03-04
1772587200000,1772587200000,1772587270000,1,5163.285000000001,5159.205000000001,5159.285000000001,4.0,-4.079999999999927,-1.0199999999999818,0.339999999999236,-5.740000000000691,sl,runner,1,2026-03-04
1772589000000,1772589000000,1772589200000,1,5174.685,5170.6050000000005,5170.685,4.0,-4.079999999999927,-1.0199999999999818,3.3599999999996726,-4.5770000000002256,sl,runner,1,2026-03-04
1772590200000,1772590200000,1772590450000,1,5185.225,5188.545,5181.225,4.0,3.319999999999709,0.8299999999999272,5.399999999999636,-3.4200000000009823,trail,runner,1,2026-03-04
1772590500000,1772590500000,1772590540000,1,5190.572,5186.492,5186.572,4.0,-4.079999999999927,-1.0199999999999818,-1.0570000000006985,-4.137000000000626,sl,runner,1,2026-03-04
1772619300000,1772619300000,1772619310000,1,5198.915,5194.835,5194.915,4.0,-4.079999999999927,-1.0199999999999818,-0.32700000000022555,-4.1270000000004075,sl,runner,1,2026-03-04
1772635800000,1772635800000,1772635870000,-1,5155.375,5147.705,5159.375,4.0,7.670000000000073,1.9175000000000182,9.819999999999709,-1.0900000000001455,trail,runner,1,2026-03-04
1772637300000,1772637300000,1772637320000,-1,5134.025,5138.105,5138.025,4.0,-4.079999999999927,-1.0199999999999818,0.6529999999993379,-4.587000000000444,sl,runner,1,2026-03-04
1772645100000,1772645100000,1772645110000,-1,5128.027999999999,5132.107999999999,5132.027999999999,4.0,-4.079999999999927,-1.0199999999999818,-0.4140000000006694,-5.927000000000589,sl,runner,1,2026-03-04
1772673000000,1772673000000,1772673050000,1,5181.365000000001,5183.8949999999995,5177.365000000001,4.0,2.529999999998836,0.632499999999709,4.609999999998763,-1.160000000000764,trail,runner,1,2026-03-05
1772691000000,1772691000000,1772691030000,-1,5139.355,5135.735,5143.355,4.0,3.619999999999891,0.9049999999999727,5.699999999999818,-0.9200000000009823,trail,runner,1,2026-03-05
1772691300000,1772691300000,1772691360000,-1,5132.214999999999,5130.072,5136.214999999999,4.0,2.1429999999991196,0.5357499999997799,4.222999999999047,-1.5700000000006185,trail,runner,1,2026-03-05
1772716800000,1772716800000,1772716880000,-1,5131.014999999999,5118.345,5135.014999999999,4.0,12.669999999999163,3.167499999999791,15.9399999999996,-2.590000000001055,trail,runner,1,2026-03-05
1772717100000,1772717100000,1772717150000,-1,5104.224999999999,5108.304999999999,5108.224999999999,4.0,-4.079999999999927,-1.0199999999999818,3.839999999999236,-5.720000000001164,sl,runner,1,2026-03-05
1772723400000,1772723400000,1772723420000,-1,5070.115,5074.195,5074.115,4.0,-4.079999999999927,-1.0199999999999818,1.0799999999999272,-6.087000000000444,sl,runner,1,2026-03-05
1772742000000,1772742000000,1772742060000,1,5091.425,5087.345,5087.425,4.0,-4.079999999999927,-1.0199999999999818,0.6799999999993815,-5.3200000000006185,sl,runner,1,2026-03-05
1772761200000,1772761200000,1772761250000,1,5109.402,5111.474999999999,5105.402,4.0,2.0729999999994106,0.5182499999998527,4.152999999999338,-1.2770000000000437,trail,runner,1,2026-03-06
1772761500000,1772761500000,1772761890000,1,5118.985000000001,5131.325,5114.985000000001,4.0,12.339999999999236,3.084999999999809,14.419999999999163,-1.6700000000009823,trail,runner,1,2026-03-06
1772762100000,1772762100000,1772762130000,1,5140.535000000001,5136.455000000001,5136.535000000001,4.0,-4.079999999999927,-1.0199999999999818,0.839999999999236,-6.050000000001091,sl,runner,1,2026-03-06
1772791500000,1772791500000,1772791620000,-1,5080.775,5078.425,5084.775,4.0,2.3499999999994543,0.5874999999998636,4.4299999999993815,-0.9900000000006912,trail,runner,1,2026-03-06
1772804100000,1772804100000,1772804180000,1,5124.742,5128.485,5120.742,4.0,3.7429999999994834,0.9357499999998709,5.822999999999411,-1.6170000000001892,trail,runner,1,2026-03-06
1772809500000,1772809500000,1772809580000,1,5148.385,5153.325,5144.385,4.0,4.9399999999996,1.2349999999999,10.01299999999992,-3.740000000000691,trail,runner,1,2026-03-06
1772810700000,1772810700000,1772810710000,1,5166.945000000001,5162.865000000001,5162.945000000001,4.0,-4.079999999999927,-1.0199999999999818,-0.3000000000010914,-6.040000000000873,sl,runner,1,2026-03-06
1773011700000,1773011700000,1773011720000,-1,5101.445,5105.525,5105.445,4.0,-4.079999999999927,-1.0199999999999818,-1.0300000000006548,-5.0900000000001455,sl,runner,1,2026-03-09
1773013200000,1773013210000,1773013250000,-1,5071.224999999999,5075.304999999999,5075.224999999999,4.0,-4.079999999999927,-1.0199999999999818,1.5999999999994543,-5.210000000000946,sl,runner,1,2026-03-09
1773015300000,1773015300000,1773015310000,-1,5035.754999999999,5039.834999999999,5039.754999999999,4.0,-4.079999999999927,-1.0199999999999818,-1.2600000000011278,-4.200000000000728,sl,runner,1,2026-03-09
1773034500000,1773034500000,1773034580000,1,5106.915,5110.825,5102.915,4.0,3.9099999999998545,0.9774999999999636,5.989999999999782,-1.8800000000001091,trail,runner,1,2026-03-09
1773035100000,1773035100000,1773035180000,1,5121.3820000000005,5125.855,5117.3820000000005,4.0,4.472999999999047,1.1182499999997617,6.552999999998974,-2.4370000000008076,trail,runner,1,2026-03-09
1773035400000,1773035400000,1773035510000,1,5137.392000000001,5133.312000000001,5133.392000000001,4.0,-4.079999999999927,-1.0199999999999818,2.852999999999156,-6.467000000000553,sl,runner,1,2026-03-09
1773063900000,1773063900000,1773063950000,-1,5075.105,5073.045,5079.105,4.0,2.0599999999994907,0.5149999999998727,5.599999999999454,-3.030000000000655,trail,runner,1,2026-03-09
1773067500000,1773067500000,1773067570000,1,5113.152,5109.072,5109.152,4.0,-4.079999999999927,-1.0199999999999818,2.592999999999847,-4.597000000000662,sl,runner,1,2026-03-09
1773084300000,1773084300000,1773084320000,1,5140.505,5136.425,5136.505,4.0,-4.079999999999927,-1.0199999999999818,-0.2000000000007276,-4.220000000000255,sl,runner,1,2026-03-09
1773105900000,1773105900000,1773105990000,1,5159.495000000001,5163.985,5155.495000000001,4.0,4.489999999998872,1.122499999999718,8.099999999999454,-2.040000000000873,trail,runner,1,2026-03-10
1773107400000,1773107400000,1773107460000,1,5171.425,5167.345,5167.425,4.0,-4.079999999999927,-1.0199999999999818,-0.48000000000047294,-4.140000000000327,sl,runner,1,2026-03-10
1773107700000,1773107700000,1773107900000,1,5174.735000000001,5180.325,5170.735000000001,4.0,5.589999999999236,1.397499999999809,7.669999999999163,-1.6000000000003638,trail,runner,1,2026-03-10
1773108000000,1773108000000,1773108160000,1,5184.755,5180.675,5180.755,4.0,-4.079999999999927,-1.0199999999999818,1.7730000000001382,-4.3100000000004,sl,runner,1,2026-03-10
1773139200000,1773139200000,1773139280000,-1,5157.325,5161.405,5161.325,4.0,-4.079999999999927,-1.0199999999999818,0.22999999999956344,-5.0,sl,runner,1,2026-03-10
1773148800000,1773148800000,1773148940000,1,5214.835,5218.955,5210.835,4.0,4.119999999999891,1.0299999999999727,6.199999999999818,-2.680000000000291,trail,runner,1,2026-03-10
1773149100000,1773149100000,1773149200000,1,5222.3550000000005,5225.155,5218.3550000000005,4.0,2.7999999999992724,0.6999999999998181,4.8799999999992,-1.8000000000010914,trail,runner,1,2026-03-10
1773166800000,1773166800000,1773166820000,-1,5172.485,5176.565,5176.485,4.0,-4.079999999999927,-1.0199999999999818,1.4399999999995998,-6.60700000000088,sl,runner,1,2026-03-10
1773234000000,1773234000000,1773234020000,-1,5167.165,5171.245,5171.165,4.0,-4.079999999999927,-1.0199999999999818,2.393000000000029,-5.210000000000036,sl,runner,1,2026-03-11
1773237000000,1773237000000,1773237130000,-1,5159.615,5152.3550000000005,5163.615,4.0,7.259999999999309,1.8149999999998272,9.710000000000036,-3.75,trail,runner,1,2026-03-11
1773270000000,1773270000000,1773270030000,-1,5137.974999999999,5142.054999999999,5141.974999999999,4.0,-4.079999999999927,-1.0199999999999818,2.0429999999996653,-5.577000000001135,sl,runner,1,2026-03-12
1773323400000,1773323400000,1773323410000,-1,5151.445,5155.525,5155.445,4.0,-4.079999999999927,-1.0199999999999818,-0.7400000000006912,-5.380000000000109,sl,runner,1,2026-03-12
1773323700000,1773323700000,1773323790000,-1,5150.735,5148.505,5154.735,4.0,2.2299999999995634,0.5574999999998909,4.309999999999491,-1.9500000000007276,trail,runner,1,2026-03-12
1773327900000,1773327900000,1773327960000,-1,5131.665,5135.745,5135.665,4.0,-4.079999999999927,-1.0199999999999818,1.0299999999997453,-4.829999999999927,sl,runner,1,2026-03-12
1773328200000,1773328200000,1773328290000,-1,5130.065,5114.012,5134.065,4.0,16.052999999999884,4.013249999999971,19.889999999999418,-1.2800000000006548,trail,runner,1,2026-03-12
1773328500000,1773328500000,1773328580000,-1,5124.504999999999,5122.575,5128.504999999999,4.0,1.9299999999993815,0.4824999999998454,4.009999999999309,-2.6500000000005457,trail,runner,1,2026-03-12
1773347400000,1773347400000,1773347450000,-1,5071.6449999999995,5059.845,5075.6449999999995,4.0,11.799999999999272,2.949999999999818,15.889999999999418,-1.1170000000010987,trail,runner,1,2026-03-12
1773347700000,1773347700000,1773347920000,-1,5071.054999999999,5068.852,5075.054999999999,4.0,2.20299999999952,0.55074999999988,4.282999999999447,-2.4000000000005457,trail,runner,1,2026-03-12
1773413100000,1773413100000,1773413150000,-1,5079.105,5076.205,5083.105,4.0,2.899999999999636,0.724999999999909,4.979999999999563,-0.9000000000005457,trail,runner,1,2026-03-13
1773413700000,1773413700000,1773413740000,-1,5063.915,5049.6720000000005,5067.915,4.0,14.242999999999483,3.560749999999871,17.661999999999352,-0.930000000000291,trail,runner,1,2026-03-13
1773414000000,1773414000000,1773414020000,-1,5041.235,5045.315,5045.235,4.0,-4.079999999999927,-1.0199999999999818,2.3599999999996726,-4.890000000000327,sl,runner,1,2026-03-13
1773417600000,1773417600000,1773417640000,-1,5033.844999999999,5029.495,5037.844999999999,4.0,4.349999999999454,1.0874999999998636,6.4299999999993815,-1.0300000000006548,trail,runner,1,2026-03-13
1773417900000,1773417900000,1773417940000,-1,5027.485,5031.565,5031.485,4.0,-4.079999999999927,-1.0199999999999818,1.2399999999997817,-5.3400000000001455,sl,runner,1,2026-03-13
1773617100000,1773617100000,1773617210000,-1,4984.785,4988.865,4988.785,4.0,-4.079999999999927,-1.0199999999999818,1.75,-4.270000000000437,sl,runner,1,2026-03-16
1773648900000,1773648900000,1773649030000,-1,4988.474999999999,4992.554999999999,4992.474999999999,4.0,-4.079999999999927,-1.0199999999999818,0.1529999999993379,-4.79700000000048,sl,runner,1,2026-03-16
1773678900000,1773678900000,1773678970000,-1,4976.035,4980.115,4980.035,4.0,-4.079999999999927,-1.0199999999999818,1.5599999999994907,-5.650000000000546,sl,runner,1,2026-03-16
1773727500000,1773727500000,1773727630000,-1,5018.1849999999995,5011.285,5022.1849999999995,4.0,6.899999999999636,1.724999999999909,8.979999999999563,-1.5300000000006548,trail,runner,1,2026-03-17
1773727800000,1773727800000,1773727910000,-1,5007.625,5011.705,5011.625,4.0,-4.079999999999927,-1.0199999999999818,0.3599999999996726,-4.420000000000073,sl,runner,1,2026-03-17
1773761400000,1773761400000,1773761420000,-1,4994.384999999999,4998.464999999999,4998.384999999999,4.0,-4.079999999999927,-1.0199999999999818,-0.6400000000012369,-4.040000000000873,sl,runner,1,2026-03-17
1773761700000,1773761700000,1773761810000,-1,4993.455,4984.795,4997.455,4.0,8.659999999999854,2.1649999999999636,10.739999999999782,-2.730000000000473,trail,runner,1,2026-03-17
1773762000000,1773762000000,1773762120000,-1,4981.714999999999,4976.255,4985.714999999999,4.0,5.459999999999127,1.3649999999997817,7.539999999999054,-1.1500000000005457,trail,runner,1,2026-03-17
1773831900000,1773831900000,1773832060000,-1,4958.197999999999,4955.005,4962.197999999999,4.0,3.1929999999993015,0.7982499999998254,5.272999999999229,-1.1770000000005894,trail,runner,1,2026-03-18
1773833400000,1773833400000,1773833430000,-1,4948.025,4952.105,4952.025,4.0,-4.079999999999927,-1.0199999999999818,1.3499999999994543,-6.3100000000004,sl,runner,1,2026-03-18
1773834300000,1773834300000,1773834370000,-1,4938.735,4942.815,4942.735,4.0,-4.079999999999927,-1.0199999999999818,3.139999999999418,-5.600000000000364,sl,runner,1,2026-03-18
1773835800000,1773835800000,1773835880000,-1,4913.0779999999995,4917.157999999999,4917.0779999999995,4.0,-4.079999999999927,-1.0199999999999818,3.3259999999991123,-6.8270000000002256,sl,runner,1,2026-03-18
1773836100000,1773836100000,1773836130000,-1,4907.838,4911.918,4911.838,4.0,-4.079999999999927,-1.0199999999999818,-0.5370000000002619,-4.9340000000001965,sl,runner,1,2026-03-18
1773836400000,1773836400000,1773836540000,-1,4904.9349999999995,4900.845,4908.9349999999995,4.0,4.089999999999236,1.022499999999809,6.882999999998901,-3.6900000000005093,trail,runner,1,2026-03-18
1773837300000,1773837300000,1773837520000,-1,4887.455,4880.715,4891.455,4.0,6.739999999999782,1.6849999999999454,8.819999999999709,-2.3299999999999272,trail,runner,1,2026-03-18
1773837600000,1773837600000,1773837620000,-1,4883.235,4887.315,4887.235,4.0,-4.079999999999927,-1.0199999999999818,-0.910000000000764,-4.0570000000006985,sl,runner,1,2026-03-18
1773839100000,1773839100000,1773839120000,-1,4860.405,4864.485,4864.405,4.0,-4.079999999999927,-1.0199999999999818,0.6999999999998181,-4.447000000000116,sl,runner,1,2026-03-18
1773860400000,1773860400000,1773860450000,-1,4852.674999999999,4846.075,4856.674999999999,4.0,6.599999999999454,1.6499999999998636,8.679999999999382,-0.7000000000007276,trail,runner,1,2026-03-18
1773864900000,1773864900000,1773865010000,-1,4825.504999999999,4822.205,4829.504999999999,4.0,3.2999999999992724,0.8249999999998181,5.3799999999992,-0.8500000000012733,trail,runner,1,2026-03-18
1773865200000,1773865200000,1773865260000,-1,4821.728,4825.808,4825.728,4.0,-4.079999999999927,-1.0199999999999818,1.3630000000002838,-4.1469999999999345,sl,runner,1,2026-03-18
1773865800000,1773865800000,1773865970000,-1,4810.9349999999995,4815.014999999999,4814.9349999999995,4.0,-4.079999999999927,-1.0199999999999818,3.5999999999994543,-4.380000000001019,sl,runner,1,2026-03-18
1773884400000,1773884400000,1773884500000,1,4862.695000000001,4864.865,4858.695000000001,4.0,2.1699999999991633,0.5424999999997908,4.2499999999990905,-1.7700000000004366,trail,runner,1,2026-03-19
1773884700000,1773884700000,1773884730000,1,4866.305,4862.225,4862.305,4.0,-4.079999999999927,-1.0199999999999818,-0.8000000000001819,-4.210000000000036,sl,runner,1,2026-03-19
1773901500000,1773901500000,1773901660000,-1,4819.224999999999,4823.304999999999,4823.224999999999,4.0,-4.079999999999927,-1.0199999999999818,2.472999999999047,-4.470000000001164,sl,runner,1,2026-03-19
1773901800000,1773901800000,1773901890000,-1,4813.4349999999995,4817.514999999999,4817.4349999999995,4.0,-4.079999999999927,-1.0199999999999818,-0.2900000000008731,-5.240000000000691,sl,runner,1,2026-03-19
1773902100000,1773902100000,1773902150000,-1,4807.875,4801.965,4811.875,4.0,5.9099999999998545,1.4774999999999636,8.420000000000073,-1.1199999999998909,trail,runner,1,2026-03-19
1773902400000,1773902400000,1773902490000,-1,4795.825,4788.195,4799.825,4.0,7.630000000000109,1.9075000000000273,9.710000000000036,-1.0300000000006548,trail,runner,1,2026-03-19
1773902700000,1773902700000,1773902780000,-1,4785.678,4777.695,4789.678,4.0,7.983000000000175,1.9957500000000437,10.063000000000102,-3.2269999999998618,trail,runner,1,2026-03-19
1773903000000,1773903000000,1773903040000,-1,4766.844999999999,4763.905,4770.844999999999,4.0,2.9399999999996,0.7349999999999,6.549999999999272,-1.2800000000006548,trail,runner,1,2026-03-19
1773903300000,1773903300000,1773903320000,-1,4754.264999999999,4758.344999999999,4758.264999999999,4.0,-4.079999999999927,-1.0199999999999818,0.9799999999995634,-4.960000000000946,sl,runner,1,2026-03-19
1773906300000,1773906300000,1773906370000,-1,4739.254999999999,4743.334999999999,4743.254999999999,4.0,-4.079999999999927,-1.0199999999999818,0.039999999999054126,-6.650000000000546,sl,runner,1,2026-03-19
1773907200000,1773907200000,1773907220000,-1,4727.424999999999,4731.504999999999,4731.424999999999,4.0,-4.079999999999927,-1.0199999999999818,-0.07000000000061846,-6.050000000001091,sl,runner,1,2026-03-19
1773907800000,1773907800000,1773907810000,-1,4714.875,4718.955,4718.875,4.0,-4.079999999999927,-1.0199999999999818,-0.7700000000004366,-5.610000000000582,sl,runner,1,2026-03-19
1773909900000,1773909900000,1773909930000,-1,4688.134999999999,4692.214999999999,4692.134999999999,4.0,-4.079999999999927,-1.0199999999999818,0.5599999999994907,-4.917000000001281,sl,runner,1,2026-03-19
1773915900000,1773915900000,1773915920000,-1,4678.504999999999,4682.584999999999,4682.504999999999,4.0,-4.079999999999927,-1.0199999999999818,-0.8300000000008367,-5.030000000000655,sl,runner,1,2026-03-19
1773920700000,1773920700000,1773920800000,-1,4663.985,4659.872,4667.985,4.0,4.112999999999374,1.0282499999998436,6.1929999999993015,-3.667000000000371,trail,runner,1,2026-03-19
1773921300000,1773921300000,1773921330000,-1,4652.344999999999,4656.424999999999,4656.344999999999,4.0,-4.079999999999927,-1.0199999999999818,-0.07000000000061846,-4.700000000000728,sl,runner,1,2026-03-19
1773921900000,1773921900000,1773921930000,-1,4630.1849999999995,4634.264999999999,4634.1849999999995,4.0,-4.079999999999927,-1.0199999999999818,2.0599999999994907,-5.100000000000364,sl,runner,1,2026-03-19
1773922500000,1773922500000,1773922540000,-1,4619.174999999999,4615.232,4623.174999999999,4.0,3.9429999999993015,0.9857499999998254,6.022999999999229,-0.877000000001317,trail,runner,1,2026-03-19
1773923100000,1773923100000,1773923220000,-1,4604.764999999999,4608.844999999999,4608.764999999999,4.0,-4.079999999999927,-1.0199999999999818,1.4129999999995562,-4.740000000000691,sl,runner,1,2026-03-19
1773924300000,1773924300000,1773924330000,-1,4562.697999999999,4563.615,4566.697999999999,4.0,-0.9170000000003711,-0.22925000000009277,6.542999999999665,-2.777000000000953,trail,runner,1,2026-03-19
1773924600000,1773924600000,1773924610000,-1,4557.165,4561.245,4561.165,4.0,-4.079999999999927,-1.0199999999999818,-0.3900000000003274,-5.670000000000073,sl,runner,1,2026-03-19
1773947400000,1773947400000,1773947420000,1,4650.435,4646.3550000000005,4646.435,4.0,-4.079999999999927,-1.0199999999999818,0.8899999999994179,-8.94000000000051,sl,runner,1,2026-03-19
1773958200000,1773958200000,1773958570000,1,4666.365000000001,4674.735,4662.365000000001,4.0,8.369999999998981,2.0924999999997453,10.449999999998909,-3.220000000001164,trail,runner,1,2026-03-20
1773971100000,1773971100000,1773971190000,1,4686.865000000001,4697.055,4682.865000000001,4.0,10.1899999999996,2.5474999999999,12.269999999999527,-1.5800000000008367,trail,runner,1,2026-03-20
1773975000000,1773975000000,1773975150000,1,4700.305,4696.225,4696.305,4.0,-4.079999999999927,-1.0199999999999818,3.0599999999994907,-4.580000000000837,sl,runner,1,2026-03-20
1773975900000,1773975900000,1773975990000,1,4707.8150000000005,4712.675,4703.8150000000005,4.0,4.859999999999673,1.2149999999999181,7.6799999999993815,-2.3900000000003274,trail,runner,1,2026-03-20
1773976200000,1773976200000,1773976240000,1,4716.715,4718.905,4712.715,4.0,2.1899999999996,0.5474999999999,4.269999999999527,-0.8400000000001455,trail,runner,1,2026-03-20
1773976800000,1773976800000,1773976830000,1,4733.902,4729.822,4729.902,4.0,-4.079999999999927,-1.0199999999999818,0.8829999999998108,-4.3270000000002256,sl,runner,1,2026-03-20
1773988800000,1773988800000,1773988960000,-1,4667.764999999999,4663.865,4671.764999999999,4.0,3.899999999999636,0.974999999999909,5.979999999999563,-1.3800000000010186,trail,runner,1,2026-03-20
1773989100000,1773989100000,1773989120000,-1,4665.638,4669.718,4669.638,4.0,-4.079999999999927,-1.0199999999999818,-0.27700000000004366,-4.6270000000004075,sl,runner,1,2026-03-20
1774001100000,1774001100000,1774001110000,-1,4652.924999999999,4657.004999999999,4656.924999999999,4.0,-4.079999999999927,-1.0199999999999818,-0.8600000000005821,-10.920000000000982,sl,runner,1,2026-03-20
1774014900000,1774014900000,1774014920000,-1,4621.745,4626.232,4625.745,4.0,-4.48700000000008,-1.12175000000002,-0.5100000000002183,-6.230000000000473,sl,runner,1,2026-03-20
1774015200000,1774015200000,1774015240000,-1,4616.014999999999,4613.775000000001,4620.014999999999,4.0,2.2399999999988722,0.5599999999997181,6.949999999998909,-2.9400000000005093,trail,runner,1,2026-03-20
1774016100000,1774016100000,1774016140000,-1,4586.875,4578.6050000000005,4590.875,4.0,8.269999999999527,2.0674999999998818,10.349999999999454,-2.356999999999971,trail,runner,1,2026-03-20
1774016400000,1774016400000,1774016480000,-1,4574.884999999999,4570.125,4578.884999999999,4.0,4.759999999999309,1.1899999999998272,6.839999999999236,-2.980000000000473,trail,runner,1,2026-03-20
1774017000000,1774017000000,1774017010000,-1,4558.214999999999,4562.294999999999,4562.214999999999,4.0,-4.079999999999927,-1.0199999999999818,0.002999999998792191,-5.81000000000131,sl,runner,1,2026-03-20
1774032300000,1774032300000,1774032310000,-1,4525.598,4529.678,4529.598,4.0,-4.079999999999927,-1.0199999999999818,-0.8870000000006257,-4.167000000000371,sl,runner,1,2026-03-20
1774032600000,1774032600000,1774032650000,-1,4510.6179999999995,4506.265,4514.6179999999995,4.0,4.352999999999156,1.088249999999789,9.122999999999593,-1.037000000000262,trail,runner,1,2026-03-20
1774032900000,1774032900000,1774032930000,-1,4502.264999999999,4495.652,4506.264999999999,4.0,6.612999999999374,1.6532499999998436,10.272999999999229,-1.3870000000006257,trail,runner,1,2026-03-20
1774033200000,1774033200000,1774033210000,-1,4499.525,4503.605,4503.525,4.0,-4.079999999999927,-1.0199999999999818,-0.8470000000006621,-11.957000000000335,sl,runner,1,2026-03-20
1774217100000,1774217100000,1774217140000,-1,4475.275,4479.355,4479.275,4.0,-4.079999999999927,-1.0199999999999818,2.089999999999236,-4.0700000000006185,sl,runner,1,2026-03-23
1774224300000,1774224300000,1774224370000,-1,4439.745,4427.915,4443.745,4.0,11.829999999999927,2.957499999999982,13.909999999999854,-2.300000000000182,trail,runner,1,2026-03-23
1774225200000,1774225200000,1774225220000,-1,4424.585,4428.665,4428.585,4.0,-4.079999999999927,-1.0199999999999818,0.13999999999941792,-4.510000000000218,sl,runner,1,2026-03-23
1774226100000,1774226100000,1774226140000,-1,4400.665,4368.155,4404.665,4.0,32.51000000000022,8.127500000000055,35.469999999999345,-1.4600000000000364,trail,runner,1,2026-03-23
1774226400000,1774226400000,1774226410000,-1,4348.804999999999,4352.884999999999,4352.804999999999,4.0,-4.079999999999927,-1.0199999999999818,-0.840000000001055,-9.830000000000837,sl,runner,1,2026-03-23
1774244100000,1774244100000,1774244130000,-1,4332.474999999999,4336.554999999999,4336.474999999999,4.0,-4.079999999999927,-1.0199999999999818,0.039999999999054126,-5.230000000000473,sl,runner,1,2026-03-23
1774245300000,1774245300000,1774245340000,-1,4303.298,4307.378,4307.298,4.0,-4.079999999999927,-1.0199999999999818,0.5729999999994106,-8.027000000000044,sl,runner,1,2026-03-23
1774245900000,1774245900000,1774245950000,-1,4285.748,4283.385,4289.748,4.0,2.3629999999993743,0.5907499999998436,4.4429999999993015,-1.147000000000844,trail,runner,1,2026-03-23
1774246200000,1774246200000,1774246210000,-1,4274.915,4278.995,4278.915,4.0,-4.079999999999927,-1.0199999999999818,-0.75,-4.619999999999891,sl,runner,1,2026-03-23
1774247400000,1774247400000,1774247420000,-1,4243.085,4240.6050000000005,4247.085,4.0,2.4799999999995634,0.6199999999998909,4.559999999999491,-1.4600000000000364,trail,runner,1,2026-03-23
1774247700000,1774247700000,1774247710000,-1,4236.884999999999,4240.964999999999,4240.884999999999,4.0,-4.079999999999927,-1.0199999999999818,0.6199999999989814,-4.040000000000873,sl,runner,1,2026-03-23
1774248300000,1774248300000,1774248310000,-1,4182.014999999999,4186.094999999999,4186.014999999999,4.0,-4.079999999999927,-1.0199999999999818,-0.5000000000009095,-5.010000000001128,sl,runner,1,2026-03-23
1774249800000,1774249800000,1774249810000,-1,4158.045,4162.125,4162.045,4.0,-4.079999999999927,-1.0199999999999818,-1.0250000000005457,-9.800000000000182,sl,runner,1,2026-03-23
1774250100000,1774250100000,1774250120000,-1,4129.424999999999,4125.152,4133.424999999999,4.0,4.272999999999229,1.0682499999998072,6.372999999998683,-4.880000000001019,trail,runner,1,2026-03-23
1774250400000,1774250400000,1774250430000,-1,4116.014999999999,4109.472,4120.014999999999,4.0,6.542999999999665,1.6357499999999163,10.82799999999952,-3.497000000001208,trail,runner,1,2026-03-23
1774264200000,1774264200000,1774264210000,1,4408.502,4404.4220000000005,4404.502,4.0,-4.079999999999927,-1.0199999999999818,2.45299999999952,-9.067000000000917,sl,runner,1,2026-03-23
1774264500000,1774264500000,1774264510000,1,4458.152,4454.072,4454.152,4.0,-4.079999999999927,-1.0199999999999818,1.712999999999738,-6.47400000000016,sl,runner,1,2026-03-23
1774270500000,1774270500000,1774270520000,1,4468.375,4464.295,4464.375,4.0,-4.079999999999927,-1.0199999999999818,0.7699999999995271,-4.940000000000509,sl,runner,1,2026-03-23
1774275900000,1774275900000,1774275960000,1,4504.955,4509.295,4500.955,4.0,4.3400000000001455,1.0850000000000364,6.529999999999745,-3.3460000000004584,trail,runner,1,2026-03-23
1774312800000,1774312800000,1774312820000,-1,4352.464999999999,4341.045,4356.464999999999,4.0,11.419999999999163,2.854999999999791,20.159999999998945,-2.240000000000691,trail,runner,1,2026-03-24
1774314900000,1774314900000,1774314910000,-1,4330.705,4334.785,4334.705,4.0,-4.079999999999927,-1.0199999999999818,-1.1199999999998909,-7.130000000000109,sl,runner,1,2026-03-24
1774316700000,1774316700000,1774316720000,-1,4321.445,4325.525,4325.445,4.0,-4.079999999999927,-1.0199999999999818,1.5929999999998472,-4.537000000000262,sl,runner,1,2026-03-24
1774317000000,1774317000000,1774317030000,-1,4314.304999999999,4318.384999999999,4318.304999999999,4.0,-4.079999999999927,-1.0199999999999818,-0.3500000000003638,-4.1800000000012005,sl,runner,1,2026-03-24
1774333500000,1774333500000,1774333570000,1,4386.015,4393.058,4382.015,4.0,7.042999999999665,1.7607499999999163,9.299999999999272,-3.6270000000004075,trail,runner,1,2026-03-24
1774335600000,1774335600000,1774335640000,1,4403.0650000000005,4408.775,4399.0650000000005,4.0,5.709999999999127,1.4274999999997817,7.9999999999990905,-3.7500000000009095,trail,runner,1,2026-03-24
1774335900000,1774335900000,1774335960000,1,4409.555,4412.8949999999995,4405.555,4.0,3.339999999999236,0.834999999999809,5.6799999999993815,-3.367000000000189,trail,runner,1,2026-03-24
1774336200000,1774336200000,1774336290000,1,4415.795,4422.235,4411.795,4.0,6.4399999999996,1.6099999999999,8.519999999999527,-1.0600000000004002,trail,runner,1,2026-03-24
1774336500000,1774336500000,1774336540000,1,4425.465,4421.385,4421.465,4.0,-4.079999999999927,-1.0199999999999818,-1.050000000000182,-6.420000000000073,sl,runner,1,2026-03-24
1774350000000,1774350000000,1774350100000,1,4439.502,4435.4220000000005,4435.502,4.0,-4.079999999999927,-1.0199999999999818,2.3129999999991924,-60.197000000001026,sl,runner,1,2026-03-24
1774356000000,1774356000000,1774356010000,-1,4364.295,4368.375,4368.295,4.0,-4.079999999999927,-1.0199999999999818,-0.73700000000008,-4.837000000000444,sl,runner,1,2026-03-24
1774359000000,1774359000000,1774359010000,-1,4356.008,4360.088,4360.008,4.0,-4.079999999999927,-1.0199999999999818,-1.0670000000000073,-9.033000000000357,sl,runner,1,2026-03-24
1774383900000,1774383900000,1774383960000,1,4464.445000000001,4478.255,4460.445000000001,4.0,13.80999999999949,3.4524999999998727,16.159999999998945,-2.8700000000008004,trail,runner,1,2026-03-24
1774390200000,1774390200000,1774390350000,1,4485.135,4481.055,4481.135,4.0,-4.079999999999927,-1.0199999999999818,-0.33700000000044383,-5.080000000000837,sl,runner,1,2026-03-25
1774394400000,1774394400000,1774394760000,1,4499.035000000001,4500.965,4495.035000000001,4.0,1.9299999999993815,0.4824999999998454,4.009999999999309,-3.770000000001346,trail,runner,1,2026-03-25
1774395000000,1774395000000,1774395090000,1,4510.905000000001,4506.825000000001,4506.905000000001,4.0,-4.079999999999927,-1.0199999999999818,0.7029999999995198,-5.657000000001062,sl,runner,1,2026-03-25
1774395600000,1774395600000,1774395610000,1,4547.062000000001,4542.982000000001,4543.062000000001,4.0,-4.079999999999927,-1.0199999999999818,-0.9970000000012078,-4.757000000001426,sl,runner,1,2026-03-25
1774396200000,1774396200000,1774396210000,1,4550.512000000001,4546.432000000001,4546.512000000001,4.0,-4.079999999999927,-1.0199999999999818,0.5559999999995853,-5.0440000000007785,sl,runner,1,2026-03-25
1774397100000,1774397100000,1774397150000,1,4554.285000000001,4550.205000000001,4550.285000000001,4.0,-4.079999999999927,-1.0199999999999818,-0.05700000000069849,-5.100000000001273,sl,runner,1,2026-03-25
1774398900000,1774398900000,1774399330000,1,4560.772,4566.735,4556.772,4.0,5.962999999999738,1.4907499999999345,8.042999999999665,-1.667000000000371,trail,runner,1,2026-03-25
1774401000000,1774401000000,1774401220000,1,4577.0650000000005,4572.985000000001,4573.0650000000005,4.0,-4.079999999999927,-1.0199999999999818,1.3129999999991924,-5.137000000000626,sl,runner,1,2026-03-25
1774402500000,1774402500000,1774402810000,1,4585.402,4587.724999999999,4581.402,4.0,2.3229999999994106,0.5807499999998527,4.402999999999338,-1.7269999999998618,trail,runner,1,2026-03-25
1774403400000,1774403400000,1774404020000,1,4597.082,4593.002,4593.082,4.0,-4.079999999999927,-1.0199999999999818,3.8229999999994106,-4.247000000000298,sl,runner,1,2026-03-25
1774416900000,1774416900000,1774417000000,-1,4552.634999999999,4556.714999999999,4556.634999999999,4.0,-4.079999999999927,-1.0199999999999818,0.2499999999990905,-4.420000000000982,sl,runner,1,2026-03-25
1774419000000,1774419000000,1774419050000,-1,4540.197999999999,4544.277999999999,4544.197999999999,4.0,-4.079999999999927,-1.0199999999999818,0.7529999999987922,-5.687000000000808,sl,runner,1,2026-03-25
1774419300000,1774419300000,1774419320000,-1,4533.995,4538.075,4537.995,4.0,-4.079999999999927,-1.0199999999999818,-1.0100000000002183,-5.579999999999927,sl,runner,1,2026-03-25
1774465800000,1774465800000,1774465830000,-1,4503.455,4503.395,4507.455,4.0,0.05999999999949068,0.01499999999987267,5.470999999999549,-2.8900000000003274,trail,runner,1,2026-03-25
1774503000000,1774503000000,1774503020000,-1,4493.214999999999,4482.775000000001,4497.214999999999,4.0,10.43999999999869,2.6099999999996726,12.539999999999054,-1.5300000000006548,trail,runner,1,2026-03-26
1774504200000,1774504200000,1774504220000,-1,4472.665,4476.745,4476.665,4.0,-4.079999999999927,-1.0199999999999818,-0.5500000000001819,-4.010000000000218,sl,runner,1,2026-03-26
1774504500000,1774504500000,1774504600000,-1,4462.075,4453.525000000001,4466.075,4.0,8.549999999999272,2.137499999999818,10.929999999999382,-1.8200000000006185,trail,runner,1,2026-03-26
1774504800000,1774504800000,1774504810000,-1,4438.955,4443.035,4442.955,4.0,-4.079999999999927,-1.0199999999999818,0.42000000000007276,-5.0,sl,runner,1,2026-03-26
1774505700000,1774505700000,1774505710000,-1,4420.915,4424.995,4424.915,4.0,-4.079999999999927,-1.0199999999999818,-0.8900000000003274,-4.010000000000218,sl,runner,1,2026-03-26
1774535700000,1774535700000,1774535740000,1,4475.582,4471.502,4471.582,4.0,-4.079999999999927,-1.0199999999999818,2.982999999999265,-4.597000000000662,sl,runner,1,2026-03-26
1774542300000,1774542300000,1774542330000,-1,4400.375,4389.325,4404.375,4.0,11.050000000000182,2.7625000000000455,13.13000000000011,-1.480000000000473,trail,runner,1,2026-03-26
1774543200000,1774543200000,1774543250000,-1,4375.504999999999,4379.584999999999,4379.504999999999,4.0,-4.079999999999927,-1.0199999999999818,0.9599999999991269,-6.04700000000139,sl,runner,1,2026-03-26
1774554900000,1774554900000,1774555130000,-1,4364.115,4361.735,4368.115,4.0,2.380000000000109,0.5950000000000273,4.460000000000036,-3.8900000000003274,trail,runner,1,2026-03-26
1774555500000,1774555500000,1774555670000,-1,4353.445,4357.525,4357.445,4.0,-4.079999999999927,-1.0199999999999818,1.6429999999991196,-4.0600000000004,sl,runner,1,2026-03-26
1774557600000,1774557600000,1774557610000,1,4420.805,4416.725,4416.805,4.0,-4.079999999999927,-1.0199999999999818,-1.1500000000005457,-5.470000000000255,sl,runner,1,2026-03-26
1774577100000,1774577100000,1774577170000,1,4431.235000000001,4427.155000000001,4427.235000000001,4.0,-4.079999999999927,-1.0199999999999818,0.37999999999919964,-4.150000000000546,sl,runner,1,2026-03-27
1774577400000,1774577400000,1774577480000,1,4436.425,4432.345,4432.425,4.0,-4.079999999999927,-1.0199999999999818,2.969999999999345,-4.350000000000364,sl,runner,1,2026-03-27
1774590000000,1774590000000,1774590090000,1,4474.615000000001,4470.535000000001,4470.615000000001,4.0,-4.079999999999927,-1.0199999999999818,0.2499999999990905,-5.1800000000012005,sl,runner,1,2026-03-27
1774602600000,1774602600000,1774602740000,-1,4422.795,4426.875,4426.795,4.0,-4.079999999999927,-1.0199999999999818,1.430000000000291,-4.520000000000437,sl,runner,1,2026-03-27
1774620300000,1774620300000,1774620360000,1,4458.475,4460.818,4454.475,4.0,2.342999999999847,0.5857499999999618,4.4229999999997744,-1.2500000000009095,trail,runner,1,2026-03-27
1774621200000,1774621200000,1774621290000,1,4466.762000000001,4462.682000000001,4462.762000000001,4.0,-4.079999999999927,-1.0199999999999818,2.582999999999629,-5.1140000000004875,sl,runner,1,2026-03-27
1774623000000,1774623000000,1774623100000,1,4474.175,4491.865,4470.175,4.0,17.6899999999996,4.4224999999999,21.299999999999272,-2.0570000000006985,trail,runner,1,2026-03-27
1774623300000,1774623300000,1774623330000,1,4489.725,4494.045,4485.725,4.0,4.319999999999709,1.0799999999999272,6.399999999999636,-1.0870000000004438,trail,runner,1,2026-03-27
1774623600000,1774623600000,1774623630000,1,4510.5650000000005,4506.485000000001,4506.5650000000005,4.0,-4.079999999999927,-1.0199999999999818,2.7299999999995634,-5.470000000000255,sl,runner,1,2026-03-27
1774623900000,1774623900000,1774623910000,1,4515.802000000001,4511.722000000001,4511.802000000001,4.0,-4.079999999999927,-1.0199999999999818,-0.9870000000009895,-4.04700000000048,sl,runner,1,2026-03-27
1774624500000,1774624500000,1774624580000,1,4525.875,4521.795,4521.875,4.0,-4.079999999999927,-1.0199999999999818,2.632999999999811,-4.54700000000048,sl,runner,1,2026-03-27
1774625100000,1774625100000,1774625130000,1,4545.535000000001,4543.1849999999995,4541.535000000001,4.0,-2.3500000000012733,-0.5875000000003183,4.269999999998618,-2.4300000000012005,trail,runner,1,2026-03-27
1774827300000,1774827300000,1774827360000,-1,4458.437999999999,4452.8150000000005,4462.437999999999,4.0,5.622999999998683,1.4057499999996708,8.783999999998741,-2.1870000000008076,trail,runner,1,2026-03-30
1774828200000,1774828200000,1774828210000,-1,4444.214999999999,4448.294999999999,4448.214999999999,4.0,-4.079999999999927,-1.0199999999999818,-1.2900000000008731,-5.300000000001091,sl,runner,1,2026-03-30
1774829100000,1774829100000,1774829120000,-1,4434.735,4438.815,4438.735,4.0,-4.079999999999927,-1.0199999999999818,-1.1400000000003274,-7.0000000000009095,sl,runner,1,2026-03-30
1774829400000,1774829400000,1774829420000,-1,4428.615,4432.695,4432.615,4.0,-4.079999999999927,-1.0199999999999818,-0.6500000000005457,-4.177000000000589,sl,runner,1,2026-03-30
1774840200000,1774840200000,1774840270000,1,4507.272,4503.192,4503.272,4.0,-4.079999999999927,-1.0199999999999818,0.943000000000211,-4.417000000000371,sl,runner,1,2026-03-30
1774841100000,1774841100000,1774841230000,1,4512.312000000001,4508.232000000001,4508.312000000001,4.0,-4.079999999999927,-1.0199999999999818,0.04299999999875581,-5.517000000000735,sl,runner,1,2026-03-30
1774850100000,1774850100000,1774850130000,1,4526.765,4522.685,4522.765,4.0,-4.079999999999927,-1.0199999999999818,-0.9400000000005093,-4.660000000000764,sl,runner,1,2026-03-30
1774851000000,1774851000000,1774851100000,1,4529.545,4531.595,4525.545,4.0,2.050000000000182,0.5125000000000455,4.130000000000109,-2.850000000000364,trail,runner,1,2026-03-30
1774853400000,1774853400000,1774853450000,1,4546.725,4542.645,4542.725,4.0,-4.079999999999927,-1.0199999999999818,-0.410000000000764,-4.207000000000335,sl,runner,1,2026-03-30
1774871100000,1774871100000,1774871250000,1,4566.905000000001,4569.418,4562.905000000001,4.0,2.5129999999990105,0.6282499999997526,5.162999999999556,-2.6200000000008004,trail,runner,1,2026-03-30
1774871400000,1774871400000,1774871460000,1,4571.3550000000005,4574.015,4567.3550000000005,4.0,2.6599999999998545,0.6649999999999636,4.739999999999782,-1.610000000000582,trail,runner,1,2026-03-30
1774879200000,1774879200000,1774879210000,-1,4522.875,4526.955,4526.875,4.0,-4.079999999999927,-1.0199999999999818,-0.09000000000014552,-5.3200000000006185,sl,runner,1,2026-03-30
1774915500000,1774915500000,1774915540000,1,4529.142000000001,4525.062000000001,4525.142000000001,4.0,-4.079999999999927,-1.0199999999999818,-0.9770000000007713,-5.477000000000771,sl,runner,1,2026-03-31
1774917600000,1774917600000,1774917670000,1,4530.795,4526.715,4526.795,4.0,-4.079999999999927,-1.0199999999999818,0.18999999999959982,-4.960000000000036,sl,runner,1,2026-03-31
1774917900000,1774917900000,1774917950000,1,4537.025000000001,4541.355,4533.025000000001,4.0,4.329999999999018,1.0824999999997544,6.409999999998945,-1.6500000000005457,trail,runner,1,2026-03-31
1774918200000,1774918200000,1774918530000,1,4538.895,4542.105,4534.895,4.0,3.209999999999127,0.8024999999997817,5.289999999999054,-3.9700000000002547,trail,runner,1,2026-03-31
1774918800000,1774918800000,1774918820000,1,4547.915,4543.835,4543.915,4.0,-4.079999999999927,-1.0199999999999818,1.4600000000000364,-5.319999999999709,sl,runner,1,2026-03-31
1774920000000,1774920000000,1774920020000,1,4569.625,4565.545,4565.625,4.0,-4.079999999999927,-1.0199999999999818,0.17000000000007276,-4.007000000000517,sl,runner,1,2026-03-31
1774920300000,1774920300000,1774920310000,1,4585.705,4581.625,4581.705,4.0,-4.079999999999927,-1.0199999999999818,-0.2899999999999636,-4.199999999999818,sl,runner,1,2026-03-31
1774921500000,1774921500000,1774921530000,1,4618.345,4614.265,4614.345,4.0,-4.079999999999927,-1.0199999999999818,0.7999999999992724,-5.910000000000764,sl,runner,1,2026-03-31
1774956300000,1774956300000,1774956430000,1,4576.435,4580.925,4572.435,4.0,4.489999999999782,1.1224999999999454,6.569999999999709,-0.9400000000005093,trail,runner,1,2026-03-31
1774957200000,1774957200000,1774957260000,1,4590.085,4586.005,4586.085,4.0,-4.079999999999927,-1.0199999999999818,0.5900000000001455,-4.150000000000546,sl,runner,1,2026-03-31
1774965300000,1774965300000,1774965360000,1,4606.925,4602.845,4602.925,4.0,-4.079999999999927,-1.0199999999999818,0.51299999999992,-5.5600000000004,sl,runner,1,2026-03-31
1774965900000,1774965900000,1774965940000,1,4614.665,4610.585,4610.665,4.0,-4.079999999999927,-1.0199999999999818,0.9399999999995998,-5.25,sl,runner,1,2026-03-31
1774975500000,1774975500000,1774975510000,1,4642.035000000001,4637.955000000001,4638.035000000001,4.0,-4.079999999999927,-1.0199999999999818,-0.8900000000012369,-5.880000000001019,sl,runner,1,2026-03-31
1774978500000,1774978500000,1774978600000,1,4659.455,4655.375,4655.455,4.0,-4.079999999999927,-1.0199999999999818,1.082999999999629,-4.980000000000473,sl,runner,1,2026-03-31
1774996800000,1774996800000,1774996860000,1,4694.135,4690.055,4690.135,4.0,-4.079999999999927,-1.0199999999999818,2.0,-4.470000000000255,sl,runner,1,2026-04-01
1775002200000,1775002200000,1775002260000,1,4701.642000000001,4697.562000000001,4697.642000000001,4.0,-4.079999999999927,-1.0199999999999818,-1.0970000000006621,-4.087000000001353,sl,runner,1,2026-04-01
1775002800000,1775002800000,1775003080000,1,4707.655000000001,4711.815,4703.655000000001,4.0,4.159999999998945,1.0399999999997362,6.239999999998872,-2.2600000000011278,trail,runner,1,2026-04-01
1775003100000,1775003100000,1775003320000,1,4715.155000000001,4719.455,4711.155000000001,4.0,4.299999999999272,1.074999999999818,6.3799999999992,-1.9200000000009823,trail,runner,1,2026-04-01
1775003400000,1775003400000,1775003470000,1,4722.502,4718.4220000000005,4718.502,4.0,-4.079999999999927,-1.0199999999999818,-0.16700000000037107,-4.087000000000444,sl,runner,1,2026-04-01
1775024700000,1775024700000,1775024730000,1,4709.902,4705.822,4705.902,4.0,-4.079999999999927,-1.0199999999999818,0.4329999999999927,-5.337000000000444,sl,runner,1,2026-04-01
1775026200000,1775026200000,1775026230000,1,4724.925,4720.845,4720.925,4.0,-4.079999999999927,-1.0199999999999818,0.06999999999970896,-5.039999999999964,sl,runner,1,2026-04-01
1775026800000,1775026800000,1775026830000,1,4731.562000000001,4727.482000000001,4727.562000000001,4.0,-4.079999999999927,-1.0199999999999818,0.5729999999994106,-5.377000000001317,sl,runner,1,2026-04-01
1775029200000,1775029200000,1775029250000,1,4742.285000000001,4738.205000000001,4738.285000000001,4.0,-4.079999999999927,-1.0199999999999818,-0.8900000000012369,-4.220000000001164,sl,runner,1,2026-04-01
1775055300000,1775055300000,1775055350000,1,4768.455,4764.375,4764.455,4.0,-4.079999999999927,-1.0199999999999818,0.0999999999994543,-5.150000000000546,sl,runner,1,2026-04-01
1775056200000,1775056200000,1775056230000,1,4773.692,4769.612,4769.692,4.0,-4.079999999999927,-1.0199999999999818,1.0779999999995198,-4.8770000000004075,sl,runner,1,2026-04-01
1775057700000,1775057700000,1775058280000,1,4780.462,4784.375,4776.462,4.0,3.912999999999556,0.978249999999889,5.992999999999483,-1.774000000000342,trail,runner,1,2026-04-01
1775091900000,1775091900000,1775091920000,-1,4742.844999999999,4739.085,4746.844999999999,4.0,3.759999999999309,0.9399999999998272,8.252999999998792,-1.6870000000008076,trail,runner,1,2026-04-02
1775093100000,1775093100000,1775093110000,-1,4713.174999999999,4717.254999999999,4717.174999999999,4.0,-4.079999999999927,-1.0199999999999818,1.389999999999418,-4.240000000000691,sl,runner,1,2026-04-02
1775093400000,1775093400000,1775093410000,-1,4695.165,4699.245,4699.165,4.0,-4.079999999999927,-1.0199999999999818,2.75,-4.3270000000002256,sl,runner,1,2026-04-02
1775093700000,1775093700000,1775093750000,-1,4680.998,4677.785,4684.998,4.0,3.212999999999738,0.8032499999999345,5.7629999999990105,-1.417000000000371,trail,runner,1,2026-04-02
1775108700000,1775108700000,1775108750000,-1,4634.205,4625.485,4638.205,4.0,8.720000000000255,2.1800000000000637,10.800000000000182,-1.730000000000473,trail,runner,1,2026-04-02
1775109000000,1775109000000,1775109030000,-1,4591.045,4595.125,4595.045,4.0,-4.079999999999927,-1.0199999999999818,4.149999999999636,-4.369999999999891,sl,runner,1,2026-04-02
1775109900000,1775109900000,1775109910000,-1,4584.724999999999,4588.804999999999,4588.724999999999,4.0,-4.079999999999927,-1.0199999999999818,-0.7000000000007276,-4.680000000000291,sl,runner,1,2026-04-02
1775110200000,1775110200000,1775110250000,-1,4567.535,4560.665,4571.535,4.0,6.869999999999891,1.7174999999999727,8.949999999999818,-3.6500000000005457,trail,runner,1,2026-04-02
1775130300000,1775130300000,1775130560000,-1,4599.585,4603.665,4603.585,4.0,-4.079999999999927,-1.0199999999999818,2.699999999999818,-4.467000000000553,sl,runner,1,2026-04-02
1775138400000,1775138400000,1775138440000,1,4646.925,4642.845,4642.925,4.0,-4.079999999999927,-1.0199999999999818,3.0799999999999272,-11.910000000000764,sl,runner,1,2026-04-02
1775139600000,1775139600000,1775139760000,1,4660.865000000001,4663.724999999999,4656.865000000001,4.0,2.859999999998763,0.7149999999996908,4.93999999999869,-2.230000000000473,trail,runner,1,2026-04-02
1775139900000,1775139900000,1775139930000,1,4675.762000000001,4671.682000000001,4671.762000000001,4.0,-4.079999999999927,-1.0199999999999818,-0.2470000000012078,-5.207000000001244,sl,runner,1,2026-04-02
1775140800000,1775140800000,1775140880000,1,4687.765,4683.685,4683.765,4.0,-4.079999999999927,-1.0199999999999818,3.4299999999993815,-4.29700000000048,sl,runner,1,2026-04-02
1775426700000,1775426700000,1775426720000,-1,4636.714999999999,4634.245,4640.714999999999,4.0,2.469999999999345,0.6174999999998363,4.549999999999272,-2.470000000001164,trail,runner,1,2026-04-06
1775435400000,1775435400000,1775435460000,-1,4602.9349999999995,4607.014999999999,4606.9349999999995,4.0,-4.079999999999927,-1.0199999999999818,-0.8000000000010914,-4.450000000000728,sl,runner,1,2026-04-06
1775442000000,1775442000000,1775442100000,1,4663.955,4668.275,4659.955,4.0,4.319999999999709,1.0799999999999272,6.399999999999636,-1.4700000000002547,trail,runner,1,2026-04-06
1775462100000,1775462100000,1775462260000,1,4681.595,4685.425,4677.595,4.0,3.8299999999999272,0.9574999999999818,5.9099999999998545,-1.5,trail,runner,1,2026-04-06
1775462700000,1775462700000,1775462740000,1,4693.875,4689.795,4689.875,4.0,-4.079999999999927,-1.0199999999999818,-0.8200000000006185,-5.699999999999818,sl,runner,1,2026-04-06
1775490000000,1775490000000,1775490150000,-1,4654.594999999999,4658.674999999999,4658.594999999999,4.0,-4.079999999999927,-1.0199999999999818,0.47999999999956344,-4.080000000000837,sl,runner,1,2026-04-06
1775550300000,1775550300000,1775550440000,1,4684.805,4680.725,4680.805,4.0,-4.079999999999927,-1.0199999999999818,2.069999999999709,-4.940000000000509,sl,runner,1,2026-04-07
1775553900000,1775553900000,1775554060000,1,4694.595,4690.515,4690.595,4.0,-4.079999999999927,-1.0199999999999818,-0.6900000000005093,-4.920000000000073,sl,runner,1,2026-04-07
1775560500000,1775560500000,1775560560000,-1,4635.115,4639.195,4639.115,4.0,-4.079999999999927,-1.0199999999999818,1.212999999999738,-4.747000000000298,sl,runner,1,2026-04-07
1775570700000,1775570700000,1775570790000,-1,4624.214999999999,4613.145,4628.214999999999,4.0,11.0699999999988,2.7674999999997,13.502999999998792,-3.9370000000008076,trail,runner,1,2026-04-07
1775571000000,1775571000000,1775571010000,-1,4612.1449999999995,4616.224999999999,4616.1449999999995,4.0,-4.079999999999927,-1.0199999999999818,-0.6400000000003274,-4.007000000000517,sl,runner,1,2026-04-07
1775583600000,1775583600000,1775583630000,1,4680.002,4675.9220000000005,4676.002,4.0,-4.079999999999927,-1.0199999999999818,1.0059999999994034,-4.317000000000917,sl,runner,1,2026-04-07
1775589600000,1775589600000,1775589640000,1,4690.822,4698.788,4686.822,4.0,7.96599999999944,1.99149999999986,10.045999999999367,-3.106999999999971,trail,runner,1,2026-04-07
1775591400000,1775591400000,1775591500000,1,4706.9220000000005,4709.865,4702.9220000000005,4.0,2.9429999999993015,0.7357499999998254,5.022999999999229,-2.9940000000005966,trail,runner,1,2026-04-07
1775599500000,1775599500000,1775599510000,1,4745.195000000001,4741.115000000001,4741.195000000001,4.0,-4.079999999999927,-1.0199999999999818,-0.9700000000011642,-4.300000000001091,sl,runner,1,2026-04-08
1775601300000,1775601300000,1775601310000,1,4761.845,4757.765,4757.845,4.0,-4.079999999999927,-1.0199999999999818,-1.2100000000000364,-10.260000000000218,sl,runner,1,2026-04-08
1775601600000,1775601600000,1775601740000,1,4775.885,4771.805,4771.885,4.0,-4.079999999999927,-1.0199999999999818,3.5799999999999272,-4.8400000000001455,sl,runner,1,2026-04-08
1775602500000,1775602500000,1775602520000,1,4794.3150000000005,4798.9349999999995,4790.3150000000005,4.0,4.619999999998981,1.1549999999997453,6.699999999998909,-1.5400000000008731,trail,runner,1,2026-04-08
1775602800000,1775602800000,1775602810000,1,4819.272,4815.192,4815.272,4.0,-4.079999999999927,-1.0199999999999818,-0.32400000000052387,-5.207000000000335,sl,runner,1,2026-04-08
1775606400000,1775606400000,1775606410000,1,4834.502,4830.4220000000005,4830.502,4.0,-4.079999999999927,-1.0199999999999818,1.2659999999996217,-4.354000000000269,sl,runner,1,2026-04-08
1775606700000,1775606700000,1775606710000,1,4846.205,4842.125,4842.205,4.0,-4.079999999999927,-1.0199999999999818,-1.0169999999998254,-5.170000000000073,sl,runner,1,2026-04-08
1775641500000,1775641500000,1775641540000,-1,4782.115,4778.885,4786.115,4.0,3.2299999999995634,0.8074999999998909,5.4099999999998545,-2.537000000000262,trail,runner,1,2026-04-08
1775651100000,1775651100000,1775651110000,-1,4769.264999999999,4773.344999999999,4773.264999999999,4.0,-4.079999999999927,-1.0199999999999818,-1.0200000000004366,-6.540000000000873,sl,runner,1,2026-04-08
1775658600000,1775658600000,1775658650000,-1,4767.3949999999995,4764.8550000000005,4771.3949999999995,4.0,2.539999999999054,0.6349999999997635,4.6899999999996,-1.660000000000764,trail,runner,1,2026-04-08
1775658900000,1775658900000,1775658910000,-1,4753.844999999999,4757.924999999999,4757.844999999999,4.0,-4.079999999999927,-1.0199999999999818,-0.6300000000010186,-6.267000000000735,sl,runner,1,2026-04-08
1775660400000,1775660400000,1775660420000,-1,4735.804999999999,4739.884999999999,4739.804999999999,4.0,-4.079999999999927,-1.0199999999999818,-0.2070000000012442,-5.200000000000728,sl,runner,1,2026-04-08
1775674500000,1775674500000,1775674830000,-1,4707.4349999999995,4704.195,4711.4349999999995,4.0,3.2399999999997817,0.8099999999999454,5.319999999999709,-1.2100000000009459,trail,runner,1,2026-04-08
1775675100000,1775675100000,1775675230000,-1,4701.835,4705.915,4705.835,4.0,-4.079999999999927,-1.0199999999999818,1.699999999999818,-4.5770000000002256,sl,runner,1,2026-04-08
1775742000000,1775742000000,1775742200000,1,4770.785000000001,4774.595,4766.785000000001,4.0,3.8099999999994907,0.9524999999998727,5.889999999999418,-1.4500000000007276,trail,runner,1,2026-04-09
1775742300000,1775742300000,1775742410000,1,4776.462,4772.3820000000005,4772.462,4.0,-4.079999999999927,-1.0199999999999818,0.01299999999901047,-4.34400000000096,sl,runner,1,2026-04-09
1775748300000,1775748300000,1775748390000,1,4785.302000000001,4781.222000000001,4781.302000000001,4.0,-4.079999999999927,-1.0199999999999818,-0.827000000001135,-4.277000000000953,sl,runner,1,2026-04-09
1775748900000,1775748900000,1775748990000,1,4792.5650000000005,4795.155,4788.5650000000005,4.0,2.589999999999236,0.647499999999809,4.669999999999163,-0.8800000000010186,trail,runner,1,2026-04-09
1775824500000,1775824500000,1775824570000,1,4781.395,4777.3150000000005,4777.395,4.0,-4.079999999999927,-1.0199999999999818,0.6899999999995998,-10.94000000000051,sl,runner,1,2026-04-10
1775830800000,1775830800000,1775831550000,1,4788.975,4792.635,4784.975,4.0,3.6599999999998545,0.9149999999999636,5.739999999999782,-3.380000000000109,trail,runner,1,2026-04-10
1775837100000,1775837100000,1775837240000,-1,4753.554999999999,4750.025000000001,4757.554999999999,4.0,3.529999999998836,0.882499999999709,5.609999999998763,-2.3100000000004,trail,runner,1,2026-04-10
1776031500000,1776031500000,1776031510000,-1,4669.045,4673.125,4673.045,4.0,-4.079999999999927,-1.0199999999999818,-1.4070000000001528,-5.369999999999891,sl,runner,1,2026-04-13
1776088200000,1776088200000,1776088230000,1,4740.235000000001,4742.1849999999995,4736.235000000001,4.0,1.9499999999989086,0.48749999999972715,4.029999999998836,-1.8000000000010914,trail,runner,1,2026-04-13
1776163200000,1776163200000,1776163250000,-1,4762.875,4766.955,4766.875,4.0,-4.079999999999927,-1.0199999999999818,-0.07000000000061846,-4.789999999999964,sl,runner,1,2026-04-14
1776173700000,1776173700000,1776173920000,1,4794.955,4800.985,4790.955,4.0,6.029999999999745,1.5074999999999363,8.109999999999673,-3.0670000000000073,trail,runner,1,2026-04-14
1776176400000,1776176400000,1776176430000,1,4805.325000000001,4801.245000000001,4801.325000000001,4.0,-4.079999999999927,-1.0199999999999818,-0.5380000000004657,-6.9300000000012005,sl,runner,1,2026-04-14
1776177000000,1776177000000,1776177210000,1,4809.765,4813.885,4805.765,4.0,4.119999999999891,1.0299999999999727,6.199999999999818,-3.5600000000004,trail,runner,1,2026-04-14
1776186600000,1776186600000,1776186960000,1,4829.985000000001,4825.905000000001,4825.985000000001,4.0,-4.079999999999927,-1.0199999999999818,3.259999999999309,-4.080000000000837,sl,runner,1,2026-04-14
1776216000000,1776216000000,1776216050000,1,4864.665,4860.585,4860.665,4.0,-4.079999999999927,-1.0199999999999818,0.569999999999709,-11.3100000000004,sl,runner,1,2026-04-15
1776267300000,1776267300000,1776267370000,-1,4795.094999999999,4799.174999999999,4799.094999999999,4.0,-4.079999999999927,-1.0199999999999818,-0.5700000000006185,-5.330000000000837,sl,runner,1,2026-04-15
1776347700000,1776347700000,1776347740000,-1,4793.915,4788.635,4797.915,4.0,5.279999999999745,1.3199999999999363,8.389999999999418,-1.7070000000003347,trail,runner,1,2026-04-16
1776388500000,1776388500000,1776388530000,-1,4778.514999999999,4782.594999999999,4782.514999999999,4.0,-4.079999999999927,-1.0199999999999818,-0.6570000000010623,-4.137000000000626,sl,runner,1,2026-04-17
1776429600000,1776429600000,1776429970000,1,4823.175,4825.474999999999,4819.175,4.0,2.2999999999992724,0.5749999999998181,5.889999999999418,-1.8900000000003274,trail,runner,1,2026-04-17
1776430200000,1776430200000,1776430230000,1,4837.055,4832.975,4833.055,4.0,-4.079999999999927,-1.0199999999999818,-0.10700000000088039,-4.0900000000001455,sl,runner,1,2026-04-17
1776430500000,1776430500000,1776430700000,1,4843.655000000001,4839.575000000001,4839.655000000001,4.0,-4.079999999999927,-1.0199999999999818,3.0599999999994907,-4.1200000000008,sl,runner,1,2026-04-17
1776430800000,1776430800000,1776430810000,1,4846.955,4842.875,4842.955,4.0,-4.079999999999927,-1.0199999999999818,0.2899999999999636,-6.190000000000509,sl,runner,1,2026-04-17
1776431400000,1776431400000,1776431490000,1,4863.1050000000005,4877.148,4859.1050000000005,4.0,14.042999999999665,3.5107499999999163,16.279999999999745,-1.480000000000473,trail,runner,1,2026-04-17
1776431700000,1776431700000,1776431750000,1,4883.5650000000005,4879.485000000001,4879.5650000000005,4.0,-4.079999999999927,-1.0199999999999818,-0.11000000000058208,-4.880000000001019,sl,runner,1,2026-04-17
1776636300000,1776636300000,1776636310000,-1,4773.674999999999,4777.754999999999,4777.674999999999,4.0,-4.079999999999927,-1.0199999999999818,-1.390000000001237,-6.0000000000009095,sl,runner,1,2026-04-20
1776642300000,1776642300000,1776642340000,-1,4751.844999999999,4745.3150000000005,4755.844999999999,4.0,6.529999999998836,1.632499999999709,8.6899999999996,-1.2370000000009895,trail,runner,1,2026-04-20
1776751500000,1776751500000,1776751770000,-1,4782.455,4786.535,4786.455,4.0,-4.079999999999927,-1.0199999999999818,2.219999999999345,-5.539999999999964,sl,runner,1,2026-04-21
1776777300000,1776777300000,1776777360000,-1,4764.985,4769.065,4768.985,4.0,-4.079999999999927,-1.0199999999999818,2.709999999999127,-4.910000000000764,sl,runner,1,2026-04-21
1776782700000,1776782700000,1776782820000,-1,4744.525,4731.075,4748.525,4.0,13.449999999999818,3.3624999999999545,16.06999999999971,-1.6500000000005457,trail,runner,1,2026-04-21
1776783000000,1776783000000,1776783120000,-1,4727.525,4731.605,4731.525,4.0,-4.079999999999927,-1.0199999999999818,3.339999999999236,-4.390000000000327,sl,runner,1,2026-04-21
1776791700000,1776791700000,1776792020000,-1,4706.025,4702.345,4710.025,4.0,3.6799999999993815,0.9199999999998454,5.759999999999309,-3.1200000000008004,trail,runner,1,2026-04-21
1776800700000,1776800700000,1776800720000,-1,4671.695,4675.775,4675.695,4.0,-4.079999999999927,-1.0199999999999818,-0.07000000000061846,-5.760000000000218,sl,runner,1,2026-04-21
1776868500000,1776868500000,1776868560000,-1,4735.565,4732.844,4739.565,4.0,2.720999999999549,0.6802499999998872,4.800999999999476,-2.030000000000655,trail,runner,1,2026-04-22
1776903300000,1776903300000,1776903400000,-1,4699.1849999999995,4696.885,4703.1849999999995,4.0,2.2999999999992724,0.5749999999998181,4.3799999999992,-1.6900000000005093,trail,runner,1,2026-04-23
1776945900000,1776945900000,1776946010000,1,4730.785000000001,4735.675,4726.785000000001,4.0,4.889999999999418,1.2224999999998545,7.70299999999861,-0.770000000001346,trail,runner,1,2026-04-23
1776964200000,1776964200000,1776964280000,-1,4710.325,4714.405,4714.325,4.0,-4.079999999999927,-1.0199999999999818,3.9799999999995634,-4.030000000000655,sl,runner,1,2026-04-23
1776966000000,1776966000000,1776966040000,-1,4698.634999999999,4696.095,4702.634999999999,4.0,2.539999999999054,0.6349999999997635,4.619999999998981,-1.0700000000006185,trail,runner,1,2026-04-23
1776966300000,1776966300000,1776966340000,-1,4677.325,4673.715,4681.325,4.0,3.6099999999996726,0.9024999999999181,5.6899999999996,-1.2800000000006548,trail,runner,1,2026-04-23
1777029900000,1777029900000,1777030070000,1,4710.135,4712.235,4706.135,4.0,2.0999999999994543,0.5249999999998636,4.1799999999993815,-3.7600000000002183,trail,runner,1,2026-04-24
1777030200000,1777030200000,1777030260000,1,4715.905000000001,4711.825000000001,4711.905000000001,4.0,-4.079999999999927,-1.0199999999999818,0.8799999999991996,-5.420000000000982,sl,runner,1,2026-04-24
1777039800000,1777039800000,1777039950000,1,4728.675,4734.6449999999995,4724.675,4.0,5.969999999999345,1.4924999999998363,8.049999999999272,-3.3299999999999272,trail,runner,1,2026-04-24
1777040100000,1777040100000,1777040140000,1,4731.575000000001,4727.495000000001,4727.575000000001,4.0,-4.079999999999927,-1.0199999999999818,-0.340000000001055,-4.720000000001164,sl,runner,1,2026-04-24
1777241400000,1777241400000,1777241500000,-1,4681.554999999999,4685.634999999999,4685.554999999999,4.0,-4.079999999999927,-1.0199999999999818,0.8499999999994543,-4.860000000000582,sl,runner,1,2026-04-27
1777354800000,1777354800000,1777354820000,-1,4637.525,4632.115,4641.525,4.0,5.4099999999998545,1.3524999999999636,8.889999999999418,-0.8500000000003638,trail,runner,1,2026-04-28
1777355100000,1777355100000,1777355110000,-1,4624.355,4628.4349999999995,4628.355,4.0,-4.079999999999927,-1.0199999999999818,-0.8000000000001819,-4.110000000000582,sl,runner,1,2026-04-28
1777363500000,1777363500000,1777363790000,-1,4619.9349999999995,4624.014999999999,4623.9349999999995,4.0,-4.079999999999927,-1.0199999999999818,3.5299999999997453,-5.507000000000517,sl,runner,1,2026-04-28
1777376400000,1777376400000,1777376460000,-1,4569.594999999999,4573.674999999999,4573.594999999999,4.0,-4.079999999999927,-1.0199999999999818,0.9499999999989086,-4.010000000001128,sl,runner,1,2026-04-28
1777377000000,1777377000000,1777377040000,-1,4558.804999999999,4562.884999999999,4562.804999999999,4.0,-4.079999999999927,-1.0199999999999818,-0.6200000000008004,-4.8770000000004075,sl,runner,1,2026-04-28
1777469700000,1777469700000,1777470020000,-1,4532.6849999999995,4526.575,4536.6849999999995,4.0,6.109999999999673,1.5274999999999181,9.029999999999745,-1.7800000000006548,trail,runner,1,2026-04-29
1777470300000,1777470300000,1777470620000,-1,4514.415,4518.495,4518.415,4.0,-4.079999999999927,-1.0199999999999818,3.869999999999891,-4.949999999999818,sl,runner,1,2026-04-29
1777536300000,1777536300000,1777536360000,1,4627.835,4623.755,4623.835,4.0,-4.079999999999927,-1.0199999999999818,1.6599999999998545,-5.947000000000116,sl,runner,1,2026-04-30
1777557600000,1777557600000,1777557640000,-1,4610.415,4614.495,4614.415,4.0,-4.079999999999927,-1.0199999999999818,0.6199999999998909,-4.610000000000582,sl,runner,1,2026-04-30
1777638300000,1777638300000,1777638400000,1,4597.935,4605.055,4593.935,4.0,7.119999999999891,1.7799999999999727,9.199999999999818,-0.7500000000009095,trail,runner,1,2026-05-01
1777638600000,1777638600000,1777638630000,1,4603.395,4599.3150000000005,4599.395,4.0,-4.079999999999927,-1.0199999999999818,-0.28000000000065484,-4.350000000000364,sl,runner,1,2026-05-01
1777643100000,1777643100000,1777643150000,1,4608.635,4604.555,4604.635,4.0,-4.079999999999927,-1.0199999999999818,0.37999999999919964,-4.410000000000764,sl,runner,1,2026-05-01
1777643700000,1777643700000,1777643750000,1,4617.445000000001,4626.115,4613.445000000001,4.0,8.669999999999163,2.167499999999791,10.8799999999992,-1.2600000000011278,trail,runner,1,2026-05-01
1777644000000,1777644000000,1777644030000,1,4626.125,4628.558,4622.125,4.0,2.4329999999999927,0.6082499999999982,4.51299999999992,-2.0799999999999272,trail,runner,1,2026-05-01
1777644300000,1777644300000,1777644420000,1,4635.365000000001,4638.085,4631.365000000001,4.0,2.719999999999345,0.6799999999998363,4.799999999999272,-2.9400000000005093,trail,runner,1,2026-05-01
1777644900000,1777644900000,1777645110000,1,4656.635,4652.555,4652.635,4.0,-4.079999999999927,-1.0199999999999818,3.3799999999991996,-4.760000000000218,sl,runner,1,2026-05-01
1777889100000,1777889100000,1777889150000,-1,4560.035,4550.915,4564.035,4.0,9.11999999999989,2.2799999999999727,11.210000000000036,-0.75,trail,runner,1,2026-05-04
1777889400000,1777889400000,1777889580000,-1,4547.004999999999,4540.695,4551.004999999999,4.0,6.309999999999491,1.5774999999998727,8.389999999999418,-2.3300000000008367,trail,runner,1,2026-05-04
1777889700000,1777889700000,1777889750000,-1,4541.6449999999995,4539.505,4545.6449999999995,4.0,2.139999999999418,0.5349999999998545,4.219999999999345,-1.5500000000010914,trail,runner,1,2026-05-04
1777908000000,1777908000000,1777908020000,-1,4539.415,4537.495,4543.415,4.0,1.9200000000000728,0.4800000000000182,6.899999999999636,-2.280000000000655,trail,runner,1,2026-05-04
1777908300000,1777908300000,1777908360000,-1,4521.335,4518.635,4525.335,4.0,2.699999999999818,0.6749999999999545,4.779999999999745,-0.9200000000000728,trail,runner,1,2026-05-04
1777911000000,1777911000000,1777911040000,-1,4509.974999999999,4507.395,4513.974999999999,4.0,2.5799999999990177,0.6449999999997544,4.659999999998945,-1.430000000000291,trail,runner,1,2026-05-04
1777983300000,1777983300000,1777983600000,1,4565.585,4561.505,4561.585,4.0,-4.079999999999927,-1.0199999999999818,0.8499999999994543,-4.5900000000001455,sl,runner,1,2026-05-05
1778022000000,1778022000000,1778022050000,1,4574.395,4570.3150000000005,4570.395,4.0,-4.079999999999927,-1.0199999999999818,-0.3470000000006621,-4.60700000000088,sl,runner,1,2026-05-06
1778022600000,1778022600000,1778022790000,1,4580.222000000001,4585.325,4576.222000000001,4.0,5.102999999999156,1.275749999999789,7.362999999999374,-2.947000000001026,trail,runner,1,2026-05-06
1778022900000,1778022900000,1778022970000,1,4589.582,4585.502,4585.582,4.0,-4.079999999999927,-1.0199999999999818,-0.37700000000040745,-4.227000000000771,sl,runner,1,2026-05-06
1778057700000,1778057700000,1778057880000,1,4697.735000000001,4693.655000000001,4693.735000000001,4.0,-4.079999999999927,-1.0199999999999818,3.2499999999990905,-4.700000000000728,sl,runner,1,2026-05-06
1778064900000,1778064900000,1778064930000,1,4722.175,4718.095,4718.175,4.0,-4.079999999999927,-1.0199999999999818,-0.5,-4.280000000000655,sl,runner,1,2026-05-06
1778070000000,1778070000000,1778070030000,-1,4670.375,4674.455,4674.375,4.0,-4.079999999999927,-1.0199999999999818,0.4399999999995998,-5.730000000000473,sl,runner,1,2026-05-06
1778116800000,1778116800000,1778116920000,1,4713.1050000000005,4709.025000000001,4709.1050000000005,4.0,-4.079999999999927,-1.0199999999999818,-0.1500000000005457,-4.600000000000364,sl,runner,1,2026-05-07
1778136000000,1778136000000,1778136070000,1,4743.045,4745.285,4739.045,4.0,2.2399999999997817,0.5599999999999454,4.319999999999709,-0.7269999999998618,trail,runner,1,2026-05-07
1778136300000,1778136300000,1778136400000,1,4746.045,4741.965,4742.045,4.0,-4.079999999999927,-1.0199999999999818,0.7599999999993088,-4.630000000000109,sl,runner,1,2026-05-07
1778169900000,1778169900000,1778170120000,-1,4723.905,4721.575,4727.905,4.0,2.3299999999999272,0.5824999999999818,4.4099999999998545,-1.6900000000005093,trail,runner,1,2026-05-07
1778170200000,1778170200000,1778170590000,-1,4717.455,4713.625,4721.455,4.0,3.8299999999999272,0.9574999999999818,5.9099999999998545,-3.3299999999999272,trail,runner,1,2026-05-07
1778170800000,1778170800000,1778170820000,-1,4706.105,4710.1849999999995,4710.105,4.0,-4.079999999999927,-1.0199999999999818,-0.5400000000008731,-4.600000000000364,sl,runner,1,2026-05-07
1778175000000,1778175000000,1778175040000,-1,4698.844999999999,4696.385,4702.844999999999,4.0,2.459999999999127,0.6149999999997817,4.539999999999054,-0.8500000000012733,trail,runner,1,2026-05-07
1778225100000,1778225100000,1778225150000,-1,4705.245,4699.595,4709.245,4.0,5.649999999999636,1.412499999999909,7.729999999999563,-0.8800000000001091,trail,runner,1,2026-05-08
1778247300000,1778247300000,1778247360000,1,4739.6050000000005,4742.035,4735.6050000000005,4.0,2.4299999999993815,0.6074999999998454,4.509999999999309,-1.1900000000005093,trail,runner,1,2026-05-08
1778248800000,1778248800000,1778248840000,1,4748.415,4744.335,4744.415,4.0,-4.079999999999927,-1.0199999999999818,0.7799999999997453,-4.9099999999998545,sl,runner,1,2026-05-08
1778450700000,1778450700000,1778450850000,-1,4686.554999999999,4682.585,4690.554999999999,4.0,3.969999999999345,0.9924999999998363,6.049999999999272,-1.2200000000011642,trail,runner,1,2026-05-11
1778478900000,1778478900000,1778479010000,-1,4654.115,4650.695,4658.115,4.0,3.4200000000000728,0.8550000000000182,5.5,-1.0170000000007349,trail,runner,1,2026-05-11
1778479200000,1778479200000,1778479370000,-1,4652.025,4656.105,4656.025,4.0,-4.079999999999927,-1.0199999999999818,2.2799999999997453,-4.610000000000582,sl,runner,1,2026-05-11
1778505300000,1778505300000,1778505440000,1,4721.505,4725.515,4717.505,4.0,4.010000000000218,1.0025000000000546,6.0900000000001455,-1.2700000000004366,trail,runner,1,2026-05-11
1778505600000,1778505600000,1778505690000,1,4727.945000000001,4730.795,4723.945000000001,4.0,2.8499999999994543,0.7124999999998636,4.9299999999993815,-0.7300000000004729,trail,runner,1,2026-05-11
1778505900000,1778505900000,1778506170000,1,4731.485000000001,4727.405000000001,4727.485000000001,4.0,-4.079999999999927,-1.0199999999999818,2.3799999999991996,-4.230000000000473,sl,runner,1,2026-05-11
1778550000000,1778550000000,1778550290000,-1,4724.455,4728.535,4728.455,4.0,-4.079999999999927,-1.0199999999999818,3.569999999999709,-5.6599999999998545,sl,runner,1,2026-05-12
1778565900000,1778565900000,1778566650000,-1,4706.495,4703.005,4710.495,4.0,3.4899999999997817,0.8724999999999454,5.569999999999709,-3.4600000000000364,trail,runner,1,2026-05-12
1778594400000,1778594400000,1778594520000,-1,4679.054999999999,4683.134999999999,4683.054999999999,4.0,-4.079999999999927,-1.0199999999999818,2.5699999999987995,-5.257000000000517,sl,runner,1,2026-05-12
1778598900000,1778598900000,1778599110000,-1,4664.224999999999,4661.655,4668.224999999999,4.0,2.569999999999709,0.6424999999999272,4.649999999999636,-2.3870000000006257,trail,runner,1,2026-05-12
1778599500000,1778599500000,1778599530000,-1,4642.775,4646.855,4646.775,4.0,-4.079999999999927,-1.0199999999999818,3.889999999999418,-4.200000000000728,sl,runner,1,2026-05-12
1778675700000,1778675700000,1778675750000,-1,4682.195,4686.275,4686.195,4.0,-4.079999999999927,-1.0199999999999818,0.06999999999970896,-4.300000000000182,sl,runner,1,2026-05-13
1778679600000,1778679600000,1778679650000,-1,4674.004999999999,4678.084999999999,4678.004999999999,4.0,-4.079999999999927,-1.0199999999999818,0.17999999999938154,-5.387000000000626,sl,runner,1,2026-05-13
1778680200000,1778680200000,1778680340000,-1,4672.6849999999995,4676.764999999999,4676.6849999999995,4.0,-4.079999999999927,-1.0199999999999818,2.1999999999989086,-4.347000000000662,sl,runner,1,2026-05-13
1778733300000,1778733300000,1778733630000,1,4709.755,4705.675,4705.755,4.0,-4.079999999999927,-1.0199999999999818,2.632999999999811,-4.007000000000517,sl,runner,1,2026-05-14
1778765700000,1778765700000,1778766040000,-1,4683.905,4678.665,4687.905,4.0,5.239999999999782,1.3099999999999454,7.319999999999709,-3.9970000000002983,trail,runner,1,2026-05-14
1778766300000,1778766300000,1778766320000,-1,4676.585,4680.665,4680.585,4.0,-4.079999999999927,-1.0199999999999818,0.1999999999998181,-5.350000000000364,sl,runner,1,2026-05-14
1778805000000,1778805000000,1778805070000,-1,4629.665,4625.6720000000005,4633.665,4.0,3.9929999999994834,0.9982499999998709,6.072999999999411,-1.5200000000004366,trail,runner,1,2026-05-15
1778805300000,1778805300000,1778805600000,-1,4623.705,4621.0650000000005,4627.705,4.0,2.639999999999418,0.6599999999998545,4.719999999999345,-1.5900000000001455,trail,runner,1,2026-05-15
1778807400000,1778807400000,1778807640000,-1,4609.798,4613.878,4613.798,4.0,-4.079999999999927,-1.0199999999999818,1.6529999999993379,-4.29700000000048,sl,runner,1,2026-05-15
1778823300000,1778823300000,1778823400000,-1,4569.085,4566.845,4573.085,4.0,2.2399999999997817,0.5599999999999454,4.319999999999709,-1.3100000000004002,trail,runner,1,2026-05-15
1778824800000,1778824800000,1778824920000,-1,4558.344999999999,4562.424999999999,4562.344999999999,4.0,-4.079999999999927,-1.0199999999999818,1.4699999999993452,-5.550000000001091,sl,runner,1,2026-05-15
1778836500000,1778836500000,1778836570000,-1,4546.9349999999995,4544.555,4550.9349999999995,4.0,2.3799999999991996,0.5949999999997999,4.509999999999309,-2.780000000000655,trail,runner,1,2026-05-15
1778852400000,1778852400000,1778852500000,-1,4528.315,4525.342000000001,4532.315,4.0,2.972999999999047,0.7432499999997617,5.072999999999411,-3.417000000000371,trail,runner,1,2026-05-15
1778852700000,1778852700000,1778852770000,-1,4519.6849999999995,4514.3150000000005,4523.6849999999995,4.0,5.369999999998981,1.3424999999997453,7.449999999998909,-1.7000000000007276,trail,runner,1,2026-05-15
1779063000000,1779063000000,1779063080000,-1,4523.525,4527.605,4527.525,4.0,-4.079999999999927,-1.0199999999999818,-0.7700000000004366,-4.460000000000946,sl,runner,1,2026-05-18
1779063900000,1779063900000,1779064010000,-1,4516.958,4521.038,4520.958,4.0,-4.079999999999927,-1.0199999999999818,-0.6770000000005894,-4.367000000000189,sl,runner,1,2026-05-18
1779064200000,1779064200000,1779064290000,-1,4515.325,4519.405,4519.325,4.0,-4.079999999999927,-1.0199999999999818,0.42000000000007276,-4.140000000000327,sl,runner,1,2026-05-18
1779064500000,1779064500000,1779064510000,-1,4491.844999999999,4495.924999999999,4495.844999999999,4.0,-4.079999999999927,-1.0199999999999818,-0.8800000000010186,-7.840000000001055,sl,runner,1,2026-05-18
1779065100000,1779065100000,1779065160000,-1,4481.018,4485.098,4485.018,4.0,-4.079999999999927,-1.0199999999999818,0.21299999999973807,-4.766999999999825,sl,runner,1,2026-05-18
1779075900000,1779075900000,1779075960000,1,4545.975,4541.895,4541.975,4.0,-4.079999999999927,-1.0199999999999818,1.639999999999418,-4.740000000000691,sl,runner,1,2026-05-18
1779089700000,1779089700000,1779090080000,1,4555.135,4551.055,4551.135,4.0,-4.079999999999927,-1.0199999999999818,-0.18000000000029104,-4.480000000000473,sl,runner,1,2026-05-18
1779104700000,1779104700000,1779104770000,1,4562.625,4558.545,4558.625,4.0,-4.079999999999927,-1.0199999999999818,1.639999999999418,-4.430000000000291,sl,runner,1,2026-05-18
1779108300000,1779108300000,1779108570000,1,4569.915,4572.745,4565.915,4.0,2.8299999999999272,0.7074999999999818,4.9099999999998545,-2.069999999999709,trail,runner,1,2026-05-18
1779108600000,1779108600000,1779108700000,1,4572.6050000000005,4568.525000000001,4568.6050000000005,4.0,-4.079999999999927,-1.0199999999999818,1.2799999999997453,-4.300000000001091,sl,runner,1,2026-05-18
1779112500000,1779112500000,1779112690000,1,4583.865000000001,4579.785000000001,4579.865000000001,4.0,-4.079999999999927,-1.0199999999999818,0.0999999999994543,-4.0700000000006185,sl,runner,1,2026-05-18
1779197100000,1779197100000,1779197190000,-1,4504.724999999999,4502.585,4508.724999999999,4.0,2.139999999999418,0.5349999999998545,4.739999999998872,-0.5800000000008367,trail,runner,1,2026-05-19
1779197400000,1779197400000,1779197410000,-1,4491.964999999999,4496.044999999999,4495.964999999999,4.0,-4.079999999999927,-1.0199999999999818,-0.2970000000013897,-4.257000000000517,sl,runner,1,2026-05-19
1779197700000,1779197700000,1779197720000,-1,4481.285,4478.312,4485.285,4.0,2.9729999999999563,0.7432499999999891,6.063000000000102,-1.3969999999999345,trail,runner,1,2026-05-19
1779237000000,1779237000000,1779237080000,1,4502.575000000001,4505.035,4498.575000000001,4.0,2.459999999999127,0.6149999999997817,4.539999999999054,-1.110000000000582,trail,runner,1,2026-05-20
1779237300000,1779237300000,1779237520000,1,4503.635,4499.555,4499.635,4.0,-4.079999999999927,-1.0199999999999818,1.7399999999997817,-4.140000000000327,sl,runner,1,2026-05-20
1779240600000,1779240600000,1779240630000,-1,4473.295,4471.3550000000005,4477.295,4.0,1.9399999999995998,0.48499999999989996,4.019999999999527,-1.699999999999818,trail,runner,1,2026-05-20
1779287700000,1779287700000,1779287730000,1,4525.115000000001,4521.035000000001,4521.115000000001,4.0,-4.079999999999927,-1.0199999999999818,1.5399999999990541,-4.470000000001164,sl,runner,1,2026-05-20
1779288900000,1779288900000,1779288990000,1,4529.955,4534.8949999999995,4525.955,4.0,4.9399999999996,1.2349999999999,7.019999999999527,-1.5900000000001455,trail,runner,1,2026-05-20
1779289200000,1779289200000,1779289590000,1,4531.985000000001,4527.905000000001,4527.985000000001,4.0,-4.079999999999927,-1.0199999999999818,3.332999999999629,-4.117000000001099,sl,runner,1,2026-05-20
1779290400000,1779290400000,1779290480000,1,4543.825000000001,4539.745000000001,4539.825000000001,4.0,-4.079999999999927,-1.0199999999999818,1.1829999999990832,-4.020000000001346,sl,runner,1,2026-05-20
1779326100000,1779326100000,1779326620000,1,4560.525000000001,4565.355,4556.525000000001,4.0,4.829999999999018,1.2074999999997544,6.909999999998945,-3.660000000000764,trail,runner,1,2026-05-21
1779369600000,1779369600000,1779369660000,-1,4498.735,4502.815,4502.735,4.0,-4.079999999999927,-1.0199999999999818,-0.17000000000007276,-4.137000000000626,sl,runner,1,2026-05-21
1779384000000,1779384000000,1779384070000,1,4535.785000000001,4541.775,4531.785000000001,4.0,5.989999999998872,1.497499999999718,8.0699999999988,-0.8100000000013097,trail,runner,1,2026-05-21
1779412200000,1779412200000,1779412350000,-1,4525.014999999999,4529.094999999999,4529.014999999999,4.0,-4.079999999999927,-1.0199999999999818,-0.13000000000101863,-4.010000000001128,sl,runner,1,2026-05-22
1779458700000,1779458700000,1779459240000,-1,4507.6449999999995,4502.535,4511.6449999999995,4.0,5.109999999999673,1.2774999999999181,8.089999999999236,-3.7500000000009095,trail,runner,1,2026-05-22
1779459300000,1779459300000,1779459430000,-1,4497.3949999999995,4495.1050000000005,4501.3949999999995,4.0,2.289999999999054,0.5724999999997635,4.369999999998981,-3.6200000000008004,trail,runner,1,2026-05-22
1779660600000,1779660600000,1779661020000,1,4554.985000000001,4550.905000000001,4550.985000000001,4.0,-4.079999999999927,-1.0199999999999818,2.472999999999047,-5.247000000001208,sl,runner,1,2026-05-25
1779795600000,1779795600000,1779795800000,-1,4510.575,4507.5650000000005,4514.575,4.0,3.009999999999309,0.7524999999998272,5.619999999999891,-3.100000000000364,trail,runner,1,2026-05-26
1779879000000,1779879000000,1779879130000,-1,4448.375,4446.135,4452.375,4.0,2.2399999999997817,0.5599999999999454,4.319999999999709,-2.380000000000109,trail,runner,1,2026-05-27
1779881700000,1779881700000,1779881820000,-1,4436.665,4440.745,4440.665,4.0,-4.079999999999927,-1.0199999999999818,1.532999999999447,-4.510000000000218,sl,runner,1,2026-05-27
1779887400000,1779887400000,1779887500000,-1,4414.285,4418.365,4418.285,4.0,-4.079999999999927,-1.0199999999999818,1.6899999999995998,-4.3770000000004075,sl,runner,1,2026-05-27
1779888600000,1779888600000,1779888610000,-1,4404.504999999999,4408.584999999999,4408.504999999999,4.0,-4.079999999999927,-1.0199999999999818,-0.24000000000069122,-4.6200000000008,sl,runner,1,2026-05-27
1779931800000,1779931800000,1779931870000,-1,4418.745,4422.825,4422.745,4.0,-4.079999999999927,-1.0199999999999818,1.1700000000000728,-4.619999999999891,sl,runner,1,2026-05-28
1779933300000,1779933300000,1779933610000,-1,4408.575,4412.655,4412.575,4.0,-4.079999999999927,-1.0199999999999818,1.2399999999997817,-4.720000000000255,sl,runner,1,2026-05-28
1779933900000,1779933900000,1779934010000,-1,4403.647999999999,4407.727999999999,4407.647999999999,4.0,-4.079999999999927,-1.0199999999999818,0.4929999999994834,-4.177000000000589,sl,runner,1,2026-05-28
1779934500000,1779934500000,1779934600000,-1,4402.147999999999,4406.227999999999,4406.147999999999,4.0,-4.079999999999927,-1.0199999999999818,-0.8070000000006985,-4.037000000001171,sl,runner,1,2026-05-28
1779973200000,1779973200000,1779973210000,1,4432.775000000001,4428.695000000001,4428.775000000001,4.0,-4.079999999999927,-1.0199999999999818,0.3099999999994907,-4.0600000000004,sl,runner,1,2026-05-28
1779977700000,1779977700000,1779977710000,1,4464.875,4460.795,4460.875,4.0,-4.079999999999927,-1.0199999999999818,0.6799999999993815,-5.110000000000582,sl,runner,1,2026-05-28
1780063500000,1780063500000,1780063790000,1,4548.505,4550.4349999999995,4544.505,4.0,1.9299999999993815,0.4824999999998454,4.009999999999309,-2.4700000000002547,trail,runner,1,2026-05-29
1780063800000,1780063800000,1780064010000,1,4551.375,4547.295,4547.375,4.0,-4.079999999999927,-1.0199999999999818,0.9399999999995998,-4.949999999999818,sl,runner,1,2026-05-29
1780066500000,1780066500000,1780066550000,1,4557.525000000001,4561.005,4553.525000000001,4.0,3.4799999999995634,0.8699999999998909,5.559999999999491,-2.0800000000008367,trail,runner,1,2026-05-29
1780067100000,1780067100000,1780067160000,1,4578.8820000000005,4574.802000000001,4574.8820000000005,4.0,-4.079999999999927,-1.0199999999999818,3.0129999999990105,-4.217000000000553,sl,runner,1,2026-05-29
1780067400000,1780067400000,1780067490000,1,4588.395,4591.925,4584.395,4.0,3.5299999999997453,0.8824999999999363,6.029999999999745,-2.8100000000004,trail,runner,1,2026-05-29
1780067700000,1780067700000,1780067720000,1,4591.915,4587.835,4587.915,4.0,-4.079999999999927,-1.0199999999999818,-1.2799999999997453,-4.369999999999891,sl,runner,1,2026-05-29
1780265100000,1780265100000,1780265270000,-1,4520.405,4524.485,4524.405,4.0,-4.079999999999927,-1.0199999999999818,0.10299999999915599,-4.04700000000048,sl,runner,1,2026-06-01
